work_id,mp_name,mp_house,constituency,state,district,block,village,implementing_agency,work_type,work_description,sanctioned_amount,released_amount,expenditure,balance_amount,work_status,recommendation_date,sanction_date,completion_date,financial_year,latitude,longitude,is_demo
MPLADS-2023-MH-042,Murlidhar Mohol,Lok Sabha,Pune (Lok Sabha),Maharashtra,Pune,Baramati,Karhati,Zilla Parishad Pune,Community Infrastructure,"Construction of multipurpose community hall in Karhati (CAG ANOMALY: Cost 4.2x peer median, completed in 15 days)",9250000.0,9250000.0,9250000.0,0.0,Completed,2023-05-15,2023-06-10,2023-06-25,2023-24,18.1524,74.5772,True
MPLADS-2023-KA-088,Yaduveer Krishnadatta Chamaraja Wadiyar,Lok Sabha,Mysore (Lok Sabha),Karnataka,Mysuru,Hunsur,Bilikere,Zilla Panchayat Mysuru,Primary Health Sub-Center & Medical,"Upgradation of primary health sub-center with maternity care room at Bilikere (CAG ANOMALY: Sanctioned >2 yrs ago, 100% advance released, only 4.8% spent)",4600000.0,4600000.0,220000.0,4380000.0,Stalled,2022-07-10,2022-08-15,,2022-23,12.337,76.438,True
MPLADS-2023-WB-203,Jagannath Sarkar,Lok Sabha,Ranaghat (Lok Sabha),West Bengal,Nadia,Ranaghat-I,Santipur Road,Public Health Engineering WB,Drinking Water Facility,Installation of 1000 LPH RO drinking water filtration unit (CAG ANOMALY: 98.7% expenditure disbursed without milestone completion certificates),1600000.0,1600000.0,1580000.0,20000.0,Sanctioned,2023-06-01,2023-07-15,,2023-24,23.215,88.568,True
MPLADS-2023-TN-164,Ganapathi P. Rajkumar,Lok Sabha,Coimbatore (Lok Sabha),Tamil Nadu,Coimbatore,Pollachi,Annamalai,Tamil Nadu PWD,Rural Road & Culvert,"Construction of cement concrete (CC) internal village road (CAG ANOMALY: Negative balance, expenditure > sanctioned, completion date prior to sanction)",2500000.0,2500000.0,3250000.0,-750000.0,Completed,2023-08-01,2023-09-15,2023-03-10,2023-24,10.658,77.008,True
MPLADS-2023-UP-CL01,Narendra Modi,Lok Sabha,Varanasi (Lok Sabha),Uttar Pradesh,Varanasi,Sevapuri,Kashi-Puram,M/s Purvanchal InfraTech Services,Solar & Public Lighting,Installation of high-density solar street illumination cluster unit #1 in Kashi-Puram (CAG ANOMALY: Tender splitting & single-agency cartel),980000.0,980000.0,965000.0,15000.0,Completed,2023-07-01,2023-08-01,2023-10-15,2023-24,25.319499999999998,82.9725,True
MPLADS-2023-UP-CL02,Narendra Modi,Lok Sabha,Varanasi (Lok Sabha),Uttar Pradesh,Varanasi,Sevapuri,Kashi-Puram,M/s Purvanchal InfraTech Services,Solar & Public Lighting,Installation of high-density solar street illumination cluster unit #2 in Kashi-Puram (CAG ANOMALY: Tender splitting & single-agency cartel),980000.0,980000.0,965000.0,15000.0,Completed,2023-07-01,2023-08-01,2023-10-15,2023-24,25.32,82.973,True
MPLADS-2023-UP-CL03,Narendra Modi,Lok Sabha,Varanasi (Lok Sabha),Uttar Pradesh,Varanasi,Sevapuri,Kashi-Puram,M/s Purvanchal InfraTech Services,Solar & Public Lighting,Installation of high-density solar street illumination cluster unit #3 in Kashi-Puram (CAG ANOMALY: Tender splitting & single-agency cartel),980000.0,980000.0,965000.0,15000.0,Completed,2023-07-01,2023-08-01,2023-10-15,2023-24,25.3205,82.97349999999999,True
MPLADS-2023-UP-CL04,Narendra Modi,Lok Sabha,Varanasi (Lok Sabha),Uttar Pradesh,Varanasi,Sevapuri,Kashi-Puram,M/s Purvanchal InfraTech Services,Solar & Public Lighting,Installation of high-density solar street illumination cluster unit #4 in Kashi-Puram (CAG ANOMALY: Tender splitting & single-agency cartel),980000.0,980000.0,965000.0,15000.0,Completed,2023-07-01,2023-08-01,2023-10-15,2023-24,25.320999999999998,82.97399999999999,True
MPLADS-2023-UP-CL05,Narendra Modi,Lok Sabha,Varanasi (Lok Sabha),Uttar Pradesh,Varanasi,Sevapuri,Kashi-Puram,M/s Purvanchal InfraTech Services,Solar & Public Lighting,Installation of high-density solar street illumination cluster unit #5 in Kashi-Puram (CAG ANOMALY: Tender splitting & single-agency cartel),980000.0,980000.0,965000.0,15000.0,Completed,2023-07-01,2023-08-01,2023-10-15,2023-24,25.3215,82.97449999999999,True
MPLADS-2023-UP-CL06,Narendra Modi,Lok Sabha,Varanasi (Lok Sabha),Uttar Pradesh,Varanasi,Sevapuri,Kashi-Puram,M/s Purvanchal InfraTech Services,Solar & Public Lighting,Installation of high-density solar street illumination cluster unit #6 in Kashi-Puram (CAG ANOMALY: Tender splitting & single-agency cartel),980000.0,980000.0,965000.0,15000.0,Completed,2023-07-01,2023-08-01,2023-10-15,2023-24,25.322,82.975,True
MPLADS-2023-UP-CL07,Narendra Modi,Lok Sabha,Varanasi (Lok Sabha),Uttar Pradesh,Varanasi,Sevapuri,Kashi-Puram,M/s Purvanchal InfraTech Services,Solar & Public Lighting,Installation of high-density solar street illumination cluster unit #7 in Kashi-Puram (CAG ANOMALY: Tender splitting & single-agency cartel),980000.0,980000.0,965000.0,15000.0,Completed,2023-07-01,2023-08-01,2023-10-15,2023-24,25.322499999999998,82.9755,True
MPLADS-2023-UP-CL08,Narendra Modi,Lok Sabha,Varanasi (Lok Sabha),Uttar Pradesh,Varanasi,Sevapuri,Kashi-Puram,M/s Purvanchal InfraTech Services,Solar & Public Lighting,Installation of high-density solar street illumination cluster unit #8 in Kashi-Puram (CAG ANOMALY: Tender splitting & single-agency cartel),980000.0,980000.0,965000.0,15000.0,Completed,2023-07-01,2023-08-01,2023-10-15,2023-24,25.323,82.976,True
MPLADS-2023-UP-CL09,Narendra Modi,Lok Sabha,Varanasi (Lok Sabha),Uttar Pradesh,Varanasi,Sevapuri,Kashi-Puram,M/s Purvanchal InfraTech Services,Solar & Public Lighting,Installation of high-density solar street illumination cluster unit #9 in Kashi-Puram (CAG ANOMALY: Tender splitting & single-agency cartel),980000.0,980000.0,965000.0,15000.0,Completed,2023-07-01,2023-08-01,2023-10-15,2023-24,25.3235,82.97649999999999,True
MPLADS-2023-UP-CL10,Narendra Modi,Lok Sabha,Varanasi (Lok Sabha),Uttar Pradesh,Varanasi,Sevapuri,Kashi-Puram,M/s Purvanchal InfraTech Services,Solar & Public Lighting,Installation of high-density solar street illumination cluster unit #10 in Kashi-Puram (CAG ANOMALY: Tender splitting & single-agency cartel),980000.0,980000.0,965000.0,15000.0,Completed,2023-07-01,2023-08-01,2023-10-15,2023-24,25.323999999999998,82.97699999999999,True
MPLADS-2023-BR-077,Jitan Ram Manjhi,Lok Sabha,Gaya (Lok Sabha),Bihar,Gaya,Bodh Gaya,Bakrour,District Rural Dev Agency Gaya,Drinking Water Facility,Installation of 1000 LPH RO drinking water purification kiosk at Bakrour Chowk (CAG ANOMALY: Co-located <25m from pre-existing Jal Jeevan Mission asset),1450000.0,1450000.0,1440000.0,10000.0,Completed,2023-04-10,2023-05-20,2023-08-15,2023-24,24.698,84.992,True
MPLADS-2023-BR-078,Jitan Ram Manjhi,Lok Sabha,Gaya (Lok Sabha),Bihar,Gaya,Bodh Gaya,Bakrour,PHED Bihar,Drinking Water Facility,Installation of solar community RO water station at Bakrour Main Junction (CAG ANOMALY: Duplicate spatial footprint at exact same GPS coordinate),1480000.0,1480000.0,1475000.0,5000.0,Completed,2023-04-25,2023-06-05,2023-09-01,2023-24,24.6982,84.9921,True
MPLADS-2023-RJ-091,Gajendra Singh Shekhawat,Lok Sabha,Jodhpur (Lok Sabha),Rajasthan,Jodhpur,Shergarh,Balesar,Rajasthan PWD,Rural Road & Culvert,Construction of cement concrete (CC) link road connecting Balesar to NH-125 (CAG ANOMALY: Final billed expenditure ₹48.5L vs original sanction of ₹28L without variation approval),2800000.0,4850000.0,4850000.0,0.0,Completed,2023-03-12,2023-04-18,2023-11-30,2023-24,26.402,72.451,True
MPLADS-2023-DL-001,Bansuri Swaraj,Lok Sabha,New Delhi (Lok Sabha),Delhi,New Delhi,Connaught Place,Panchkuian,New Delhi Municipal Council,Community Infrastructure,"Construction of urban community center (CAG ANOMALY: Cost 4.6x peer median, completed in 12 days)",8900000.0,8900000.0,8900000.0,0.0,Completed,2023-05-10,2023-06-01,2023-06-13,2023-24,28.6139,77.209,True
MPLADS-2023-MP-001,Alok Sharma,Lok Sabha,Bhopal (Lok Sabha),Madhya Pradesh,Bhopal,Phanda,Berasia,MP Rural Road Dev Authority,School Classroom & Education,"Civil construction of 4 smart classrooms at Berasia High School (CAG ANOMALY: Sanctioned >800 days ago, 100% advance released, contractor abandoned site)",3800000.0,3800000.0,110000.0,3690000.0,Stalled,2022-04-15,2022-05-20,,2022-23,23.2599,77.4126,True
MPLADS-2023-AS-001,Bijuli Kalita Medhi,Lok Sabha,Guwahati (Lok Sabha),Assam,Kamrup Metropolitan,Dispur,Sonapur,Public Health Engineering Assam,Drinking Water Facility,"Deep tube-well and piped drinking water project (CAG ANOMALY: Negative balance, expenditure exceeds sanction, completion date recorded 4 months prior to sanction)",1800000.0,1800000.0,2450000.0,-650000.0,Completed,2023-07-10,2023-08-20,2023-04-15,2023-24,26.1445,91.7362,True
MPLADS-2023-GJ-001,Parshottam Rupala,Lok Sabha,Rajkot (Lok Sabha),Gujarat,Rajkot,Gondal,Kotda Sangani,Gujarat PWD,Rural Road & Culvert,Construction of major box culvert and link road (CAG ANOMALY: Final expenditure ₹62L vs original ₹35L sanction without revised administrative approval),3500000.0,6200000.0,6200000.0,0.0,Completed,2023-02-15,2023-03-30,2023-11-20,2023-24,22.3039,70.8022,True
MPLADS-2023-KL-001,Shashi Tharoor,Lok Sabha,Thiruvananthapuram (Lok Sabha),Kerala,Thiruvananthapuram,Nemom,Kovalam,Kerala PWD,Sanitation & Public Amenities,"Modern public sanitation and tourist amenity block (CAG ANOMALY: Expenditure ₹38L vs ₹18L sanction, 100% advance disbursed with unresolved audit objection)",1800000.0,3800000.0,3800000.0,0.0,Completed,2023-04-05,2023-05-15,2023-12-10,2023-24,8.5241,76.9366,True
MPLADS-2023-TE-0100,Asaduddin Owaisi,Lok Sabha,Hyderabad (Lok Sabha),Telangana,Hyderabad,Charminar,Green Park,Telangana PWD,Rural Road & Culvert,Bituminous road widening and storm-water drainage culvert in Green Park,920000.0,690000.0,214000.0,476000.0,In Progress,2024-01-05,2024-01-26,,2023-24,17.10059,78.29956,True
MPLADS-2023-KE-0101,Shashi Tharoor,Lok Sabha,Thiruvananthapuram (Lok Sabha),Kerala,Thiruvananthapuram,Kazhakkoottam,Madhavpuram,Kerala Water Authority,Primary Health Sub-Center & Medical,"Supply of medical diagnostics, vaccine cold chain refrigerator and emergency triage beds at Madhavpuram",1400000.0,1400000.0,1381000.0,19000.0,Completed,2023-08-21,2023-10-12,2024-08-05,2023-24,8.46993,76.78111,True
MPLADS-2023-WB-0102,Shatrughan Sinha,Lok Sabha,Asansol (Lok Sabha),West Bengal,Paschim Bardhaman,Raniganj,Bhojpur,Asansol Durgapur Dev Authority,Rural Road & Culvert,Inter-hamlet link road paving connecting agricultural mandi to Bhojpur,3040000.0,3040000.0,2952000.0,88000.0,Completed,2023-08-14,2023-10-06,2024-04-09,2023-24,23.37906,86.80762,True
MPLADS-2023-KE-0103,M. K. Raghavan,Lok Sabha,Kozhikode (Lok Sabha),Kerala,Kozhikode,Koyilandy,Sundar Nagar,Kerala Water Authority,Rural Road & Culvert,Bituminous road widening and storm-water drainage culvert in Sundar Nagar,2820000.0,2820000.0,2725000.0,95000.0,Completed,2023-07-29,2023-08-18,2024-02-17,2023-24,11.02266,75.67909,True
MPLADS-2023-AS-0104,Sarbananda Sonowal,Lok Sabha,Dibrugarh (Lok Sabha),Assam,Dibrugarh,Moran,Sitarampur,DRDA Dibrugarh,Rural Road & Culvert,Construction of reinforced concrete box culvert on arterial approach road at Sitarampur,2690000.0,2690000.0,2174000.0,516000.0,In Progress,2023-11-23,2023-12-18,,2023-24,27.27653,94.789,True
MPLADS-2023-JA-0105,Aga Syed Ruhullah Mehdi,Lok Sabha,Srinagar (Lok Sabha),Jammu & Kashmir,Srinagar,Batamaloo,Shivaji Nagar,Srinagar Municipal Corp,Drinking Water Facility,Upgradation of pipeline distribution and community water tap stands in Shivaji Nagar,400000.0,300000.0,126000.0,174000.0,In Progress,2023-09-09,2023-10-30,,2023-24,34.37388,74.7685,True
MPLADS-2023-BI-0106,Raj Bhushan Choudhary,Lok Sabha,Muzaffarpur (Lok Sabha),Bihar,Muzaffarpur,Motipur,Tagore Pally,PHED Muzaffarpur,School Classroom & Education,"Provision of STEM science laboratory equipment, computer lab furniture and student desks at Tagore Pally",2020000.0,2020000.0,2016000.0,4000.0,Completed,2024-01-24,2024-03-06,2024-07-09,2023-24,26.11636,85.54375,True
MPLADS-2023-UP-0107,Ramesh Awasthi,Lok Sabha,Kanpur (Lok Sabha),Uttar Pradesh,Kanpur Nagar,Bidhnu,Shanti Nagar,PWD Kanpur,School Classroom & Education,"Construction of two additional smart classrooms in Zilla Parishad High School, Shanti Nagar",1330000.0,665000.0,536000.0,129000.0,In Progress,2023-11-26,2024-01-18,,2023-24,26.18009,80.60125,True
MPLADS-2023-UT-0108,Trivendra Singh Rawat,Lok Sabha,Haridwar (Lok Sabha),Uttarakhand,Haridwar,Laksar,Patel Nagar,Haridwar Roorkee Dev Authority,Community Infrastructure,Development of public cultural center and community shed at Patel Nagar,3090000.0,3090000.0,2924000.0,166000.0,Completed,2023-12-13,2024-01-13,2024-10-19,2023-24,29.80461,78.26146,True
MPLADS-2023-KE-0109,Hibi Eden,Lok Sabha,Ernakulam (Lok Sabha),Kerala,Ernakulam,Paravur,Hanuman Nagar,Cochin Smart City,School Classroom & Education,Upgradation of primary school infrastructure with disabled-friendly ramps and smart board in Hanuman Nagar,2350000.0,2350000.0,2258000.0,92000.0,Completed,2023-09-13,2023-11-05,2024-04-19,2023-24,10.19634,76.11752,True
MPLADS-2023-WB-0110,Sudip Bandyopadhyay,Lok Sabha,Kolkata North (Lok Sabha),West Bengal,Kolkata,Shyampukur,Vivekananda Nagar,WB PWD Kolkata,Rural Road & Culvert,Construction of reinforced concrete box culvert on arterial approach road at Vivekananda Nagar,2800000.0,2800000.0,2718000.0,82000.0,Completed,2023-11-30,2023-12-23,2024-07-08,2023-24,22.91005,88.67024,True
MPLADS-2023-UT-0111,Trivendra Singh Rawat,Lok Sabha,Haridwar (Lok Sabha),Uttarakhand,Haridwar,Laksar,Madhavpuram,Uttarakhand Peyjal Nigam,Drinking Water Facility,Installation of fluorosis/arsenic filtration drinking water unit in Madhavpuram school campus,1650000.0,990000.0,571000.0,419000.0,In Progress,2021-12-31,2022-01-30,,2023-24,29.75678,77.96835,True
MPLADS-2023-UP-0112,Rajnath Singh,Lok Sabha,Lucknow (Lok Sabha),Uttar Pradesh,Lucknow,Malihabad,Khadki,Lucknow Development Authority,Drinking Water Facility,Installation of 1000 LPH RO drinking water purification kiosk in Khadki,1070000.0,642000.0,408000.0,234000.0,In Progress,2021-11-26,2021-12-26,,2023-24,27.06195,80.72949,True
MPLADS-2023-UP-0113,Hema Malini,Lok Sabha,Mathura (Lok Sabha),Uttar Pradesh,Mathura,Govardhan,Nandgaon,UP Jal Nigam,Community Infrastructure,Construction of multipurpose community hall / Barat Ghar in Nandgaon,5410000.0,5410000.0,5257000.0,153000.0,Completed,2023-05-21,2023-07-16,2024-01-15,2023-24,27.27651,77.6991,True
MPLADS-2023-MA-0114,Sandipan Bhumre,Lok Sabha,Aurangabad (Lok Sabha),Maharashtra,Chhatrapati Sambhajinagar,Gangapur,Ganeshpur,PWD Sambhajinagar,Rural Road & Culvert,Construction of cement concrete (CC) internal village road at Ganeshpur,2840000.0,2840000.0,2778000.0,62000.0,Completed,2023-05-21,2023-07-10,2023-12-07,2023-24,19.64262,75.33325,True
MPLADS-2023-WB-0115,June Malia,Lok Sabha,Medinipur (Lok Sabha),West Bengal,Paschim Medinipur,Kharagpur Rural,Bhojpur,Paschim Medinipur Zilla Parishad,Rural Road & Culvert,Laying of heavy-duty interlocking paver block street in Bhojpur settlement,1300000.0,1300000.0,1043000.0,257000.0,In Progress,2023-08-25,2023-10-08,,2023-24,22.41637,87.10283,True
MPLADS-2023-WB-0116,Jagannath Sarkar,Lok Sabha,Ranaghat (Lok Sabha),West Bengal,Nadia,Chakdaha,Ambedkar Basti,Public Health Engineering WB,Rural Road & Culvert,Inter-hamlet link road paving connecting agricultural mandi to Ambedkar Basti,670000.0,335000.0,222000.0,113000.0,In Progress,2023-12-01,2024-01-22,,2023-24,23.18648,88.80244,True
MPLADS-2023-UP-0117,Ravi Kishan,Lok Sabha,Gorakhpur (Lok Sabha),Uttar Pradesh,Gorakhpur,Pipraich,Gopalganj,DRDA Gorakhpur,School Classroom & Education,"Erection of protective boundary wall and main gate for Government Senior Secondary School, Gopalganj",2510000.0,2510000.0,2388000.0,122000.0,Completed,2024-02-12,2024-02-29,2024-08-26,2023-24,26.59314,83.49201,True
MPLADS-2023-TN-0118,Su. Venkatesan,Lok Sabha,Madurai (Lok Sabha),Tamil Nadu,Madurai,Melur,Adarsh Nagar,PWD Water Resources,Solar & Public Lighting,Illumination of village approach road and panchayat center with dusk-to-dawn solar luminaires at Adarsh Nagar,680000.0,340000.0,227000.0,113000.0,In Progress,2023-04-05,2023-04-24,,2023-24,9.72441,77.95544,True
MPLADS-2023-TN-0119,Ganapathi P. Rajkumar,Lok Sabha,Coimbatore (Lok Sabha),Tamil Nadu,Coimbatore,Sulur,Patel Nagar,DRDA Coimbatore,Rural Road & Culvert,Laying of heavy-duty interlocking paver block street in Patel Nagar settlement,3000000.0,3000000.0,2315000.0,685000.0,In Progress,2023-09-02,2023-11-01,,2023-24,11.1343,76.99402,True
MPLADS-2023-AS-0120,Bijuli Kalita Medhi,Lok Sabha,Gauhati (Lok Sabha),Assam,Kamrup Metropolitan,Jalukbari,Gopalganj,Assam PWD,Rural Road & Culvert,Construction of reinforced concrete box culvert on arterial approach road at Gopalganj,970000.0,728000.0,263000.0,465000.0,In Progress,2024-02-04,2024-03-08,,2023-24,26.23847,91.57099,True
MPLADS-2023-GU-0121,Hemang Joshi,Lok Sabha,Vadodara (Lok Sabha),Gujarat,Vadodara,Padra,Sitarampur,Vadodara Municipal Corp (VMC),Community Infrastructure,Construction of cremation ground covered shed (Shmashan Ghat) with solar lights in Sitarampur,1650000.0,1650000.0,1622000.0,28000.0,Completed,2023-06-06,2023-07-12,2024-03-29,2023-24,22.45117,73.22383,True
MPLADS-2023-UP-0122,Ravi Kishan,Lok Sabha,Gorakhpur (Lok Sabha),Uttar Pradesh,Gorakhpur,Pipraich,Surya Nagar,Gorakhpur Development Authority,School Classroom & Education,Upgradation of primary school infrastructure with disabled-friendly ramps and smart board in Surya Nagar,880000.0,440000.0,377000.0,63000.0,In Progress,2023-04-22,2023-05-15,,2023-24,26.55765,83.19787,True
MPLADS-2023-UP-0123,Ruchi Vira,Lok Sabha,Moradabad (Lok Sabha),Uttar Pradesh,Moradabad,Moradabad Rural,Navi Vasti,DRDA Moradabad,Rural Road & Culvert,Bituminous road widening and storm-water drainage culvert in Navi Vasti,8440000.0,8440000.0,8301000.0,139000.0,Sanctioned,2021-07-15,2021-08-14,,2023-24,29.05016,79.02814,True
MPLADS-2023-WB-0124,Abu Taher Khan,Lok Sabha,Murshidabad (Lok Sabha),West Bengal,Murshidabad,Lalbagh,Kalyanpur,WB PWD,Drinking Water Facility,Installation of 1000 LPH RO drinking water purification kiosk in Kalyanpur,1590000.0,1590000.0,1523000.0,67000.0,Completed,2023-07-12,2023-08-10,2023-10-23,2023-24,23.98105,88.39202,True
MPLADS-2023-MP-0125,Ashish Dubey,Lok Sabha,Jabalpur (Lok Sabha),Madhya Pradesh,Jabalpur,Patan,Green Park,Jabalpur Smart City,Drinking Water Facility,Deployment of solar water pumping system and distribution cistern in Green Park,900000.0,900000.0,897000.0,3000.0,Completed,2023-09-17,2023-11-05,2024-01-11,2023-24,23.23791,80.32489,True
MPLADS-2023-UP-0126,Praveen Patel,Lok Sabha,Prayagraj (Lok Sabha),Uttar Pradesh,Prayagraj,Jasra,Nehru Colony,DRDA Prayagraj,Primary Health Sub-Center & Medical,Civil construction of Ayushman Bharat Health & Wellness Centre dispensary in Nehru Colony,1980000.0,1980000.0,1890000.0,90000.0,Completed,2023-05-30,2023-07-16,2024-03-03,2023-24,25.08698,82.1442,True
MPLADS-2023-AP-0127,Kesineni Sivanath,Lok Sabha,Vijayawada (Lok Sabha),Andhra Pradesh,NTR / Krishna,Ibrahimpatnam,Sundar Nagar,AP CRDA,Solar & Public Lighting,Illumination of village approach road and panchayat center with dusk-to-dawn solar luminaires at Sundar Nagar,840000.0,840000.0,805000.0,35000.0,Completed,2023-06-03,2023-07-30,2023-09-24,2023-24,16.38453,80.78605,True
MPLADS-2023-AP-0128,Kesineni Sivanath,Lok Sabha,Vijayawada (Lok Sabha),Andhra Pradesh,NTR / Krishna,Mylavaram,Bhojpur,AP CRDA,Solar & Public Lighting,Erection of high-mast 16-meter LED solar illumination tower near market square in Bhojpur,830000.0,830000.0,794000.0,36000.0,Completed,2023-10-25,2023-11-28,2024-01-24,2023-24,16.70623,80.72266,True
MPLADS-2023-TN-0129,S. Murasoli,Lok Sabha,Thanjavur (Lok Sabha),Tamil Nadu,Thanjavur,Pattukkottai,Kaveri Nagar,Tamil Nadu TWAD Board,Community Infrastructure,Renovation and structural expansion of Gram Panchayat community auditorium in Kaveri Nagar,4280000.0,4280000.0,4177000.0,103000.0,Completed,2023-05-14,2023-06-08,2023-10-29,2023-24,11.0099,79.3136,True
MPLADS-2023-AS-0130,Sarbananda Sonowal,Lok Sabha,Dibrugarh (Lok Sabha),Assam,Dibrugarh,Tingkhong,Navi Vasti,Dibrugarh Municipal Board,Rural Road & Culvert,Construction of cement concrete (CC) internal village road at Navi Vasti,1230000.0,1230000.0,1186000.0,44000.0,Completed,2024-02-07,2024-03-23,2024-11-15,2023-24,27.2589,95.04945,True
MPLADS-2023-RA-0131,Manna Lal Rawat,Lok Sabha,Udaipur (Lok Sabha),Rajasthan,Udaipur,Vallabhnagar,Madhavpuram,Udaipur Smart City,Primary Health Sub-Center & Medical,Upgradation of Primary Health Sub-Center with maternity care and diagnostics room at Madhavpuram,4670000.0,4670000.0,4310000.0,360000.0,Completed,2023-11-04,2023-11-25,2024-05-26,2023-24,24.87763,73.44745,True
MPLADS-2023-MA-0132,Praniti Shinde,Lok Sabha,Solapur (Lok Sabha),Maharashtra,Solapur,Pandharpur,Chitrakoot,Solapur Municipal Corp,Drinking Water Facility,Installation of fluorosis/arsenic filtration drinking water unit in Chitrakoot school campus,1220000.0,1220000.0,1210000.0,10000.0,Completed,2023-11-05,2023-12-22,2024-04-05,2023-24,17.62495,76.08264,True
MPLADS-2023-TE-0133,Kadiyam Kavya,Lok Sabha,Warangal (Lok Sabha),Telangana,Warangal,Parkal,Bhavani Peth,Mission Bhagiratha,Rural Road & Culvert,Laying of heavy-duty interlocking paver block street in Bhavani Peth settlement,730000.0,548000.0,311000.0,237000.0,In Progress,2023-07-30,2023-09-01,,2023-24,17.6753,79.34968,True
MPLADS-2023-MP-0134,Lata Wankhede,Lok Sabha,Sagar (Lok Sabha),Madhya Pradesh,Sagar,Khurai,Kaveri Nagar,DRDA Sagar,Rural Road & Culvert,Laying of heavy-duty interlocking paver block street in Kaveri Nagar settlement,1720000.0,1720000.0,1659000.0,61000.0,Completed,2023-11-25,2024-01-13,2024-09-08,2023-24,24.15104,78.40147,True
MPLADS-2023-HP-0135,Suresh Kumar Kashyap,Lok Sabha,Shimla (Lok Sabha),Himachal Pradesh,Shimla,Solan Rural,Nehru Colony,HP PWD,Drinking Water Facility,Installation of fluorosis/arsenic filtration drinking water unit in Nehru Colony school campus,1580000.0,1580000.0,1540000.0,40000.0,Completed,2024-01-01,2024-02-11,2024-04-24,2023-24,31.09656,77.01445,True
MPLADS-2023-GU-0136,Hasmukh Patel,Lok Sabha,Ahmedabad East (Lok Sabha),Gujarat,Ahmedabad,Asarwa,Balarampur,Gujarat Water Supply Board (GWSSB),Primary Health Sub-Center & Medical,Procurement and fabrication of Advanced Life Support (ALS) mobile ambulance for Balarampur block,3070000.0,3070000.0,2394000.0,676000.0,In Progress,2024-02-13,2024-03-07,,2023-24,22.69147,72.67132,True
MPLADS-2023-MA-0137,Praniti Shinde,Lok Sabha,Solapur (Lok Sabha),Maharashtra,Solapur,South Solapur,Lakshmipuram,Zilla Parishad Solapur,Drinking Water Facility,Upgradation of pipeline distribution and community water tap stands in Lakshmipuram,620000.0,620000.0,610000.0,10000.0,Completed,2023-09-20,2023-10-25,2024-01-31,2023-24,17.48649,75.61373,True
MPLADS-2023-UP-0138,Rajnath Singh,Lok Sabha,Lucknow (Lok Sabha),Uttar Pradesh,Lucknow,Sarojini Nagar,Madhavpuram,UP State Construction Corp,Rural Road & Culvert,Construction of cement concrete (CC) internal village road at Madhavpuram,2760000.0,2760000.0,2633000.0,127000.0,Completed,2023-07-12,2023-08-11,2024-03-09,2023-24,26.96532,80.99098,True
MPLADS-2023-WB-0139,Kirti Azad,Lok Sabha,Bardhaman-Durgapur (Lok Sabha),West Bengal,Purba Bardhaman,Ausgram,Hanuman Nagar,WB PWD,School Classroom & Education,Upgradation of primary school infrastructure with disabled-friendly ramps and smart board in Hanuman Nagar,2430000.0,2430000.0,2328000.0,102000.0,Completed,2023-05-29,2023-07-28,2023-12-09,2023-24,22.90037,87.72987,True
MPLADS-2023-AS-0140,Sarbananda Sonowal,Lok Sabha,Dibrugarh (Lok Sabha),Assam,Dibrugarh,Duliajan,Gandhi Gram,DRDA Dibrugarh,Rural Road & Culvert,Construction of reinforced concrete box culvert on arterial approach road at Gandhi Gram,2570000.0,1928000.0,1070000.0,858000.0,In Progress,2023-08-03,2023-09-27,,2023-24,27.54309,94.64674,True
MPLADS-2023-AP-0141,M. Sribharat,Lok Sabha,Visakhapatnam (Lok Sabha),Andhra Pradesh,Visakhapatnam,Pendurthi,Shanti Nagar,AP RWS,Solar & Public Lighting,Illumination of village approach road and panchayat center with dusk-to-dawn solar luminaires at Shanti Nagar,760000.0,570000.0,75000.0,495000.0,Stalled,2021-07-28,2021-09-06,,2023-24,17.9609,83.19032,True
MPLADS-2023-MA-0142,Sandipan Bhumre,Lok Sabha,Aurangabad (Lok Sabha),Maharashtra,Chhatrapati Sambhajinagar,Gangapur,Tilak Nagar,Zilla Parishad Aurangabad,Solar & Public Lighting,Illumination of village approach road and panchayat center with dusk-to-dawn solar luminaires at Tilak Nagar,840000.0,840000.0,598000.0,242000.0,In Progress,2023-12-04,2024-01-22,,2023-24,20.1224,75.57481,True
MPLADS-2023-UP-0143,Awadhesh Prasad,Lok Sabha,Faizabad (Lok Sabha),Uttar Pradesh,Ayodhya,Sohawal,Ganeshpur,Ayodhya Development Authority,School Classroom & Education,Upgradation of primary school infrastructure with disabled-friendly ramps and smart board in Ganeshpur,1870000.0,1870000.0,1811000.0,59000.0,Completed,2023-04-15,2023-05-21,2023-09-03,2023-24,26.98198,82.03424,True
MPLADS-2023-OD-0144,Sambit Patra,Lok Sabha,Puri (Lok Sabha),Odisha,Puri,Nimapara,Tilak Nagar,Puri Municipality,Rural Road & Culvert,Construction of cement concrete (CC) internal village road at Tilak Nagar,1220000.0,1220000.0,1180000.0,40000.0,Completed,2023-12-07,2024-01-17,2024-08-19,2023-24,19.77722,85.49327,True
MPLADS-2023-BI-0145,Ajay Kumar Mandal,Lok Sabha,Bhagalpur (Lok Sabha),Bihar,Bhagalpur,Kahalgaon,Bhavani Peth,Rural Works Dept Bihar,Drinking Water Facility,Deployment of solar water pumping system and distribution cistern in Bhavani Peth,850000.0,850000.0,617000.0,233000.0,In Progress,2023-12-28,2024-02-16,,2023-24,25.3845,86.82384,True
MPLADS-2023-BI-0146,Ajay Kumar Mandal,Lok Sabha,Bhagalpur (Lok Sabha),Bihar,Bhagalpur,Nathnagar,Gandhi Gram,Rural Works Dept Bihar,Drinking Water Facility,Installation of 1000 LPH RO drinking water purification kiosk in Gandhi Gram,2040000.0,2040000.0,1965000.0,75000.0,Completed,2023-07-04,2023-09-01,2023-12-22,2023-24,25.31025,87.32056,True
MPLADS-2023-WB-0147,Abu Taher Khan,Lok Sabha,Murshidabad (Lok Sabha),West Bengal,Murshidabad,Lalbagh,Krishnapuram,PHE Dept WB,Drinking Water Facility,Installation of 1000 LPH RO drinking water purification kiosk in Krishnapuram,1360000.0,816000.0,483000.0,333000.0,In Progress,2022-01-12,2022-02-11,,2023-24,24.35195,88.00181,True
MPLADS-2023-UP-0148,Chhatrapal Singh Gangwar,Lok Sabha,Bareilly (Lok Sabha),Uttar Pradesh,Bareilly,Nawabganj,Mahavir Nagar,PWD Bareilly,Drinking Water Facility,Provision of deep solar-powered borewell with 5000L elevated storage tank at Mahavir Nagar,1750000.0,1400000.0,591000.0,809000.0,In Progress,2021-12-15,2022-01-14,,2023-24,28.45761,79.11793,True
MPLADS-2023-MA-0149,Balwant Wankhade,Lok Sabha,Amravati (Lok Sabha),Maharashtra,Amravati,Morshi,Bhavani Peth,Zilla Parishad Amravati,Rural Road & Culvert,Construction of reinforced concrete box culvert on arterial approach road at Bhavani Peth,2790000.0,2790000.0,2707000.0,83000.0,Completed,2024-01-31,2024-03-24,2024-10-15,2023-24,21.22335,77.63775,True
MPLADS-2023-OD-0150,Dharmendra Pradhan,Lok Sabha,Sambalpur (Lok Sabha),Odisha,Sambalpur,Kuchinda,Govindpur,Odisha Works Dept,Rural Road & Culvert,Construction of reinforced concrete box culvert on arterial approach road at Govindpur,3380000.0,3380000.0,3193000.0,187000.0,Completed,2023-07-16,2023-08-06,2024-01-04,2023-24,21.23857,83.68375,True
MPLADS-2023-UP-0151,Hema Malini,Lok Sabha,Mathura (Lok Sabha),Uttar Pradesh,Mathura,Raya,Chitrakoot,PWD Mathura,Community Infrastructure,Construction of cremation ground covered shed (Shmashan Ghat) with solar lights in Chitrakoot,1610000.0,1610000.0,1578000.0,32000.0,Completed,2023-08-23,2023-09-25,2024-03-30,2023-24,27.69388,77.76124,True
MPLADS-2023-AS-0152,Bijuli Kalita Medhi,Lok Sabha,Gauhati (Lok Sabha),Assam,Kamrup Metropolitan,Boko,Ambedkar Basti,Guwahati Municipal Corp,Rural Road & Culvert,Bituminous road widening and storm-water drainage culvert in Ambedkar Basti,3230000.0,2422000.0,1159000.0,1263000.0,In Progress,2023-05-07,2023-05-31,,2023-24,26.37147,92.03103,True
MPLADS-2023-KA-0153,Dr. C. N. Manjunath,Lok Sabha,Bangalore Rural (Lok Sabha),Karnataka,Bangalore Rural,Nelamangala,Vikas Nagar,PWD Karnataka,Primary Health Sub-Center & Medical,"Supply of medical diagnostics, vaccine cold chain refrigerator and emergency triage beds at Vikas Nagar",3350000.0,3350000.0,3157000.0,193000.0,Completed,2024-01-02,2024-02-18,2024-10-05,2023-24,13.45677,77.6176,True
MPLADS-2023-UP-0154,Ravi Kishan,Lok Sabha,Gorakhpur (Lok Sabha),Uttar Pradesh,Gorakhpur,Pipraich,Green Park,Gorakhpur Development Authority,School Classroom & Education,"Construction of two additional smart classrooms in Zilla Parishad High School, Green Park",2050000.0,2050000.0,1960000.0,90000.0,Completed,2023-11-27,2023-12-23,2024-05-05,2023-24,26.71572,83.59317,True
MPLADS-2023-UP-0155,Atul Garg,Lok Sabha,Ghaziabad (Lok Sabha),Uttar Pradesh,Ghaziabad,Bhojpur,Subhash Nagar,UP Jal Nigam,Drinking Water Facility,Installation of 1000 LPH RO drinking water purification kiosk in Subhash Nagar,1590000.0,1590000.0,1582000.0,8000.0,Completed,2023-10-28,2023-12-03,2024-03-27,2023-24,28.34489,77.16544,True
MPLADS-2023-BI-0156,Pappu Yadav,Lok Sabha,Purnia (Lok Sabha),Bihar,Purnia,Kasba,Sardar Patel Nagar,Rural Works Dept Bihar,Rural Road & Culvert,Construction of reinforced concrete box culvert on arterial approach road at Sardar Patel Nagar,1890000.0,1890000.0,1831000.0,59000.0,Completed,2023-07-06,2023-07-24,2024-02-12,2023-24,25.95909,87.26779,True
MPLADS-2023-AP-0157,Kesineni Sivanath,Lok Sabha,Vijayawada (Lok Sabha),Andhra Pradesh,NTR / Krishna,Ibrahimpatnam,Vivekananda Nagar,AP CRDA,Rural Road & Culvert,Construction of cement concrete (CC) internal village road at Vivekananda Nagar,3420000.0,3420000.0,3218000.0,202000.0,Completed,2023-08-01,2023-09-23,2024-04-04,2023-24,16.22145,80.99258,True
MPLADS-2023-UP-0158,Imran Masood,Lok Sabha,Saharanpur (Lok Sabha),Uttar Pradesh,Saharanpur,Nakur,Navi Vasti,DRDA Saharanpur,Community Infrastructure,Construction of cremation ground covered shed (Shmashan Ghat) with solar lights in Navi Vasti,3280000.0,1640000.0,1238000.0,402000.0,In Progress,2023-10-30,2023-12-01,,2023-24,29.71915,77.32863,True
MPLADS-2023-OD-0159,Bhartruhari Mahtab,Lok Sabha,Cuttack (Lok Sabha),Odisha,Cuttack,Salepur,Nandgaon,Odisha Panchayati Raj Dept,Drinking Water Facility,Deployment of solar water pumping system and distribution cistern in Nandgaon,700000.0,700000.0,616000.0,84000.0,In Progress,2023-08-23,2023-09-07,,2023-24,20.45525,85.63682,True
MPLADS-2023-AP-0160,Maddila Gurumoorthy,Lok Sabha,Tirupati (Lok Sabha),Andhra Pradesh,Tirupati,Satyavedu,Tagore Pally,AP RWS (Rural Water Supply),Sanitation & Public Amenities,Provision of solid-liquid waste collection shed and composting unit at Gram Panchayat Tagore Pally,860000.0,860000.0,828000.0,32000.0,Completed,2023-07-06,2023-08-10,2023-11-10,2023-24,13.30935,79.59049,True
MPLADS-2023-DE-0161,Bansuri Swaraj,Lok Sabha,New Delhi (Lok Sabha),Delhi,New Delhi,Delhi Cantt,Vivekananda Nagar,Delhi PWD,Rural Road & Culvert,Bituminous road widening and storm-water drainage culvert in Vivekananda Nagar,2010000.0,1508000.0,1015000.0,493000.0,In Progress,2023-09-17,2023-11-08,,2023-24,28.90121,76.86974,True
MPLADS-2023-MA-0162,Sandipan Bhumre,Lok Sabha,Aurangabad (Lok Sabha),Maharashtra,Chhatrapati Sambhajinagar,Gangapur,Rajendra Nagar,Aurangabad Smart City,Rural Road & Culvert,Inter-hamlet link road paving connecting agricultural mandi to Rajendra Nagar,2370000.0,2370000.0,1748000.0,622000.0,In Progress,2023-05-12,2023-06-21,,2023-24,19.74786,75.4964,True
MPLADS-2023-HP-0163,Suresh Kumar Kashyap,Lok Sabha,Shimla (Lok Sabha),Himachal Pradesh,Shimla,Theog,Sundar Nagar,DRDA Shimla,Rural Road & Culvert,Inter-hamlet link road paving connecting agricultural mandi to Sundar Nagar,3490000.0,3490000.0,3423000.0,67000.0,Completed,2023-11-09,2023-11-29,2024-03-23,2023-24,31.06537,77.3092,True
MPLADS-2023-UP-0164,Rajnath Singh,Lok Sabha,Lucknow (Lok Sabha),Uttar Pradesh,Lucknow,Sarojini Nagar,Patel Nagar,Lucknow Development Authority,Drinking Water Facility,Upgradation of pipeline distribution and community water tap stands in Patel Nagar,950000.0,950000.0,903000.0,47000.0,Completed,2023-12-28,2024-01-27,2024-04-03,2023-24,26.55198,81.20579,True
MPLADS-2023-KE-0165,Hibi Eden,Lok Sabha,Ernakulam (Lok Sabha),Kerala,Ernakulam,Kanayannur,Navi Vasti,Kerala PWD,Rural Road & Culvert,Laying of heavy-duty interlocking paver block street in Navi Vasti settlement,2410000.0,1808000.0,1550000.0,258000.0,In Progress,2023-08-09,2023-09-22,,2023-24,10.10593,76.06048,True
MPLADS-2023-KA-0166,Yaduveer Krishnadatta Chamaraja Wadiyar,Lok Sabha,Mysore (Lok Sabha),Karnataka,Mysuru,Heggadadevankote,Sitarampur,Zilla Panchayat Mysuru,Community Infrastructure,Construction of cremation ground covered shed (Shmashan Ghat) with solar lights in Sitarampur,3100000.0,1550000.0,1092000.0,458000.0,In Progress,2023-07-11,2023-08-14,,2023-24,12.34615,76.69177,True
MPLADS-2023-DE-0167,Bansuri Swaraj,Lok Sabha,New Delhi (Lok Sabha),Delhi,New Delhi,Connaught Place,Green Park,Delhi Jal Board,Rural Road & Culvert,Construction of reinforced concrete box culvert on arterial approach road at Green Park,3100000.0,2325000.0,1926000.0,399000.0,In Progress,2024-02-05,2024-02-23,,2023-24,28.42498,77.42035,True
MPLADS-2023-WB-0168,Raju Bista,Lok Sabha,Darjeeling (Lok Sabha),West Bengal,Darjeeling,Mirik,Adarsh Nagar,WB PWD,Solar & Public Lighting,Installation of 30 standalone LED solar street lights across major junctions in Adarsh Nagar,1110000.0,1110000.0,1081000.0,29000.0,Completed,2023-04-21,2023-06-16,2023-08-31,2023-24,26.78299,88.55304,True
MPLADS-2023-TN-0169,Durai Vaiko,Lok Sabha,Tiruchirappalli (Lok Sabha),Tamil Nadu,Tiruchirappalli,Musiri,Gandhi Gram,Tiruchirappalli City Corp,Rural Road & Culvert,Construction of reinforced concrete box culvert on arterial approach road at Gandhi Gram,3130000.0,3130000.0,2972000.0,158000.0,Completed,2023-12-28,2024-02-04,2024-09-04,2023-24,11.11767,78.5613,True
MPLADS-2023-TN-0170,Robert Bruce,Lok Sabha,Tirunelveli (Lok Sabha),Tamil Nadu,Tirunelveli,Palayamkottai,Sundar Nagar,DRDA Tirunelveli,Rural Road & Culvert,Bituminous road widening and storm-water drainage culvert in Sundar Nagar,3080000.0,2310000.0,1549000.0,761000.0,In Progress,2023-10-21,2023-12-18,,2023-24,8.6401,77.59182,True
MPLADS-2023-MA-0171,Praniti Shinde,Lok Sabha,Solapur (Lok Sabha),Maharashtra,Solapur,Mohol,Lakshmipuram,Solapur Municipal Corp,School Classroom & Education,"Installation of rooftop solar generation system and clean drinking facility in Govt School, Lakshmipuram",2160000.0,2160000.0,2108000.0,52000.0,Completed,2023-05-26,2023-07-03,2023-12-30,2023-24,17.70289,76.19708,True
MPLADS-2023-WB-0172,Sudip Bandyopadhyay,Lok Sabha,Kolkata North (Lok Sabha),West Bengal,Kolkata,Beleghata,Vikas Nagar,WB PWD Kolkata,Solar & Public Lighting,Installation of solar mini-grid powered street lighting and battery bank at Vikas Nagar,360000.0,360000.0,340000.0,20000.0,Completed,2023-04-20,2023-05-07,2023-08-01,2023-24,22.61128,88.29205,True
MPLADS-2023-MP-0173,Lata Wankhede,Lok Sabha,Sagar (Lok Sabha),Madhya Pradesh,Sagar,Deori,Panchavati,MPRRDA,Sanitation & Public Amenities,Modern Sulabh-type public sanitation facility with running water and septic tank in Panchavati bus stand,1290000.0,1290000.0,1283000.0,7000.0,Completed,2023-05-21,2023-07-16,2023-09-29,2023-24,23.5117,78.64717,True
MPLADS-2023-KA-0174,Pralhad Joshi,Lok Sabha,Dharwad (Lok Sabha),Karnataka,Dharwad,Kalghatgi,Kalyanpur,PWD Karnataka,Solar & Public Lighting,Illumination of village approach road and panchayat center with dusk-to-dawn solar luminaires at Kalyanpur,770000.0,578000.0,206000.0,372000.0,In Progress,2023-10-01,2023-11-26,,2023-24,15.19441,75.25142,True
MPLADS-2023-GU-0175,Hasmukh Patel,Lok Sabha,Ahmedabad East (Lok Sabha),Gujarat,Ahmedabad,Naroda,Sitarampur,R&B Dept Gujarat,School Classroom & Education,"Construction of two additional smart classrooms in Zilla Parishad High School, Sitarampur",700000.0,700000.0,666000.0,34000.0,Completed,2023-08-03,2023-09-08,2024-02-21,2023-24,23.20811,72.36641,True
MPLADS-2023-WB-0176,Raju Bista,Lok Sabha,Darjeeling (Lok Sabha),West Bengal,Darjeeling,Mirik,Chitrakoot,Gorkhaland Territorial Admin,Rural Road & Culvert,Inter-hamlet link road paving connecting agricultural mandi to Chitrakoot,3080000.0,3080000.0,2915000.0,165000.0,Completed,2023-06-06,2023-06-30,2023-10-04,2023-24,26.78326,88.16707,True
MPLADS-2023-WB-0177,Shatrughan Sinha,Lok Sabha,Asansol (Lok Sabha),West Bengal,Paschim Bardhaman,Raniganj,Lakshmipuram,Asansol Durgapur Dev Authority,Rural Road & Culvert,Bituminous road widening and storm-water drainage culvert in Lakshmipuram,2730000.0,2730000.0,2689000.0,41000.0,Completed,2023-05-29,2023-07-16,2024-02-22,2023-24,23.73947,86.9188,True
MPLADS-2023-WB-0178,Jagannath Sarkar,Lok Sabha,Ranaghat (Lok Sabha),West Bengal,Nadia,Chakdaha,Ganeshpur,Zilla Parishad Nadia,Solar & Public Lighting,Installation of 30 standalone LED solar street lights across major junctions in Ganeshpur,310000.0,310000.0,304000.0,6000.0,Completed,2023-10-23,2023-12-07,2024-02-03,2023-24,22.88244,88.26305,True
MPLADS-2023-KE-0179,Hibi Eden,Lok Sabha,Ernakulam (Lok Sabha),Kerala,Ernakulam,Kochi,Green Park,Kochi Municipal Corp,Solar & Public Lighting,Illumination of village approach road and panchayat center with dusk-to-dawn solar luminaires at Green Park,610000.0,610000.0,589000.0,21000.0,Completed,2023-12-28,2024-02-19,2024-05-09,2023-24,10.12285,76.54685,True
MPLADS-2023-TE-0180,G. Kishan Reddy,Lok Sabha,Secunderabad (Lok Sabha),Telangana,Hyderabad Suburbs,Jubilee Hills,Indira Nagar,Telangana PWD,Drinking Water Facility,Upgradation of pipeline distribution and community water tap stands in Indira Nagar,1540000.0,1540000.0,1476000.0,64000.0,Completed,2023-10-30,2023-12-09,2024-02-24,2023-24,17.35191,78.25515,True
MPLADS-2023-GU-0181,Hasmukh Patel,Lok Sabha,Ahmedabad East (Lok Sabha),Gujarat,Ahmedabad,Nikol,Devipura,Ahmedabad Municipal Corp (AMC),Community Infrastructure,Construction of multipurpose community hall / Barat Ghar in Devipura,4110000.0,4110000.0,3997000.0,113000.0,Completed,2023-06-06,2023-07-14,2024-02-03,2023-24,23.14151,72.50897,True
MPLADS-2023-AS-0182,Sarbananda Sonowal,Lok Sabha,Dibrugarh (Lok Sabha),Assam,Dibrugarh,Moran,Chitrakoot,Assam PWD Roads,Drinking Water Facility,Upgradation of pipeline distribution and community water tap stands in Chitrakoot,460000.0,345000.0,127000.0,218000.0,In Progress,2023-07-18,2023-09-03,,2023-24,27.19855,95.15376,True
MPLADS-2023-MP-0183,Alok Sharma,Lok Sabha,Bhopal (Lok Sabha),Madhya Pradesh,Bhopal,Kolar,Indira Nagar,PWD MP,Community Infrastructure,Construction of multi-utility cyclone / flood safety community shelter at Indira Nagar,4910000.0,4910000.0,4789000.0,121000.0,Completed,2024-02-09,2024-04-03,2025-01-16,2023-24,23.49052,77.24981,True
MPLADS-2023-MA-0184,Naresh Mhaske,Lok Sabha,Thane (Lok Sabha),Maharashtra,Thane,Bhiwandi,Nehru Colony,PWD Thane,Rural Road & Culvert,Bituminous road widening and storm-water drainage culvert in Nehru Colony,4630000.0,4630000.0,4268000.0,362000.0,Completed,2023-10-23,2023-12-13,2024-07-25,2023-24,19.01889,72.92198,True
MPLADS-2023-TN-0185,Su. Venkatesan,Lok Sabha,Madurai (Lok Sabha),Tamil Nadu,Madurai,Melur,Shivaji Nagar,PWD Water Resources,Sports & Youth Welfare,Construction of pavilion seating shed and sports training facility in Gram Panchayat Shivaji Nagar,1340000.0,1340000.0,1239000.0,101000.0,Completed,2023-06-19,2023-07-07,2023-10-16,2023-24,10.03856,78.10976,True
MPLADS-2023-KA-0186,Pralhad Joshi,Lok Sabha,Dharwad (Lok Sabha),Karnataka,Dharwad,Kundgol,Sardar Patel Nagar,Hubballi-Dharwad Smart City,Rural Road & Culvert,Inter-hamlet link road paving connecting agricultural mandi to Sardar Patel Nagar,1790000.0,1790000.0,1687000.0,103000.0,Completed,2024-01-29,2024-03-02,2024-09-09,2023-24,15.79801,74.69615,True
MPLADS-2023-WB-0187,Abu Taher Khan,Lok Sabha,Murshidabad (Lok Sabha),West Bengal,Murshidabad,Lalbagh,Lakshmipuram,Zilla Parishad Murshidabad,Drinking Water Facility,Upgradation of pipeline distribution and community water tap stands in Lakshmipuram,480000.0,360000.0,166000.0,194000.0,In Progress,2023-11-07,2023-12-23,,2023-24,23.98608,88.32111,True
MPLADS-2023-AS-0188,Sarbananda Sonowal,Lok Sabha,Dibrugarh (Lok Sabha),Assam,Dibrugarh,Moran,Khadki,Assam PWD Roads,Community Infrastructure,Construction of multipurpose community hall / Barat Ghar in Khadki,3110000.0,3110000.0,3051000.0,59000.0,Completed,2023-09-08,2023-09-27,2024-05-10,2023-24,27.32546,94.84552,True
MPLADS-2023-TN-0189,Su. Venkatesan,Lok Sabha,Madurai (Lok Sabha),Tamil Nadu,Madurai,Vadipatti,Surya Nagar,PWD Water Resources,Rural Road & Culvert,Laying of heavy-duty interlocking paver block street in Surya Nagar settlement,3030000.0,3030000.0,2918000.0,112000.0,Completed,2023-11-10,2023-12-10,2024-05-27,2023-24,10.09726,77.9249,True
MPLADS-2023-GO-0190,Shripad Yesso Naik,Lok Sabha,North Goa (Lok Sabha),Goa,North Goa,Bardez,Sitarampur,DRDA North Goa,Rural Road & Culvert,Construction of reinforced concrete box culvert on arterial approach road at Sitarampur,2030000.0,1015000.0,715000.0,300000.0,In Progress,2023-09-27,2023-11-03,,2023-24,15.24341,73.61589,True
MPLADS-2023-KE-0191,Hibi Eden,Lok Sabha,Ernakulam (Lok Sabha),Kerala,Ernakulam,Kochi,Sitarampur,Kochi Municipal Corp,Community Infrastructure,Renovation and structural expansion of Gram Panchayat community auditorium in Sitarampur,4140000.0,4140000.0,3296000.0,844000.0,In Progress,2023-11-16,2024-01-07,,2023-24,10.06877,76.55487,True
MPLADS-2023-KE-0192,M. K. Raghavan,Lok Sabha,Kozhikode (Lok Sabha),Kerala,Kozhikode,Koyilandy,Sundar Nagar,Kerala Local Self Govt Dept,Community Infrastructure,Renovation and structural expansion of Gram Panchayat community auditorium in Sundar Nagar,4910000.0,4910000.0,4653000.0,257000.0,Completed,2024-01-28,2024-02-29,2024-07-07,2023-24,10.94862,76.01259,True
MPLADS-2023-UP-0193,Ravi Kishan,Lok Sabha,Gorakhpur (Lok Sabha),Uttar Pradesh,Gorakhpur,Campierganj,Ganeshpur,DRDA Gorakhpur,School Classroom & Education,Upgradation of primary school infrastructure with disabled-friendly ramps and smart board in Ganeshpur,2410000.0,2410000.0,2292000.0,118000.0,Completed,2023-11-17,2023-12-04,2024-04-19,2023-24,26.74354,83.1288,True
MPLADS-2023-UP-0194,Imran Masood,Lok Sabha,Saharanpur (Lok Sabha),Uttar Pradesh,Saharanpur,Nakur,Devipura,PWD Saharanpur,Community Infrastructure,Development of public cultural center and community shed at Devipura,1640000.0,1640000.0,1600000.0,40000.0,Completed,2023-11-11,2024-01-10,2024-08-10,2023-24,29.8789,77.39323,True
MPLADS-2023-MP-0195,Ashish Dubey,Lok Sabha,Jabalpur (Lok Sabha),Madhya Pradesh,Jabalpur,Kundam,Sitarampur,Jabalpur Smart City,Solar & Public Lighting,Illumination of village approach road and panchayat center with dusk-to-dawn solar luminaires at Sitarampur,310000.0,310000.0,304000.0,6000.0,Completed,2024-01-11,2024-02-01,2024-04-13,2023-24,23.50659,80.05829,True
MPLADS-2023-MA-0196,Shahu Chhatrapati,Lok Sabha,Kolhapur (Lok Sabha),Maharashtra,Kolhapur,Karveer,Navi Vasti,Kolhapur Municipal Corp,Drinking Water Facility,Upgradation of pipeline distribution and community water tap stands in Navi Vasti,2770000.0,2770000.0,2600000.0,170000.0,Completed,2023-10-18,2023-12-16,2024-03-18,2023-24,16.80545,74.12323,True
MPLADS-2023-MA-0197,Udayanraje Bhosale,Lok Sabha,Satara (Lok Sabha),Maharashtra,Satara,Karad,Shanti Nagar,DRDA Satara,Community Infrastructure,Construction of cremation ground covered shed (Shmashan Ghat) with solar lights in Shanti Nagar,1560000.0,1560000.0,1536000.0,24000.0,Completed,2023-07-02,2023-08-05,2024-01-21,2023-24,17.48908,73.746,True
MPLADS-2023-UP-0198,Chhatrapal Singh Gangwar,Lok Sabha,Bareilly (Lok Sabha),Uttar Pradesh,Bareilly,Bithri Chainpur,Ambedkar Basti,DRDA Bareilly,Sanitation & Public Amenities,Construction of community sanitary complex with dedicated women hygiene cubicles at Ambedkar Basti,1060000.0,1060000.0,1008000.0,52000.0,Completed,2023-06-07,2023-07-31,2023-11-27,2023-24,28.58333,79.19628,True
MPLADS-2023-KA-0199,Dr. C. N. Manjunath,Lok Sabha,Bangalore Rural (Lok Sabha),Karnataka,Bangalore Rural,Nelamangala,Bhavani Peth,Zilla Panchayat Bangalore Rural,Community Infrastructure,Construction of multi-utility cyclone / flood safety community shelter at Bhavani Peth,2500000.0,2500000.0,2467000.0,33000.0,Completed,2023-07-29,2023-09-10,2024-05-07,2023-24,13.57538,77.33081,True
MPLADS-2023-AS-0200,Parimal Suklabaidya,Lok Sabha,Silchar (Lok Sabha),Assam,Cachar,Udharbond,Patel Nagar,Assam PHE Dept,Sports & Youth Welfare,Development of rural youth sports playground with multi-sport court and chain-link fencing at Patel Nagar,900000.0,450000.0,383000.0,67000.0,In Progress,2023-06-22,2023-08-02,,2023-24,24.51983,92.76531,True
MPLADS-2023-MP-0201,Anil Firojiya,Lok Sabha,Ujjain (Lok Sabha),Madhya Pradesh,Ujjain,Mahidpur,Tilak Nagar,PWD Ujjain,Rural Road & Culvert,Inter-hamlet link road paving connecting agricultural mandi to Tilak Nagar,750000.0,750000.0,741000.0,9000.0,Completed,2023-08-18,2023-09-12,2024-01-03,2023-24,23.48899,75.59393,True
MPLADS-2023-KA-0202,Yaduveer Krishnadatta Chamaraja Wadiyar,Lok Sabha,Mysore (Lok Sabha),Karnataka,Mysuru,Hunsur,Chandrapur,Zilla Panchayat Mysuru,Drinking Water Facility,Deployment of solar water pumping system and distribution cistern in Chandrapur,860000.0,860000.0,855000.0,5000.0,Completed,2023-05-12,2023-06-20,2023-09-15,2023-24,12.49977,76.38572,True
MPLADS-2023-BI-0203,Gopal Jee Thakur,Lok Sabha,Darbhanga (Lok Sabha),Bihar,Darbhanga,Keoti,Rajendra Nagar,PHED Darbhanga,Community Infrastructure,Construction of multi-utility cyclone / flood safety community shelter at Rajendra Nagar,1520000.0,912000.0,577000.0,335000.0,In Progress,2021-12-09,2022-01-08,,2023-24,25.97055,85.62709,True
MPLADS-2023-WB-0204,June Malia,Lok Sabha,Medinipur (Lok Sabha),West Bengal,Paschim Medinipur,Midnapore Sadar,Gopalganj,Paschim Medinipur Zilla Parishad,Community Infrastructure,Construction of multi-utility cyclone / flood safety community shelter at Gopalganj,3380000.0,3380000.0,3234000.0,146000.0,Completed,2023-12-20,2024-02-13,2024-06-12,2023-24,22.50607,87.13829,True
MPLADS-2023-KA-0205,Tejasvi Surya,Lok Sabha,Bangalore South (Lok Sabha),Karnataka,Bangalore Urban,Basavanagudi,Surya Nagar,Karnataka Urban Infra Dev Corp,Rural Road & Culvert,Construction of reinforced concrete box culvert on arterial approach road at Surya Nagar,4310000.0,4310000.0,852000.0,3458000.0,Stalled,2021-08-25,2021-10-07,,2023-24,12.58627,77.78576,True
MPLADS-2023-TN-0206,Su. Venkatesan,Lok Sabha,Madurai (Lok Sabha),Tamil Nadu,Madurai,Madurai East,Subhash Nagar,DRDA Madurai,Rural Road & Culvert,Construction of cement concrete (CC) internal village road at Subhash Nagar,1560000.0,1560000.0,1555000.0,5000.0,Completed,2023-06-29,2023-08-04,2024-03-03,2023-24,10.01742,78.33785,True
MPLADS-2023-UP-0207,Imran Masood,Lok Sabha,Saharanpur (Lok Sabha),Uttar Pradesh,Saharanpur,Nakur,Gandhi Gram,PWD Saharanpur,Rural Road & Culvert,Bituminous road widening and storm-water drainage culvert in Gandhi Gram,3160000.0,3160000.0,2398000.0,762000.0,In Progress,2023-09-06,2023-10-11,,2023-24,29.64353,77.64803,True
MPLADS-2023-BI-0208,Pappu Yadav,Lok Sabha,Purnia (Lok Sabha),Bihar,Purnia,Kasba,Subhash Nagar,PHED Purnia,Rural Road & Culvert,Construction of cement concrete (CC) internal village road at Subhash Nagar,2900000.0,2175000.0,1583000.0,592000.0,In Progress,2023-10-22,2023-12-03,,2023-24,25.55787,87.60975,True
MPLADS-2023-MP-0209,Anil Firojiya,Lok Sabha,Ujjain (Lok Sabha),Madhya Pradesh,Ujjain,Ghatiya,Shanti Nagar,Ujjain Smart City,Rural Road & Culvert,Laying of heavy-duty interlocking paver block street in Shanti Nagar settlement,2310000.0,2310000.0,2215000.0,95000.0,Completed,2024-01-05,2024-01-31,2024-07-14,2023-24,23.04105,75.86034,True
MPLADS-2023-KA-0210,Tejasvi Surya,Lok Sabha,Bangalore South (Lok Sabha),Karnataka,Bangalore Urban,Jayanagar,Mahavir Nagar,BWSSB Karnataka,Rural Road & Culvert,Inter-hamlet link road paving connecting agricultural mandi to Mahavir Nagar,2340000.0,2340000.0,2207000.0,133000.0,Completed,2023-08-19,2023-09-30,2024-04-10,2023-24,12.82922,77.79457,True
MPLADS-2023-AS-0211,Bijuli Kalita Medhi,Lok Sabha,Gauhati (Lok Sabha),Assam,Kamrup Metropolitan,Dispur,Chitrakoot,Guwahati Municipal Corp,Solar & Public Lighting,Installation of solar mini-grid powered street lighting and battery bank at Chitrakoot,280000.0,280000.0,269000.0,11000.0,Completed,2023-07-30,2023-08-18,2023-10-23,2023-24,25.81717,91.49361,True
MPLADS-2023-KA-0212,Yaduveer Krishnadatta Chamaraja Wadiyar,Lok Sabha,Mysore (Lok Sabha),Karnataka,Mysuru,T. Narasipura,Sundar Nagar,Zilla Panchayat Mysuru,School Classroom & Education,"Erection of protective boundary wall and main gate for Government Senior Secondary School, Sundar Nagar",1610000.0,1610000.0,1524000.0,86000.0,Completed,2023-09-08,2023-10-18,2024-03-20,2023-24,12.07603,76.65182,True
MPLADS-2023-AP-0213,M. Sribharat,Lok Sabha,Visakhapatnam (Lok Sabha),Andhra Pradesh,Visakhapatnam,Pendurthi,Mahavir Nagar,AP PWD,Rural Road & Culvert,Construction of reinforced concrete box culvert on arterial approach road at Mahavir Nagar,1360000.0,816000.0,546000.0,270000.0,In Progress,2021-12-02,2022-01-01,,2023-24,17.64838,82.92995,True
MPLADS-2023-ME-0214,Ricky Andrew Syngkon,Lok Sabha,Shillong (Lok Sabha),Meghalaya,East Khasi Hills,Mawsynram,Sundar Nagar,DRDA East Khasi Hills,School Classroom & Education,Upgradation of primary school infrastructure with disabled-friendly ramps and smart board in Sundar Nagar,1150000.0,1150000.0,794000.0,356000.0,In Progress,2023-06-20,2023-07-24,,2023-24,25.48184,91.70027,True
MPLADS-2023-WB-0215,Prasun Banerjee,Lok Sabha,Howrah (Lok Sabha),West Bengal,Howrah,Uluberia,Shivpur,WB PWD Howrah,Drinking Water Facility,Deployment of solar water pumping system and distribution cistern in Shivpur,1160000.0,928000.0,482000.0,446000.0,In Progress,2022-03-11,2022-04-10,,2023-24,22.74765,88.24867,True
MPLADS-2023-MP-0216,Bharat Singh Kushwah,Lok Sabha,Gwalior (Lok Sabha),Madhya Pradesh,Gwalior,Morar,Shivaji Nagar,Gwalior Municipal Corp,Solar & Public Lighting,Installation of 30 standalone LED solar street lights across major junctions in Shivaji Nagar,680000.0,680000.0,542000.0,138000.0,In Progress,2023-12-21,2024-02-17,,2023-24,25.99567,78.50919,True
MPLADS-2023-KA-0217,Jagadish Shettar,Lok Sabha,Belagavi (Lok Sabha),Karnataka,Belagavi,Gokak,Tilak Nagar,Belagavi City Corp,Rural Road & Culvert,Inter-hamlet link road paving connecting agricultural mandi to Tilak Nagar,990000.0,742000.0,627000.0,115000.0,In Progress,2023-07-25,2023-08-29,,2023-24,15.67512,74.59224,True
MPLADS-2023-AP-0218,Pemmasani Chandra Sekhar,Lok Sabha,Guntur (Lok Sabha),Andhra Pradesh,Guntur,Tadepalle,Vikas Nagar,AP PWD,School Classroom & Education,Upgradation of primary school infrastructure with disabled-friendly ramps and smart board in Vikas Nagar,780000.0,780000.0,741000.0,39000.0,Completed,2023-06-26,2023-08-21,2024-01-07,2023-24,16.46114,80.5101,True
MPLADS-2023-AP-0219,M. Sribharat,Lok Sabha,Visakhapatnam (Lok Sabha),Andhra Pradesh,Visakhapatnam,Anandapuram,Khadki,Greater Visakhapatnam Municipal Corp (GVMC),Solar & Public Lighting,Illumination of village approach road and panchayat center with dusk-to-dawn solar luminaires at Khadki,870000.0,870000.0,863000.0,7000.0,Completed,2023-10-31,2023-12-21,2024-02-23,2023-24,17.53957,83.53816,True
MPLADS-2023-GU-0220,Mukesh Dalal,Lok Sabha,Surat (Lok Sabha),Gujarat,Surat,Choryasi,Ganeshpur,Roads & Buildings Dept Gujarat,Rural Road & Culvert,Construction of cement concrete (CC) internal village road at Ganeshpur,970000.0,970000.0,920000.0,50000.0,Completed,2023-12-04,2024-01-14,2024-07-03,2023-24,21.33414,73.08364,True
MPLADS-2023-MP-0221,Shankar Lalwani,Lok Sabha,Indore (Lok Sabha),Madhya Pradesh,Indore,Mhow,Tagore Pally,PWD Indore,Rural Road & Culvert,Inter-hamlet link road paving connecting agricultural mandi to Tagore Pally,1230000.0,1230000.0,1160000.0,70000.0,Completed,2023-08-15,2023-09-06,2024-03-12,2023-24,22.97451,75.80039,True
MPLADS-2023-MA-0222,Shahu Chhatrapati,Lok Sabha,Kolhapur (Lok Sabha),Maharashtra,Kolhapur,Radhanagari,Shivaji Nagar,Kolhapur Municipal Corp,Rural Road & Culvert,Bituminous road widening and storm-water drainage culvert in Shivaji Nagar,1990000.0,1990000.0,1873000.0,117000.0,Completed,2023-11-26,2024-01-12,2024-07-20,2023-24,16.70881,74.56998,True
MPLADS-2023-WB-0223,Shatrughan Sinha,Lok Sabha,Asansol (Lok Sabha),West Bengal,Paschim Bardhaman,Raniganj,Patel Nagar,Asansol Durgapur Dev Authority,Community Infrastructure,Construction of multi-utility cyclone / flood safety community shelter at Patel Nagar,4590000.0,4590000.0,4343000.0,247000.0,Completed,2023-11-27,2024-01-22,2024-06-24,2023-24,23.94162,87.11166,True
MPLADS-2023-HP-0224,Suresh Kumar Kashyap,Lok Sabha,Shimla (Lok Sabha),Himachal Pradesh,Shimla,Rohru,Balarampur,HP PWD,Rural Road & Culvert,Construction of reinforced concrete box culvert on arterial approach road at Balarampur,2190000.0,2190000.0,2116000.0,74000.0,Completed,2024-01-09,2024-02-16,2024-10-03,2023-24,30.9506,77.51576,True
MPLADS-2023-ME-0225,Ricky Andrew Syngkon,Lok Sabha,Shillong (Lok Sabha),Meghalaya,East Khasi Hills,Mawphlang,Balarampur,Meghalaya PWD,Drinking Water Facility,Upgradation of pipeline distribution and community water tap stands in Balarampur,1610000.0,1610000.0,1485000.0,125000.0,Completed,2023-06-13,2023-07-21,2023-09-08,2023-24,25.32473,91.77643,True
MPLADS-2023-GU-0226,Nimuben Bambhaniya,Lok Sabha,Bhavnagar (Lok Sabha),Gujarat,Bhavnagar,Talaja,Chitrakoot,Bhavnagar Municipal Corp,Community Infrastructure,Development of public cultural center and community shed at Chitrakoot,4030000.0,4030000.0,3780000.0,250000.0,Completed,2023-09-11,2023-11-04,2024-05-28,2023-24,21.76962,72.1587,True
MPLADS-2023-GU-0227,Nimuben Bambhaniya,Lok Sabha,Bhavnagar (Lok Sabha),Gujarat,Bhavnagar,Mahuva,Shivpur,Gujarat PWD,Drinking Water Facility,Upgradation of pipeline distribution and community water tap stands in Shivpur,1310000.0,1310000.0,1041000.0,269000.0,In Progress,2024-01-24,2024-03-05,,2023-24,21.83234,71.98777,True
MPLADS-2023-TE-0228,G. Kishan Reddy,Lok Sabha,Secunderabad (Lok Sabha),Telangana,Hyderabad Suburbs,Amberpet,Rajendra Nagar,HMWSSB Secunderabad,Rural Road & Culvert,Construction of reinforced concrete box culvert on arterial approach road at Rajendra Nagar,3280000.0,3280000.0,3130000.0,150000.0,Completed,2023-10-12,2023-12-05,2024-04-01,2023-24,17.22345,78.45703,True
MPLADS-2023-KA-0229,Tejasvi Surya,Lok Sabha,Bangalore South (Lok Sabha),Karnataka,Bangalore Urban,Jayanagar,Kaveri Nagar,Karnataka Urban Infra Dev Corp,Drinking Water Facility,Deployment of solar water pumping system and distribution cistern in Kaveri Nagar,1460000.0,1460000.0,1420000.0,40000.0,Completed,2023-05-02,2023-06-16,2023-09-30,2023-24,12.94273,77.45343,True
MPLADS-2023-MA-0230,Praniti Shinde,Lok Sabha,Solapur (Lok Sabha),Maharashtra,Solapur,Pandharpur,Ambedkar Basti,PWD Solapur,Drinking Water Facility,Upgradation of pipeline distribution and community water tap stands in Ambedkar Basti,1220000.0,1220000.0,1213000.0,7000.0,Completed,2023-08-05,2023-09-01,2023-11-23,2023-24,17.84972,76.04983,True
MPLADS-2023-MA-0231,Bimol Akoijam,Lok Sabha,Inner Manipur (Lok Sabha),Manipur,Imphal East,Sawombung,Nehru Colony,Manipur DRDA,School Classroom & Education,"Provision of STEM science laboratory equipment, computer lab furniture and student desks at Nehru Colony",1150000.0,862000.0,750000.0,112000.0,In Progress,2024-01-04,2024-02-24,,2023-24,25.03023,93.79012,True
MPLADS-2023-BI-0232,Jitan Ram Manjhi,Lok Sabha,Gaya (Lok Sabha),Bihar,Gaya,Tekari,Madhavpuram,PHED Bihar,Rural Road & Culvert,Laying of heavy-duty interlocking paver block street in Madhavpuram settlement,1140000.0,1140000.0,1081000.0,59000.0,Completed,2023-08-17,2023-10-05,2024-06-01,2023-24,24.6089,84.68574,True
MPLADS-2023-RA-0233,Gajendra Singh Shekhawat,Lok Sabha,Jodhpur (Lok Sabha),Rajasthan,Jodhpur,Bilara,Kalyanpur,Jodhpur Dev Authority,Drinking Water Facility,Upgradation of pipeline distribution and community water tap stands in Kalyanpur,3420000.0,3420000.0,3299000.0,121000.0,Sanctioned,2021-06-29,2021-07-29,,2023-24,26.22311,72.81392,True
MPLADS-2023-BI-0234,Pappu Yadav,Lok Sabha,Purnia (Lok Sabha),Bihar,Purnia,Dagarua,Chandrapur,PHED Purnia,Sports & Youth Welfare,"Installation of open-air fitness gym equipment and rubberized track in public park, Chandrapur",1080000.0,540000.0,464000.0,76000.0,In Progress,2023-12-30,2024-01-28,,2023-24,25.54965,87.74287,True
MPLADS-2023-MA-0235,Murlidhar Mohol,Lok Sabha,Pune (Lok Sabha),Maharashtra,Pune,Ambegaon,Krishnapuram,MSEDCL Maharashtra,Sanitation & Public Amenities,Construction of passenger waiting shelter and public utility block near bus stop in Krishnapuram,1280000.0,1280000.0,1276000.0,4000.0,Completed,2023-08-31,2023-09-15,2023-11-30,2023-24,18.48844,73.95562,True
MPLADS-2023-RA-0236,Manna Lal Rawat,Lok Sabha,Udaipur (Lok Sabha),Rajasthan,Udaipur,Vallabhnagar,Ganeshpur,PWD Udaipur,Rural Road & Culvert,Bituminous road widening and storm-water drainage culvert in Ganeshpur,2930000.0,2930000.0,2876000.0,54000.0,Completed,2023-06-23,2023-07-29,2023-10-30,2023-24,24.75103,73.91604,True
MPLADS-2023-AP-0237,Kesineni Sivanath,Lok Sabha,Vijayawada (Lok Sabha),Andhra Pradesh,NTR / Krishna,Mylavaram,Sitarampur,AP Panchayat Raj Dept,Drinking Water Facility,Installation of fluorosis/arsenic filtration drinking water unit in Sitarampur school campus,1070000.0,1070000.0,1015000.0,55000.0,Completed,2023-10-23,2023-11-12,2024-02-06,2023-24,16.81128,80.30278,True
MPLADS-2023-MP-0238,Shankar Lalwani,Lok Sabha,Indore (Lok Sabha),Madhya Pradesh,Indore,Rau,Subhash Nagar,Indore Dev Authority,Drinking Water Facility,Deployment of solar water pumping system and distribution cistern in Subhash Nagar,1380000.0,1380000.0,1302000.0,78000.0,Completed,2023-08-12,2023-08-27,2023-10-26,2023-24,22.69538,75.6195,True
MPLADS-2023-ME-0239,Ricky Andrew Syngkon,Lok Sabha,Shillong (Lok Sabha),Meghalaya,East Khasi Hills,Mylliem,Patel Nagar,DRDA East Khasi Hills,Drinking Water Facility,Deployment of solar water pumping system and distribution cistern in Patel Nagar,1010000.0,1010000.0,952000.0,58000.0,Completed,2023-12-01,2023-12-24,2024-04-17,2023-24,25.86776,92.07345,True
MPLADS-2023-AS-0240,Bijuli Kalita Medhi,Lok Sabha,Gauhati (Lok Sabha),Assam,Kamrup Metropolitan,Jalukbari,Chitrakoot,DRDA Kamrup,Rural Road & Culvert,Construction of reinforced concrete box culvert on arterial approach road at Chitrakoot,2450000.0,2450000.0,2376000.0,74000.0,Completed,2023-10-03,2023-12-02,2024-07-08,2023-24,25.93601,91.76186,True
MPLADS-2023-MA-0241,Shahu Chhatrapati,Lok Sabha,Kolhapur (Lok Sabha),Maharashtra,Kolhapur,Radhanagari,Gopalganj,PWD Kolhapur,Solar & Public Lighting,Erection of high-mast 16-meter LED solar illumination tower near market square in Gopalganj,930000.0,930000.0,877000.0,53000.0,Completed,2023-05-17,2023-07-02,2023-08-09,2023-24,16.71427,74.21306,True
MPLADS-2023-UP-0242,Imran Masood,Lok Sabha,Saharanpur (Lok Sabha),Uttar Pradesh,Saharanpur,Sarsawa,Shivpur,DRDA Saharanpur,Drinking Water Facility,Upgradation of pipeline distribution and community water tap stands in Shivpur,1520000.0,1140000.0,460000.0,680000.0,In Progress,2024-01-22,2024-02-19,,2023-24,29.66253,77.89109,True
MPLADS-2023-UP-0243,Atul Garg,Lok Sabha,Ghaziabad (Lok Sabha),Uttar Pradesh,Ghaziabad,Muradnagar,Nandgaon,UP Jal Nigam,Rural Road & Culvert,Bituminous road widening and storm-water drainage culvert in Nandgaon,2800000.0,2100000.0,1785000.0,315000.0,In Progress,2023-11-02,2023-12-28,,2023-24,28.95394,77.36675,True
MPLADS-2023-ME-0244,Ricky Andrew Syngkon,Lok Sabha,Shillong (Lok Sabha),Meghalaya,East Khasi Hills,Mawsynram,Krishnapuram,Meghalaya PWD,School Classroom & Education,"Installation of rooftop solar generation system and clean drinking facility in Govt School, Krishnapuram",1600000.0,1200000.0,966000.0,234000.0,In Progress,2023-04-02,2023-05-01,,2023-24,25.60991,91.91565,True
MPLADS-2023-WB-0245,Raju Bista,Lok Sabha,Darjeeling (Lok Sabha),West Bengal,Darjeeling,Siliguri Rural,Navi Vasti,Siliguri Jalpaiguri Dev Authority,Rural Road & Culvert,Bituminous road widening and storm-water drainage culvert in Navi Vasti,3310000.0,3310000.0,3258000.0,52000.0,Completed,2023-04-17,2023-05-09,2023-08-11,2023-24,26.85947,87.9634,True
MPLADS-2023-OD-0246,Aparajita Sarangi,Lok Sabha,Bhubaneswar (Lok Sabha),Odisha,Khurda,Khurda Sadar,Chandrapur,RWSS Odisha,Rural Road & Culvert,Construction of cement concrete (CC) internal village road at Chandrapur,1710000.0,1368000.0,643000.0,725000.0,In Progress,2022-02-20,2022-03-22,,2023-24,20.58758,85.87778,True
MPLADS-2023-OD-0247,Sambit Patra,Lok Sabha,Puri (Lok Sabha),Odisha,Puri,Satyabadi,Navi Vasti,Odisha Rural Dev Dept,Solar & Public Lighting,Erection of high-mast 16-meter LED solar illumination tower near market square in Navi Vasti,640000.0,640000.0,629000.0,11000.0,Completed,2023-05-02,2023-06-03,2023-07-14,2023-24,19.9017,85.78024,True
MPLADS-2023-RA-0248,Manju Sharma,Lok Sabha,Jaipur (Lok Sabha),Rajasthan,Jaipur,Bassi,Bhojpur,PHED Rajasthan,Community Infrastructure,Construction of cremation ground covered shed (Shmashan Ghat) with solar lights in Bhojpur,3940000.0,3940000.0,3827000.0,113000.0,Completed,2023-06-16,2023-07-27,2024-01-24,2023-24,27.15694,75.64782,True
MPLADS-2023-DE-0249,Bansuri Swaraj,Lok Sabha,New Delhi (Lok Sabha),Delhi,New Delhi,Delhi Cantt,Tagore Pally,NDMC New Delhi,Drinking Water Facility,Installation of fluorosis/arsenic filtration drinking water unit in Tagore Pally school campus,1140000.0,684000.0,463000.0,221000.0,In Progress,2022-01-02,2022-02-01,,2023-24,28.85689,76.92372,True
MPLADS-2023-PU-0250,Gurjeet Singh Aujla,Lok Sabha,Amritsar (Lok Sabha),Punjab,Amritsar,Ajnala,Bhojpur,Punjab Mandi Board,Solar & Public Lighting,Installation of 30 standalone LED solar street lights across major junctions in Bhojpur,1080000.0,1080000.0,1045000.0,35000.0,Completed,2024-01-26,2024-02-22,2024-05-17,2023-24,31.91892,74.73453,True
MPLADS-2023-UP-0251,Arun Govil,Lok Sabha,Meerut (Lok Sabha),Uttar Pradesh,Meerut,Sardhana,Gopalganj,PWD Meerut,Sanitation & Public Amenities,Provision of solid-liquid waste collection shed and composting unit at Gram Panchayat Gopalganj,1310000.0,1310000.0,1250000.0,60000.0,Completed,2024-02-04,2024-04-03,2024-06-23,2023-24,29.17736,77.62286,True
MPLADS-2023-AP-0252,Pemmasani Chandra Sekhar,Lok Sabha,Guntur (Lok Sabha),Andhra Pradesh,Guntur,Tenali,Surya Nagar,AP Panchayat Raj Dept,Community Infrastructure,Renovation and structural expansion of Gram Panchayat community auditorium in Surya Nagar,3130000.0,3130000.0,3017000.0,113000.0,Completed,2023-09-11,2023-10-26,2024-07-16,2023-24,16.56156,80.60538,True
MPLADS-2023-UP-0253,Awadhesh Prasad,Lok Sabha,Faizabad (Lok Sabha),Uttar Pradesh,Ayodhya,Bikapur,Panchavati,UP Jal Nigam Ayodhya,Primary Health Sub-Center & Medical,"Supply of medical diagnostics, vaccine cold chain refrigerator and emergency triage beds at Panchavati",2480000.0,2480000.0,2356000.0,124000.0,Completed,2023-09-16,2023-10-13,2024-07-26,2023-24,27.08393,82.03229,True
MPLADS-2023-HP-0254,Suresh Kumar Kashyap,Lok Sabha,Shimla (Lok Sabha),Himachal Pradesh,Shimla,Solan Rural,Hanuman Nagar,HP Jal Shakti Vibhag,Primary Health Sub-Center & Medical,Civil construction of Ayushman Bharat Health & Wellness Centre dispensary in Hanuman Nagar,2010000.0,2010000.0,1965000.0,45000.0,Completed,2023-12-07,2024-01-25,2024-10-05,2023-24,30.77848,77.41609,True
MPLADS-2023-AS-0255,Bijuli Kalita Medhi,Lok Sabha,Gauhati (Lok Sabha),Assam,Kamrup Metropolitan,Dispur,Adarsh Nagar,Assam PWD,Solar & Public Lighting,Erection of high-mast 16-meter LED solar illumination tower near market square in Adarsh Nagar,310000.0,232000.0,96000.0,136000.0,In Progress,2023-04-05,2023-04-29,,2023-24,26.22698,91.85293,True
MPLADS-2023-KE-0256,Suresh Gopi,Lok Sabha,Thrissur (Lok Sabha),Kerala,Thrissur,Chalakudy,Rampur,Thrissur Corp,School Classroom & Education,Upgradation of primary school infrastructure with disabled-friendly ramps and smart board in Rampur,1380000.0,1380000.0,1320000.0,60000.0,Completed,2023-12-28,2024-01-13,2024-05-16,2023-24,10.74681,76.33622,True
MPLADS-2023-MA-0257,Rajabhau Waje,Lok Sabha,Nashik (Lok Sabha),Maharashtra,Nashik,Nashik Rural,Bhavani Peth,Zilla Parishad Nashik,Rural Road & Culvert,Construction of reinforced concrete box culvert on arterial approach road at Bhavani Peth,2080000.0,2080000.0,2071000.0,9000.0,Completed,2023-08-15,2023-09-21,2024-04-15,2023-24,20.043,74.13296,True
MPLADS-2023-WB-0258,Abu Taher Khan,Lok Sabha,Murshidabad (Lok Sabha),West Bengal,Murshidabad,Berhampore,Madhavpuram,WB PWD,Sanitation & Public Amenities,Construction of community sanitary complex with dedicated women hygiene cubicles at Madhavpuram,490000.0,490000.0,461000.0,29000.0,Completed,2023-10-11,2023-11-19,2024-01-19,2023-24,23.88288,88.52173,True
MPLADS-2023-TE-0259,Kadiyam Kavya,Lok Sabha,Warangal (Lok Sabha),Telangana,Warangal,Hanamkonda,Khadki,Mission Bhagiratha,Rural Road & Culvert,Bituminous road widening and storm-water drainage culvert in Khadki,3200000.0,3200000.0,3022000.0,178000.0,Completed,2024-01-16,2024-03-15,2024-08-23,2023-24,18.24842,79.63856,True
MPLADS-2023-UP-0260,S. P. Singh Baghel,Lok Sabha,Agra (Lok Sabha),Uttar Pradesh,Agra,Kheragarh,Kaveri Nagar,Agra Development Authority,School Classroom & Education,"Erection of protective boundary wall and main gate for Government Senior Secondary School, Kaveri Nagar",2030000.0,2030000.0,1975000.0,55000.0,Completed,2023-10-21,2023-12-20,2024-04-30,2023-24,27.41096,77.93051,True
MPLADS-2023-AP-0261,Pemmasani Chandra Sekhar,Lok Sabha,Guntur (Lok Sabha),Andhra Pradesh,Guntur,Ponnur,Adarsh Nagar,AP PWD,Primary Health Sub-Center & Medical,Upgradation of Primary Health Sub-Center with maternity care and diagnostics room at Adarsh Nagar,2150000.0,1720000.0,1000000.0,720000.0,In Progress,2022-03-08,2022-04-07,,2023-24,16.38641,80.50343,True
MPLADS-2023-GO-0262,Shripad Yesso Naik,Lok Sabha,North Goa (Lok Sabha),Goa,North Goa,Bardez,Green Park,DRDA North Goa,Community Infrastructure,Renovation and structural expansion of Gram Panchayat community auditorium in Green Park,2300000.0,2300000.0,2250000.0,50000.0,Completed,2023-10-10,2023-11-29,2024-04-18,2023-24,15.68142,73.68457,True
MPLADS-2023-WB-0263,Sudip Bandyopadhyay,Lok Sabha,Kolkata North (Lok Sabha),West Bengal,Kolkata,Shyampukur,Navi Vasti,KMDA,Drinking Water Facility,Provision of deep solar-powered borewell with 5000L elevated storage tank at Navi Vasti,1410000.0,1128000.0,573000.0,555000.0,In Progress,2022-01-08,2022-02-07,,2023-24,22.42384,88.11275,True
MPLADS-2023-MA-0264,Sandipan Bhumre,Lok Sabha,Aurangabad (Lok Sabha),Maharashtra,Chhatrapati Sambhajinagar,Phulambri,Tagore Pally,Zilla Parishad Aurangabad,Community Infrastructure,Renovation and structural expansion of Gram Panchayat community auditorium in Tagore Pally,1860000.0,1860000.0,1833000.0,27000.0,Completed,2023-09-29,2023-10-19,2024-05-24,2023-24,19.53484,75.28297,True
MPLADS-2023-GO-0265,Shripad Yesso Naik,Lok Sabha,North Goa (Lok Sabha),Goa,North Goa,Tiswadi,Anand Vihar,Goa PWD,Community Infrastructure,Development of public cultural center and community shed at Anand Vihar,3900000.0,2925000.0,1310000.0,1615000.0,In Progress,2023-06-11,2023-07-06,,2023-24,15.18519,73.78207,True
MPLADS-2023-KA-0266,Yaduveer Krishnadatta Chamaraja Wadiyar,Lok Sabha,Mysore (Lok Sabha),Karnataka,Mysuru,K.R. Nagar,Surya Nagar,PWD Mysuru,Rural Road & Culvert,Bituminous road widening and storm-water drainage culvert in Surya Nagar,2660000.0,2660000.0,2521000.0,139000.0,Completed,2024-01-30,2024-03-16,2024-06-15,2023-24,12.60998,76.52195,True
MPLADS-2023-KE-0267,Suresh Gopi,Lok Sabha,Thrissur (Lok Sabha),Kerala,Thrissur,Kodungallur,Subhash Nagar,Kerala PWD Roads,Community Infrastructure,Construction of multi-utility cyclone / flood safety community shelter at Subhash Nagar,1980000.0,1980000.0,1897000.0,83000.0,Completed,2024-02-03,2024-03-09,2024-10-16,2023-24,10.85571,76.06841,True
MPLADS-2023-MA-0268,Bimol Akoijam,Lok Sabha,Inner Manipur (Lok Sabha),Manipur,Imphal East,Keirao Bitra,Shivaji Nagar,Manipur PWD,Drinking Water Facility,Upgradation of pipeline distribution and community water tap stands in Shivaji Nagar,2070000.0,2070000.0,2028000.0,42000.0,Completed,2023-10-04,2023-11-13,2024-01-20,2023-24,24.9442,93.97187,True
MPLADS-2023-HA-0269,Rao Inderjit Singh,Lok Sabha,Gurgaon (Lok Sabha),Haryana,Gurugram,Pataudi,Patel Nagar,Haryana PWD (B&R),Primary Health Sub-Center & Medical,Upgradation of Primary Health Sub-Center with maternity care and diagnostics room at Patel Nagar,3010000.0,2258000.0,841000.0,1417000.0,In Progress,2023-12-12,2024-01-22,,2023-24,28.57056,77.17727,True
MPLADS-2023-MP-0270,Alok Sharma,Lok Sabha,Bhopal (Lok Sabha),Madhya Pradesh,Bhopal,Huzur,Rajendra Nagar,PWD MP,School Classroom & Education,"Installation of rooftop solar generation system and clean drinking facility in Govt School, Rajendra Nagar",1620000.0,1620000.0,1557000.0,63000.0,Completed,2023-11-01,2023-12-30,2024-06-21,2023-24,23.47851,77.47827,True
MPLADS-2023-UP-0271,Praveen Patel,Lok Sabha,Prayagraj (Lok Sabha),Uttar Pradesh,Prayagraj,Phulpur,Hanuman Nagar,UP Jal Sansthan,Solar & Public Lighting,Installation of 30 standalone LED solar street lights across major junctions in Hanuman Nagar,790000.0,790000.0,779000.0,11000.0,Completed,2023-10-22,2023-12-17,2024-01-22,2023-24,25.09318,81.67742,True
MPLADS-2023-RA-0272,Arjun Ram Meghwal,Lok Sabha,Bikaner (Lok Sabha),Rajasthan,Bikaner,Dungargarh,Anand Vihar,Rajasthan PWD,Rural Road & Culvert,Laying of heavy-duty interlocking paver block street in Anand Vihar settlement,1620000.0,1620000.0,1617000.0,3000.0,Completed,2024-01-27,2024-03-11,2024-10-10,2023-24,27.74608,73.25308,True
MPLADS-2023-UP-0273,Praveen Patel,Lok Sabha,Prayagraj (Lok Sabha),Uttar Pradesh,Prayagraj,Phulpur,Vikas Nagar,UP Jal Sansthan,Drinking Water Facility,Installation of fluorosis/arsenic filtration drinking water unit in Vikas Nagar school campus,1480000.0,1480000.0,1453000.0,27000.0,Completed,2023-12-04,2024-01-21,2024-05-02,2023-24,25.30904,81.70648,True
MPLADS-2023-DE-0274,Bansuri Swaraj,Lok Sabha,New Delhi (Lok Sabha),Delhi,New Delhi,Connaught Place,Madhavpuram,DDA Delhi,Rural Road & Culvert,Bituminous road widening and storm-water drainage culvert in Madhavpuram,3290000.0,2632000.0,1810000.0,822000.0,In Progress,2022-01-02,2022-02-01,,2023-24,28.4262,77.14253,True
MPLADS-2023-MA-0275,Nitin Gadkari,Lok Sabha,Nagpur (Lok Sabha),Maharashtra,Nagpur,Katol,Shivpur,PWD Nagpur,Sanitation & Public Amenities,Modern Sulabh-type public sanitation facility with running water and septic tank in Shivpur bus stand,1890000.0,1890000.0,1702000.0,188000.0,In Progress,2021-10-12,2021-11-11,,2023-24,21.19994,79.29785,True
MPLADS-2023-AP-0276,Kesineni Sivanath,Lok Sabha,Vijayawada (Lok Sabha),Andhra Pradesh,NTR / Krishna,Ibrahimpatnam,Gandhi Gram,AP CRDA,Community Infrastructure,Construction of multipurpose community hall / Barat Ghar in Gandhi Gram,2420000.0,2420000.0,2329000.0,91000.0,Completed,2023-12-27,2024-02-11,2024-09-18,2023-24,16.5671,80.54155,True
MPLADS-2023-GU-0277,Nimuben Bambhaniya,Lok Sabha,Bhavnagar (Lok Sabha),Gujarat,Bhavnagar,Palitana,Vikas Nagar,DRDA Bhavnagar,School Classroom & Education,Upgradation of primary school infrastructure with disabled-friendly ramps and smart board in Vikas Nagar,760000.0,570000.0,191000.0,379000.0,In Progress,2023-09-08,2023-10-01,,2023-24,21.67581,71.90085,True
MPLADS-2023-MP-0278,Bharat Singh Kushwah,Lok Sabha,Gwalior (Lok Sabha),Madhya Pradesh,Gwalior,Dabra,Bhojpur,MPRRDA Gwalior,Community Infrastructure,Development of public cultural center and community shed at Bhojpur,3200000.0,3200000.0,3034000.0,166000.0,Completed,2023-06-28,2023-08-16,2024-03-03,2023-24,26.45769,78.26639,True
MPLADS-2023-TN-0279,Ganapathi P. Rajkumar,Lok Sabha,Coimbatore (Lok Sabha),Tamil Nadu,Coimbatore,Annur,Gandhi Gram,Coimbatore City Corp,Drinking Water Facility,Deployment of solar water pumping system and distribution cistern in Gandhi Gram,1060000.0,1060000.0,1048000.0,12000.0,Completed,2023-10-27,2023-12-12,2024-03-28,2023-24,10.78388,77.00158,True
MPLADS-2023-HP-0280,Suresh Kumar Kashyap,Lok Sabha,Shimla (Lok Sabha),Himachal Pradesh,Shimla,Rohru,Green Park,HP PWD,Rural Road & Culvert,Construction of reinforced concrete box culvert on arterial approach road at Green Park,1370000.0,1370000.0,1331000.0,39000.0,Completed,2024-01-15,2024-02-28,2024-06-25,2023-24,31.1557,77.01092,True
MPLADS-2023-AP-0281,Pemmasani Chandra Sekhar,Lok Sabha,Guntur (Lok Sabha),Andhra Pradesh,Guntur,Tadikonda,Mahavir Nagar,Guntur Municipal Corp,School Classroom & Education,"Erection of protective boundary wall and main gate for Government Senior Secondary School, Mahavir Nagar",2480000.0,1860000.0,1321000.0,539000.0,In Progress,2023-08-05,2023-08-26,,2023-24,16.56024,80.14739,True
MPLADS-2023-MA-0282,Arvind Sawant,Lok Sabha,Mumbai South (Lok Sabha),Maharashtra,Mumbai South,Byculla,Panchavati,PWD Mumbai,Primary Health Sub-Center & Medical,Civil construction of Ayushman Bharat Health & Wellness Centre dispensary in Panchavati,3120000.0,1872000.0,1201000.0,671000.0,In Progress,2022-02-03,2022-03-05,,2023-24,18.98785,72.858,True
MPLADS-2023-OD-0283,Bhartruhari Mahtab,Lok Sabha,Cuttack (Lok Sabha),Odisha,Cuttack,Choudwar,Patel Nagar,Odisha Works Dept,Drinking Water Facility,Deployment of solar water pumping system and distribution cistern in Patel Nagar,700000.0,525000.0,302000.0,223000.0,In Progress,2023-05-19,2023-07-05,,2023-24,20.80724,86.13973,True
MPLADS-2023-MA-0284,Nitin Gadkari,Lok Sabha,Nagpur (Lok Sabha),Maharashtra,Nagpur,Kamptee,Shivaji Nagar,Nagpur Improvement Trust,Rural Road & Culvert,Laying of heavy-duty interlocking paver block street in Shivaji Nagar settlement,1970000.0,1970000.0,1860000.0,110000.0,Completed,2023-08-16,2023-10-06,2024-01-27,2023-24,21.0778,79.26306,True
MPLADS-2023-MA-0285,Bimol Akoijam,Lok Sabha,Inner Manipur (Lok Sabha),Manipur,Imphal East,Sawombung,Shivaji Nagar,Manipur DRDA,School Classroom & Education,"Construction of two additional smart classrooms in Zilla Parishad High School, Shivaji Nagar",2250000.0,2250000.0,2226000.0,24000.0,Completed,2023-11-21,2023-12-11,2024-05-20,2023-24,24.8411,93.73928,True
MPLADS-2023-KA-0286,Tejasvi Surya,Lok Sabha,Bangalore South (Lok Sabha),Karnataka,Bangalore Urban,Jayanagar,Shivaji Nagar,BWSSB Karnataka,Drinking Water Facility,Upgradation of pipeline distribution and community water tap stands in Shivaji Nagar,1120000.0,1120000.0,1111000.0,9000.0,Completed,2024-01-15,2024-02-07,2024-03-29,2023-24,12.60706,77.67213,True
MPLADS-2023-GU-0287,Hasmukh Patel,Lok Sabha,Ahmedabad East (Lok Sabha),Gujarat,Ahmedabad,Nikol,Mahavir Nagar,Ahmedabad Municipal Corp (AMC),Community Infrastructure,Construction of multipurpose community hall / Barat Ghar in Mahavir Nagar,4970000.0,4970000.0,3576000.0,1394000.0,In Progress,2023-07-13,2023-08-24,,2023-24,23.2846,72.83502,True
MPLADS-2023-UP-0288,Ruchi Vira,Lok Sabha,Moradabad (Lok Sabha),Uttar Pradesh,Moradabad,Bhagatpur Tanda,Surya Nagar,Moradabad Municipal Corp,Solar & Public Lighting,Erection of high-mast 16-meter LED solar illumination tower near market square in Surya Nagar,300000.0,300000.0,289000.0,11000.0,Completed,2023-09-04,2023-10-29,2023-12-03,2023-24,28.98119,78.42406,True
MPLADS-2023-GU-0289,Hasmukh Patel,Lok Sabha,Ahmedabad East (Lok Sabha),Gujarat,Ahmedabad,Naroda,Indira Nagar,R&B Dept Gujarat,Community Infrastructure,Renovation and structural expansion of Gram Panchayat community auditorium in Indira Nagar,1530000.0,1148000.0,929000.0,219000.0,In Progress,2023-09-23,2023-11-21,,2023-24,23.00689,72.38166,True
MPLADS-2023-UP-0290,Praveen Patel,Lok Sabha,Prayagraj (Lok Sabha),Uttar Pradesh,Prayagraj,Soraon,Surya Nagar,UP Jal Sansthan,Drinking Water Facility,Provision of deep solar-powered borewell with 5000L elevated storage tank at Surya Nagar,1140000.0,1140000.0,1093000.0,47000.0,Completed,2023-06-13,2023-07-06,2023-10-15,2023-24,25.33163,81.64544,True
MPLADS-2023-UT-0291,Trivendra Singh Rawat,Lok Sabha,Haridwar (Lok Sabha),Uttarakhand,Haridwar,Bahadrabad,Mahavir Nagar,PWD Uttarakhand,Rural Road & Culvert,Construction of cement concrete (CC) internal village road at Mahavir Nagar,3190000.0,3190000.0,3177000.0,13000.0,Completed,2023-06-03,2023-06-26,2023-12-13,2023-24,30.14945,77.98765,True
MPLADS-2023-TE-0292,Asaduddin Owaisi,Lok Sabha,Hyderabad (Lok Sabha),Telangana,Hyderabad,Chandrayangutta,Chitrakoot,Telangana PWD,School Classroom & Education,Upgradation of primary school infrastructure with disabled-friendly ramps and smart board in Chitrakoot,1140000.0,1140000.0,1092000.0,48000.0,Completed,2023-04-14,2023-06-12,2023-10-16,2023-24,17.45985,78.26875,True
MPLADS-2023-MP-0293,Ashish Dubey,Lok Sabha,Jabalpur (Lok Sabha),Madhya Pradesh,Jabalpur,Panagar,Vivekananda Nagar,Jabalpur Smart City,Drinking Water Facility,Installation of 1000 LPH RO drinking water purification kiosk in Vivekananda Nagar,660000.0,528000.0,232000.0,296000.0,In Progress,2021-12-25,2022-01-24,,2023-24,23.43407,80.03427,True
MPLADS-2023-TN-0294,T. M. Selvaganapathi,Lok Sabha,Salem (Lok Sabha),Tamil Nadu,Salem,Attur,Sundar Nagar,DRDA Salem,Rural Road & Culvert,Construction of reinforced concrete box culvert on arterial approach road at Sundar Nagar,700000.0,560000.0,330000.0,230000.0,In Progress,2021-12-16,2022-01-15,,2023-24,11.66503,78.0868,True
MPLADS-2023-DE-0295,Bansuri Swaraj,Lok Sabha,New Delhi (Lok Sabha),Delhi,New Delhi,Connaught Place,Green Park,Delhi PWD,Rural Road & Culvert,Inter-hamlet link road paving connecting agricultural mandi to Green Park,740000.0,740000.0,723000.0,17000.0,Completed,2023-06-19,2023-07-17,2023-10-31,2023-24,28.48102,77.16524,True
MPLADS-2023-WB-0296,Jagannath Sarkar,Lok Sabha,Ranaghat (Lok Sabha),West Bengal,Nadia,Ranaghat-II,Shanti Nagar,WB PWD Nadia,Rural Road & Culvert,Laying of heavy-duty interlocking paver block street in Shanti Nagar settlement,2340000.0,2340000.0,2223000.0,117000.0,Completed,2023-09-06,2023-09-24,2023-12-26,2023-24,23.32653,88.69755,True
MPLADS-2023-MA-0297,Praniti Shinde,Lok Sabha,Solapur (Lok Sabha),Maharashtra,Solapur,Mohol,Tilak Nagar,Solapur Municipal Corp,Primary Health Sub-Center & Medical,Civil construction of Ayushman Bharat Health & Wellness Centre dispensary in Tilak Nagar,1250000.0,1250000.0,1240000.0,10000.0,Completed,2023-08-16,2023-09-08,2024-03-31,2023-24,17.87488,75.74679,True
MPLADS-2023-UP-0298,Awadhesh Prasad,Lok Sabha,Faizabad (Lok Sabha),Uttar Pradesh,Ayodhya,Bikapur,Sundar Nagar,UP Jal Nigam Ayodhya,Community Infrastructure,Renovation and structural expansion of Gram Panchayat community auditorium in Sundar Nagar,3290000.0,3290000.0,3123000.0,167000.0,Completed,2023-12-12,2023-12-30,2024-05-24,2023-24,27.04949,82.26788,True
MPLADS-2023-UP-0299,Kishori Lal Sharma,Lok Sabha,Amethi (Lok Sabha),Uttar Pradesh,Amethi,Salon,Khadki,DRDA Amethi,Rural Road & Culvert,Bituminous road widening and storm-water drainage culvert in Khadki,640000.0,640000.0,637000.0,3000.0,Completed,2023-10-14,2023-11-21,2024-02-28,2023-24,26.19281,82.10536,True
MPLADS-2023-HA-0300,Rao Inderjit Singh,Lok Sabha,Gurgaon (Lok Sabha),Haryana,Gurugram,Pataudi,Bhavani Peth,Haryana PWD (B&R),Drinking Water Facility,Upgradation of pipeline distribution and community water tap stands in Bhavani Peth,710000.0,710000.0,705000.0,5000.0,Completed,2024-01-18,2024-02-06,2024-04-13,2023-24,28.26573,77.03764,True
MPLADS-2023-UP-0301,Satish Kumar Gautam,Lok Sabha,Aligarh (Lok Sabha),Uttar Pradesh,Aligarh,Dhanipur,Patel Nagar,PWD Aligarh,Sports & Youth Welfare,Development of rural youth sports playground with multi-sport court and chain-link fencing at Patel Nagar,1580000.0,1580000.0,1433000.0,147000.0,In Progress,2021-05-22,2021-06-21,,2023-24,27.71721,77.99579,True
MPLADS-2023-RA-0302,Gajendra Singh Shekhawat,Lok Sabha,Jodhpur (Lok Sabha),Rajasthan,Jodhpur,Shergarh,Navi Vasti,PHED Rajasthan,Rural Road & Culvert,Laying of heavy-duty interlocking paver block street in Navi Vasti settlement,570000.0,570000.0,536000.0,34000.0,Completed,2023-09-25,2023-11-13,2024-05-06,2023-24,25.88992,73.13441,True
MPLADS-2023-HA-0303,Rao Inderjit Singh,Lok Sabha,Gurgaon (Lok Sabha),Haryana,Gurugram,Badshahpur,Tilak Nagar,GMDA Gurugram,Rural Road & Culvert,Laying of heavy-duty interlocking paver block street in Tilak Nagar settlement,1980000.0,1980000.0,1967000.0,13000.0,Completed,2023-06-12,2023-06-30,2024-02-08,2023-24,28.39864,77.3035,True
MPLADS-2023-GU-0304,Hasmukh Patel,Lok Sabha,Ahmedabad East (Lok Sabha),Gujarat,Ahmedabad,Daskroi,Sardar Patel Nagar,Ahmedabad Municipal Corp (AMC),Rural Road & Culvert,Laying of heavy-duty interlocking paver block street in Sardar Patel Nagar settlement,720000.0,360000.0,258000.0,102000.0,In Progress,2023-05-02,2023-06-22,,2023-24,23.26814,72.86963,True
MPLADS-2023-MP-0305,Lata Wankhede,Lok Sabha,Sagar (Lok Sabha),Madhya Pradesh,Sagar,Banda,Mahavir Nagar,MPRRDA,Rural Road & Culvert,Bituminous road widening and storm-water drainage culvert in Mahavir Nagar,720000.0,720000.0,683000.0,37000.0,Completed,2023-06-09,2023-07-06,2023-11-15,2023-24,23.8035,78.60762,True
MPLADS-2023-MA-0306,Udayanraje Bhosale,Lok Sabha,Satara (Lok Sabha),Maharashtra,Satara,Koregaon,Mahavir Nagar,Zilla Parishad Satara,Drinking Water Facility,Installation of fluorosis/arsenic filtration drinking water unit in Mahavir Nagar school campus,970000.0,970000.0,933000.0,37000.0,Completed,2023-05-17,2023-06-08,2023-07-28,2023-24,17.48101,74.2493,True
MPLADS-2023-MA-0307,Rajabhau Waje,Lok Sabha,Nashik (Lok Sabha),Maharashtra,Nashik,Dindori,Balarampur,PWD Nashik,Community Infrastructure,Construction of multipurpose community hall / Barat Ghar in Balarampur,9390000.0,7042000.0,643000.0,6399000.0,Stalled,2021-10-02,2021-11-16,,2023-24,20.20317,73.52482,True
MPLADS-2023-UP-0308,Kishori Lal Sharma,Lok Sabha,Amethi (Lok Sabha),Uttar Pradesh,Amethi,Jagdishpur,Balarampur,DRDA Amethi,Drinking Water Facility,Installation of 1000 LPH RO drinking water purification kiosk in Balarampur,2600000.0,2600000.0,2286000.0,314000.0,In Progress,2021-09-26,2021-10-26,,2023-24,25.87019,82.05869,True
MPLADS-2023-TN-0309,Ganapathi P. Rajkumar,Lok Sabha,Coimbatore (Lok Sabha),Tamil Nadu,Coimbatore,Pollachi,Chandrapur,TWAD Board,Rural Road & Culvert,Construction of reinforced concrete box culvert on arterial approach road at Chandrapur,3980000.0,3980000.0,3863000.0,117000.0,Sanctioned,2021-09-11,2021-10-11,,2023-24,10.85929,76.91801,True
MPLADS-2023-MA-0310,Murlidhar Mohol,Lok Sabha,Pune (Lok Sabha),Maharashtra,Pune,Maval,Madhavpuram,Zilla Parishad Pune,Drinking Water Facility,Installation of fluorosis/arsenic filtration drinking water unit in Madhavpuram school campus,920000.0,690000.0,286000.0,404000.0,In Progress,2023-12-02,2024-01-21,,2023-24,18.46386,73.95656,True
MPLADS-2023-RA-0311,Gajendra Singh Shekhawat,Lok Sabha,Jodhpur (Lok Sabha),Rajasthan,Jodhpur,Shergarh,Bhojpur,Jodhpur Dev Authority,Primary Health Sub-Center & Medical,Civil construction of Ayushman Bharat Health & Wellness Centre dispensary in Bhojpur,2100000.0,2100000.0,2021000.0,79000.0,Completed,2023-09-24,2023-11-09,2024-04-23,2023-24,25.90714,73.09228,True
MPLADS-2023-UP-0312,Awadhesh Prasad,Lok Sabha,Faizabad (Lok Sabha),Uttar Pradesh,Ayodhya,Masodha,Tilak Nagar,PWD Ayodhya,Drinking Water Facility,Deployment of solar water pumping system and distribution cistern in Tilak Nagar,1800000.0,1080000.0,680000.0,400000.0,In Progress,2022-01-18,2022-02-17,,2023-24,27.08696,82.19898,True
MPLADS-2023-MP-0313,Ashish Dubey,Lok Sabha,Jabalpur (Lok Sabha),Madhya Pradesh,Jabalpur,Sihora,Bhavani Peth,Jabalpur Smart City,School Classroom & Education,"Provision of STEM science laboratory equipment, computer lab furniture and student desks at Bhavani Peth",2130000.0,2130000.0,2089000.0,41000.0,Completed,2023-10-01,2023-11-29,2024-04-09,2023-24,23.22602,80.03058,True
MPLADS-2023-WB-0314,Kirti Azad,Lok Sabha,Bardhaman-Durgapur (Lok Sabha),West Bengal,Purba Bardhaman,Ausgram,Vivekananda Nagar,Purba Bardhaman Zilla Parishad,Rural Road & Culvert,Construction of cement concrete (CC) internal village road at Vivekananda Nagar,1340000.0,1005000.0,178000.0,827000.0,Stalled,2021-08-02,2021-09-13,,2023-24,23.00662,88.0732,True
MPLADS-2023-TN-0315,Ganapathi P. Rajkumar,Lok Sabha,Coimbatore (Lok Sabha),Tamil Nadu,Coimbatore,Pollachi,Panchavati,Coimbatore City Corp,Primary Health Sub-Center & Medical,Procurement and fabrication of Advanced Life Support (ALS) mobile ambulance for Panchavati block,2890000.0,2890000.0,2874000.0,16000.0,Completed,2023-10-04,2023-11-21,2024-06-29,2023-24,11.07701,76.84139,True
MPLADS-2023-TN-0316,Su. Venkatesan,Lok Sabha,Madurai (Lok Sabha),Tamil Nadu,Madurai,Madurai West,Shanti Nagar,DRDA Madurai,Solar & Public Lighting,Installation of solar mini-grid powered street lighting and battery bank at Shanti Nagar,870000.0,652000.0,457000.0,195000.0,In Progress,2024-01-13,2024-02-08,,2023-24,9.98747,77.89255,True
MPLADS-2023-BI-0317,Kaushlendra Kumar,Lok Sabha,Nalanda (Lok Sabha),Bihar,Nalanda,Rajgir,Rampur,DRDA Nalanda,Primary Health Sub-Center & Medical,"Supply of medical diagnostics, vaccine cold chain refrigerator and emergency triage beds at Rampur",3100000.0,2325000.0,1340000.0,985000.0,In Progress,2023-04-17,2023-06-07,,2023-24,25.52547,85.31953,True
MPLADS-2023-AP-0318,M. Sribharat,Lok Sabha,Visakhapatnam (Lok Sabha),Andhra Pradesh,Visakhapatnam,Gajuwaka,Subhash Nagar,Greater Visakhapatnam Municipal Corp (GVMC),Sanitation & Public Amenities,Construction of community sanitary complex with dedicated women hygiene cubicles at Subhash Nagar,640000.0,640000.0,515000.0,125000.0,In Progress,2023-06-25,2023-07-30,,2023-24,17.8473,83.10352,True
MPLADS-2023-UP-0319,Awadhesh Prasad,Lok Sabha,Faizabad (Lok Sabha),Uttar Pradesh,Ayodhya,Maya Bazar,Sundar Nagar,Ayodhya Development Authority,Drinking Water Facility,Upgradation of pipeline distribution and community water tap stands in Sundar Nagar,1480000.0,1480000.0,1474000.0,6000.0,Completed,2023-04-25,2023-05-10,2023-08-15,2023-24,26.76866,82.0611,True
MPLADS-2023-AP-0320,Maddila Gurumoorthy,Lok Sabha,Tirupati (Lok Sabha),Andhra Pradesh,Tirupati,Chandragiri,Anand Vihar,AP RWS (Rural Water Supply),Solar & Public Lighting,Erection of high-mast 16-meter LED solar illumination tower near market square in Anand Vihar,400000.0,400000.0,398000.0,2000.0,Completed,2023-04-18,2023-05-07,2023-06-10,2023-24,13.51807,79.69075,True
MPLADS-2023-MA-0321,Rajabhau Waje,Lok Sabha,Nashik (Lok Sabha),Maharashtra,Nashik,Trimbak,Subhash Nagar,Nashik Municipal Corp,School Classroom & Education,Upgradation of primary school infrastructure with disabled-friendly ramps and smart board in Subhash Nagar,2300000.0,2300000.0,2243000.0,57000.0,Completed,2023-04-16,2023-06-15,2023-10-08,2023-24,19.75747,73.51068,True
MPLADS-2023-WB-0322,Raju Bista,Lok Sabha,Darjeeling (Lok Sabha),West Bengal,Darjeeling,Siliguri Rural,Tagore Pally,WB PWD,Primary Health Sub-Center & Medical,Civil construction of Ayushman Bharat Health & Wellness Centre dispensary in Tagore Pally,2580000.0,1935000.0,912000.0,1023000.0,In Progress,2023-07-31,2023-09-03,,2023-24,27.2789,88.02381,True
MPLADS-2023-TN-0323,Ganapathi P. Rajkumar,Lok Sabha,Coimbatore (Lok Sabha),Tamil Nadu,Coimbatore,Annur,Patel Nagar,Tamil Nadu PWD,Solar & Public Lighting,Installation of solar mini-grid powered street lighting and battery bank at Patel Nagar,440000.0,330000.0,196000.0,134000.0,In Progress,2023-07-15,2023-07-31,,2023-24,10.9983,76.68666,True
MPLADS-2023-MP-0324,Bharat Singh Kushwah,Lok Sabha,Gwalior (Lok Sabha),Madhya Pradesh,Gwalior,Ghatigaon,Lakshmipuram,MPRRDA Gwalior,Rural Road & Culvert,Construction of reinforced concrete box culvert on arterial approach road at Lakshmipuram,1660000.0,1660000.0,1586000.0,74000.0,Completed,2023-10-13,2023-11-20,2024-06-16,2023-24,26.05268,78.41876,True
MPLADS-2023-AP-0325,M. Sribharat,Lok Sabha,Visakhapatnam (Lok Sabha),Andhra Pradesh,Visakhapatnam,Bheemunipatnam,Kalyanpur,AP RWS,Rural Road & Culvert,Inter-hamlet link road paving connecting agricultural mandi to Kalyanpur,2920000.0,2336000.0,1611000.0,725000.0,In Progress,2021-12-18,2022-01-17,,2023-24,17.81775,83.52395,True
MPLADS-2023-OD-0326,Bhartruhari Mahtab,Lok Sabha,Cuttack (Lok Sabha),Odisha,Cuttack,Nischintakoili,Devipura,Odisha Panchayati Raj Dept,Drinking Water Facility,Installation of 1000 LPH RO drinking water purification kiosk in Devipura,1050000.0,1050000.0,994000.0,56000.0,Completed,2024-01-18,2024-03-06,2024-06-16,2023-24,20.23352,86.22186,True
MPLADS-2023-WB-0327,Raju Bista,Lok Sabha,Darjeeling (Lok Sabha),West Bengal,Darjeeling,Kalimpong,Shanti Nagar,Gorkhaland Territorial Admin,Rural Road & Culvert,Laying of heavy-duty interlocking paver block street in Shanti Nagar settlement,1110000.0,1110000.0,1102000.0,8000.0,Completed,2023-06-15,2023-08-09,2023-11-24,2023-24,26.75192,88.30575,True
MPLADS-2023-AP-0328,Pemmasani Chandra Sekhar,Lok Sabha,Guntur (Lok Sabha),Andhra Pradesh,Guntur,Tenali,Ganeshpur,AP PWD,Rural Road & Culvert,Construction of reinforced concrete box culvert on arterial approach road at Ganeshpur,2260000.0,2260000.0,2201000.0,59000.0,Completed,2023-05-28,2023-07-08,2023-10-31,2023-24,16.60415,80.48038,True
MPLADS-2023-UP-0329,Chhatrapal Singh Gangwar,Lok Sabha,Bareilly (Lok Sabha),Uttar Pradesh,Bareilly,Mirganj,Nandgaon,PWD Bareilly,Rural Road & Culvert,Laying of heavy-duty interlocking paver block street in Nandgaon settlement,2460000.0,2460000.0,2370000.0,90000.0,Completed,2024-02-06,2024-03-28,2024-10-06,2023-24,28.04415,79.7031,True
MPLADS-2023-TN-0330,Durai Vaiko,Lok Sabha,Tiruchirappalli (Lok Sabha),Tamil Nadu,Tiruchirappalli,Manapparai,Rajendra Nagar,Tiruchirappalli City Corp,Rural Road & Culvert,Inter-hamlet link road paving connecting agricultural mandi to Rajendra Nagar,560000.0,560000.0,549000.0,11000.0,Completed,2023-09-07,2023-10-11,2024-02-03,2023-24,11.12125,78.51427,True
MPLADS-2023-BI-0331,Gopal Jee Thakur,Lok Sabha,Darbhanga (Lok Sabha),Bihar,Darbhanga,Jale,Nandgaon,Rural Works Dept,School Classroom & Education,"Construction of two additional smart classrooms in Zilla Parishad High School, Nandgaon",960000.0,960000.0,951000.0,9000.0,Completed,2023-10-26,2023-11-23,2024-05-06,2023-24,25.84354,86.09584,True
MPLADS-2023-UP-0332,Chhatrapal Singh Gangwar,Lok Sabha,Bareilly (Lok Sabha),Uttar Pradesh,Bareilly,Mirganj,Adarsh Nagar,PWD Bareilly,Sports & Youth Welfare,Construction of pavilion seating shed and sports training facility in Gram Panchayat Adarsh Nagar,1360000.0,816000.0,334000.0,482000.0,In Progress,2022-03-13,2022-04-12,,2023-24,28.05239,79.33266,True
MPLADS-2023-WB-0333,Abu Taher Khan,Lok Sabha,Murshidabad (Lok Sabha),West Bengal,Murshidabad,Domkal,Sardar Patel Nagar,PHE Dept WB,Drinking Water Facility,Installation of 1000 LPH RO drinking water purification kiosk in Sardar Patel Nagar,1320000.0,1320000.0,1314000.0,6000.0,Completed,2023-10-08,2023-11-07,2024-02-20,2023-24,24.23582,88.17483,True
MPLADS-2023-MA-0334,Naresh Mhaske,Lok Sabha,Thane (Lok Sabha),Maharashtra,Thane,Thane Rural,Shivpur,PWD Thane,Drinking Water Facility,Installation of 1000 LPH RO drinking water purification kiosk in Shivpur,540000.0,540000.0,529000.0,11000.0,Completed,2023-07-19,2023-09-08,2023-11-26,2023-24,19.32441,72.9874,True
MPLADS-2023-GO-0335,Shripad Yesso Naik,Lok Sabha,North Goa (Lok Sabha),Goa,North Goa,Sattari,Madhavpuram,Goa PWD,Rural Road & Culvert,Construction of reinforced concrete box culvert on arterial approach road at Madhavpuram,2900000.0,2900000.0,2530000.0,370000.0,In Progress,2023-08-08,2023-09-06,,2023-24,15.59082,73.77446,True
MPLADS-2023-MP-0336,Ashish Dubey,Lok Sabha,Jabalpur (Lok Sabha),Madhya Pradesh,Jabalpur,Shahpura,Kaveri Nagar,MPRRDA,Community Infrastructure,Construction of cremation ground covered shed (Shmashan Ghat) with solar lights in Kaveri Nagar,3870000.0,3870000.0,3862000.0,8000.0,Completed,2023-10-21,2023-12-14,2024-07-16,2023-24,23.22452,80.05204,True
MPLADS-2023-BI-0337,Kaushlendra Kumar,Lok Sabha,Nalanda (Lok Sabha),Bihar,Nalanda,Biharsharif,Sundar Nagar,PHED Bihar,Drinking Water Facility,Upgradation of pipeline distribution and community water tap stands in Sundar Nagar,1260000.0,1260000.0,906000.0,354000.0,In Progress,2023-08-12,2023-09-13,,2023-24,24.95315,85.70073,True
MPLADS-2023-UP-0338,Satish Kumar Gautam,Lok Sabha,Aligarh (Lok Sabha),Uttar Pradesh,Aligarh,Atrauli,Adarsh Nagar,UP Jal Nigam,Primary Health Sub-Center & Medical,Upgradation of Primary Health Sub-Center with maternity care and diagnostics room at Adarsh Nagar,2570000.0,2570000.0,2526000.0,44000.0,Completed,2023-08-11,2023-09-13,2024-06-08,2023-24,28.04305,78.13843,True
MPLADS-2023-WB-0339,Shatrughan Sinha,Lok Sabha,Asansol (Lok Sabha),West Bengal,Paschim Bardhaman,Kulti,Ambedkar Basti,Asansol Municipal Corp,Solar & Public Lighting,Installation of solar mini-grid powered street lighting and battery bank at Ambedkar Basti,1110000.0,1110000.0,945000.0,165000.0,In Progress,2023-10-01,2023-11-27,,2023-24,23.4507,86.67072,True
MPLADS-2023-MA-0340,Naresh Mhaske,Lok Sabha,Thane (Lok Sabha),Maharashtra,Thane,Kalyan,Madhavpuram,PWD Thane,Rural Road & Culvert,Bituminous road widening and storm-water drainage culvert in Madhavpuram,1570000.0,1570000.0,1500000.0,70000.0,Completed,2023-11-02,2023-12-06,2024-05-19,2023-24,19.19293,72.71055,True
MPLADS-2023-UP-0341,Ravi Kishan,Lok Sabha,Gorakhpur (Lok Sabha),Uttar Pradesh,Gorakhpur,Bhathat,Sardar Patel Nagar,UP Jal Nigam Gorakhpur,Rural Road & Culvert,Laying of heavy-duty interlocking paver block street in Sardar Patel Nagar settlement,2090000.0,2090000.0,2085000.0,5000.0,Completed,2023-04-28,2023-06-08,2023-12-02,2023-24,26.69703,83.42178,True
MPLADS-2023-GU-0342,Mukesh Dalal,Lok Sabha,Surat (Lok Sabha),Gujarat,Surat,Bardoli,Krishnapuram,DRDA Surat,Sports & Youth Welfare,"Installation of open-air fitness gym equipment and rubberized track in public park, Krishnapuram",890000.0,890000.0,860000.0,30000.0,Completed,2023-06-30,2023-08-24,2023-11-03,2023-24,21.35304,72.59912,True
MPLADS-2023-HP-0343,Suresh Kumar Kashyap,Lok Sabha,Shimla (Lok Sabha),Himachal Pradesh,Shimla,Solan Rural,Adarsh Nagar,HP PWD,School Classroom & Education,"Installation of rooftop solar generation system and clean drinking facility in Govt School, Adarsh Nagar",1800000.0,1800000.0,1696000.0,104000.0,Completed,2023-11-06,2023-12-16,2024-03-10,2023-24,31.26626,77.48845,True
MPLADS-2023-TN-0344,Robert Bruce,Lok Sabha,Tirunelveli (Lok Sabha),Tamil Nadu,Tirunelveli,Ambasamudram,Rampur,Tirunelveli City Corp,Solar & Public Lighting,Erection of high-mast 16-meter LED solar illumination tower near market square in Rampur,460000.0,345000.0,156000.0,189000.0,In Progress,2023-09-07,2023-10-14,,2023-24,8.57818,77.4524,True
MPLADS-2023-UP-0345,Chhatrapal Singh Gangwar,Lok Sabha,Bareilly (Lok Sabha),Uttar Pradesh,Bareilly,Faridpur,Tilak Nagar,PWD Bareilly,School Classroom & Education,Upgradation of primary school infrastructure with disabled-friendly ramps and smart board in Tilak Nagar,1240000.0,930000.0,765000.0,165000.0,In Progress,2023-06-08,2023-08-05,,2023-24,28.13242,79.71523,True
MPLADS-2023-MP-0346,Alok Sharma,Lok Sabha,Bhopal (Lok Sabha),Madhya Pradesh,Bhopal,Phanda,Adarsh Nagar,Bhopal Municipal Corp,Rural Road & Culvert,Construction of cement concrete (CC) internal village road at Adarsh Nagar,2270000.0,2270000.0,2139000.0,131000.0,Completed,2023-06-03,2023-06-28,2023-11-30,2023-24,23.44977,77.49879,True
MPLADS-2023-OD-0347,Aparajita Sarangi,Lok Sabha,Bhubaneswar (Lok Sabha),Odisha,Khurda,Balianta,Shivpur,RWSS Odisha,Rural Road & Culvert,Construction of cement concrete (CC) internal village road at Shivpur,1750000.0,1750000.0,1661000.0,89000.0,Completed,2023-06-03,2023-07-12,2023-10-12,2023-24,20.15688,85.93767,True
MPLADS-2023-AS-0348,Parimal Suklabaidya,Lok Sabha,Silchar (Lok Sabha),Assam,Cachar,Sonai,Chitrakoot,Assam PWD,Primary Health Sub-Center & Medical,Procurement and fabrication of Advanced Life Support (ALS) mobile ambulance for Chitrakoot block,1930000.0,1930000.0,1827000.0,103000.0,Completed,2023-12-18,2024-01-08,2024-06-03,2023-24,24.83172,92.8552,True
MPLADS-2023-GO-0349,Shripad Yesso Naik,Lok Sabha,North Goa (Lok Sabha),Goa,North Goa,Tiswadi,Nehru Colony,Goa PWD,Primary Health Sub-Center & Medical,"Supply of medical diagnostics, vaccine cold chain refrigerator and emergency triage beds at Nehru Colony",1600000.0,1600000.0,1591000.0,9000.0,Completed,2024-01-06,2024-01-23,2024-08-14,2023-24,15.30505,73.48672,True
MPLADS-2023-UP-0350,Praveen Patel,Lok Sabha,Prayagraj (Lok Sabha),Uttar Pradesh,Prayagraj,Jasra,Navi Vasti,DRDA Prayagraj,Rural Road & Culvert,Construction of reinforced concrete box culvert on arterial approach road at Navi Vasti,730000.0,730000.0,728000.0,2000.0,Completed,2023-08-10,2023-08-31,2024-02-04,2023-24,25.41079,81.56617,True
MPLADS-2023-MA-0351,Murlidhar Mohol,Lok Sabha,Pune (Lok Sabha),Maharashtra,Pune,Shirur,Shivaji Nagar,DRDA Pune,Community Infrastructure,Construction of multipurpose community hall / Barat Ghar in Shivaji Nagar,1830000.0,1830000.0,1738000.0,92000.0,Completed,2023-04-05,2023-04-22,2023-11-19,2023-24,18.79657,74.17526,True
MPLADS-2023-BI-0352,Jitan Ram Manjhi,Lok Sabha,Gaya (Lok Sabha),Bihar,Gaya,Tekari,Krishnapuram,PHED Bihar,Rural Road & Culvert,Laying of heavy-duty interlocking paver block street in Krishnapuram settlement,1700000.0,1700000.0,1645000.0,55000.0,Completed,2023-08-18,2023-10-01,2024-04-15,2023-24,24.89559,85.20804,True
MPLADS-2023-UP-0353,Ramesh Awasthi,Lok Sabha,Kanpur (Lok Sabha),Uttar Pradesh,Kanpur Nagar,Kalyanpur,Kalyanpur,Kanpur Nagar Nigam,Drinking Water Facility,Deployment of solar water pumping system and distribution cistern in Kalyanpur,1020000.0,765000.0,408000.0,357000.0,In Progress,2023-11-11,2024-01-01,,2023-24,26.52785,80.5857,True
MPLADS-2023-HA-0354,Rao Inderjit Singh,Lok Sabha,Gurgaon (Lok Sabha),Haryana,Gurugram,Farrukhnagar,Gopalganj,Haryana PWD (B&R),Drinking Water Facility,Installation of fluorosis/arsenic filtration drinking water unit in Gopalganj school campus,830000.0,830000.0,815000.0,15000.0,Sanctioned,2021-09-01,2021-10-01,,2023-24,28.79403,77.14549,True
MPLADS-2023-TN-0355,T. M. Selvaganapathi,Lok Sabha,Salem (Lok Sabha),Tamil Nadu,Salem,Edappadi,Govindpur,TN PWD Salem,Rural Road & Culvert,Laying of heavy-duty interlocking paver block street in Govindpur settlement,2490000.0,2490000.0,2396000.0,94000.0,Completed,2023-12-03,2024-01-02,2024-08-21,2023-24,11.93874,78.22504,True
MPLADS-2023-UP-0356,S. P. Singh Baghel,Lok Sabha,Agra (Lok Sabha),Uttar Pradesh,Agra,Shamshabad,Vivekananda Nagar,DRDA Agra,Rural Road & Culvert,Construction of cement concrete (CC) internal village road at Vivekananda Nagar,2750000.0,2750000.0,2666000.0,84000.0,Completed,2023-08-02,2023-09-06,2024-04-23,2023-24,27.27702,77.94039,True
MPLADS-2023-WB-0357,Sudip Bandyopadhyay,Lok Sabha,Kolkata North (Lok Sabha),West Bengal,Kolkata,Beleghata,Anand Vihar,KMDA,Community Infrastructure,Construction of multipurpose community hall / Barat Ghar in Anand Vihar,4500000.0,3375000.0,1767000.0,1608000.0,In Progress,2023-09-09,2023-10-22,,2023-24,22.24744,88.30241,True
MPLADS-2023-UP-0358,Narendra Modi,Lok Sabha,Varanasi (Lok Sabha),Uttar Pradesh,Varanasi,Sevapuri,Govindpur,M/s Purvanchal InfraTech Services,Solar & Public Lighting,Illumination of village approach road and panchayat center with dusk-to-dawn solar luminaires at Govindpur,1100000.0,1100000.0,1056000.0,44000.0,Completed,2023-07-15,2023-09-03,2023-11-24,2023-24,25.00559,82.77994,True
MPLADS-2023-GU-0359,Hemang Joshi,Lok Sabha,Vadodara (Lok Sabha),Gujarat,Vadodara,Dabhoi,Chitrakoot,R&B Vadodara,Community Infrastructure,Construction of cremation ground covered shed (Shmashan Ghat) with solar lights in Chitrakoot,4010000.0,4010000.0,3849000.0,161000.0,Completed,2023-05-20,2023-06-11,2024-03-19,2023-24,22.6323,73.03559,True
MPLADS-2023-RA-0360,Om Birla,Lok Sabha,Kota (Lok Sabha),Rajasthan,Kota,Ladpura,Hanuman Nagar,Urban Improvement Trust Kota,Community Infrastructure,Development of public cultural center and community shed at Hanuman Nagar,4380000.0,2628000.0,1785000.0,843000.0,In Progress,2022-02-07,2022-03-09,,2023-24,25.13883,75.83473,True
MPLADS-2023-WB-0361,Shatrughan Sinha,Lok Sabha,Asansol (Lok Sabha),West Bengal,Paschim Bardhaman,Raniganj,Khadki,WB PWD,Solar & Public Lighting,Installation of 30 standalone LED solar street lights across major junctions in Khadki,980000.0,490000.0,427000.0,63000.0,In Progress,2023-11-21,2024-01-03,,2023-24,23.32694,87.11775,True
MPLADS-2023-AP-0362,Maddila Gurumoorthy,Lok Sabha,Tirupati (Lok Sabha),Andhra Pradesh,Tirupati,Nagari,Krishnapuram,AP PWD,Primary Health Sub-Center & Medical,Procurement and fabrication of Advanced Life Support (ALS) mobile ambulance for Krishnapuram block,2770000.0,2770000.0,2746000.0,24000.0,Completed,2023-05-24,2023-06-16,2024-02-20,2023-24,13.89577,79.36227,True
MPLADS-2023-KE-0363,Hibi Eden,Lok Sabha,Ernakulam (Lok Sabha),Kerala,Ernakulam,Aluva,Subhash Nagar,Cochin Smart City,Drinking Water Facility,Installation of fluorosis/arsenic filtration drinking water unit in Subhash Nagar school campus,1510000.0,1510000.0,1085000.0,425000.0,In Progress,2023-10-29,2023-11-21,,2023-24,10.12265,76.5524,True
MPLADS-2023-PU-0364,Gurjeet Singh Aujla,Lok Sabha,Amritsar (Lok Sabha),Punjab,Amritsar,Majitha,Govindpur,Amritsar Municipal Corp,Primary Health Sub-Center & Medical,Civil construction of Ayushman Bharat Health & Wellness Centre dispensary in Govindpur,2650000.0,2650000.0,2638000.0,12000.0,Completed,2023-06-07,2023-08-04,2024-04-08,2023-24,31.66374,74.96811,True
MPLADS-2023-DE-0365,Bansuri Swaraj,Lok Sabha,New Delhi (Lok Sabha),Delhi,New Delhi,Karol Bagh,Panchavati,Delhi Jal Board,School Classroom & Education,"Installation of rooftop solar generation system and clean drinking facility in Govt School, Panchavati",1880000.0,1880000.0,1769000.0,111000.0,Completed,2023-08-25,2023-10-13,2023-12-25,2023-24,28.28159,76.96073,True
MPLADS-2023-AS-0366,Bijuli Kalita Medhi,Lok Sabha,Gauhati (Lok Sabha),Assam,Kamrup Metropolitan,Jalukbari,Hanuman Nagar,Assam PWD,Drinking Water Facility,Upgradation of pipeline distribution and community water tap stands in Hanuman Nagar,680000.0,680000.0,659000.0,21000.0,Completed,2023-08-30,2023-09-17,2023-11-14,2023-24,26.22578,91.85907,True
MPLADS-2023-AP-0367,Kesineni Sivanath,Lok Sabha,Vijayawada (Lok Sabha),Andhra Pradesh,NTR / Krishna,Kanchikacherla,Sardar Patel Nagar,Vijayawada Municipal Corp,Primary Health Sub-Center & Medical,Civil construction of Ayushman Bharat Health & Wellness Centre dispensary in Sardar Patel Nagar,2670000.0,2670000.0,1928000.0,742000.0,In Progress,2023-10-13,2023-10-31,,2023-24,16.54269,80.30708,True
MPLADS-2023-BI-0368,Ajay Kumar Mandal,Lok Sabha,Bhagalpur (Lok Sabha),Bihar,Bhagalpur,Pirpainti,Indira Nagar,PWD Bhagalpur,Solar & Public Lighting,Illumination of village approach road and panchayat center with dusk-to-dawn solar luminaires at Indira Nagar,1540000.0,1540000.0,1444000.0,96000.0,Completed,2024-02-03,2024-03-23,2024-05-03,2023-24,25.58092,86.68633,True
MPLADS-2023-MA-0369,Udayanraje Bhosale,Lok Sabha,Satara (Lok Sabha),Maharashtra,Satara,Karad,Khadki,PWD Satara,Community Infrastructure,Construction of cremation ground covered shed (Shmashan Ghat) with solar lights in Khadki,3450000.0,3450000.0,3309000.0,141000.0,Completed,2023-06-22,2023-07-15,2023-12-21,2023-24,17.35846,74.29974,True
MPLADS-2023-OD-0370,Aparajita Sarangi,Lok Sabha,Bhubaneswar (Lok Sabha),Odisha,Khurda,Jatni,Anand Vihar,Odisha Works Dept,School Classroom & Education,"Provision of STEM science laboratory equipment, computer lab furniture and student desks at Anand Vihar",740000.0,740000.0,493000.0,247000.0,In Progress,2023-09-10,2023-11-09,,2023-24,20.2997,85.76565,True
MPLADS-2023-AP-0371,Maddila Gurumoorthy,Lok Sabha,Tirupati (Lok Sabha),Andhra Pradesh,Tirupati,Chandragiri,Indira Nagar,AP RWS (Rural Water Supply),Rural Road & Culvert,Inter-hamlet link road paving connecting agricultural mandi to Indira Nagar,1490000.0,1490000.0,1442000.0,48000.0,Completed,2023-07-21,2023-08-23,2024-04-12,2023-24,13.85538,79.75599,True
MPLADS-2023-UP-0372,Praveen Patel,Lok Sabha,Prayagraj (Lok Sabha),Uttar Pradesh,Prayagraj,Karchhana,Bhavani Peth,DRDA Prayagraj,Solar & Public Lighting,Erection of high-mast 16-meter LED solar illumination tower near market square in Bhavani Peth,1160000.0,1160000.0,1098000.0,62000.0,Completed,2023-09-12,2023-11-09,2023-12-25,2023-24,25.46397,81.69428,True
MPLADS-2023-RA-0373,Om Birla,Lok Sabha,Kota (Lok Sabha),Rajasthan,Kota,Itawa,Mahavir Nagar,DRDA Kota,Community Infrastructure,Construction of multipurpose community hall / Barat Ghar in Mahavir Nagar,2540000.0,2540000.0,2402000.0,138000.0,Completed,2023-07-08,2023-09-02,2024-05-16,2023-24,25.23704,75.95365,True
MPLADS-2023-WB-0374,Raju Bista,Lok Sabha,Darjeeling (Lok Sabha),West Bengal,Darjeeling,Siliguri Rural,Kaveri Nagar,Gorkhaland Territorial Admin,School Classroom & Education,"Installation of rooftop solar generation system and clean drinking facility in Govt School, Kaveri Nagar",3960000.0,3960000.0,3812000.0,148000.0,Sanctioned,2021-10-15,2021-11-14,,2023-24,26.81559,88.09264,True
MPLADS-2023-UP-0375,Kishori Lal Sharma,Lok Sabha,Amethi (Lok Sabha),Uttar Pradesh,Amethi,Musafirkhana,Bhojpur,PWD Amethi,Community Infrastructure,Renovation and structural expansion of Gram Panchayat community auditorium in Bhojpur,3020000.0,3020000.0,2951000.0,69000.0,Completed,2023-10-17,2023-11-02,2024-08-06,2023-24,25.85007,81.98777,True
MPLADS-2023-UP-0376,Ravi Kishan,Lok Sabha,Gorakhpur (Lok Sabha),Uttar Pradesh,Gorakhpur,Chargawan,Patel Nagar,Gorakhpur Development Authority,Solar & Public Lighting,Illumination of village approach road and panchayat center with dusk-to-dawn solar luminaires at Patel Nagar,830000.0,415000.0,315000.0,100000.0,In Progress,2023-11-11,2023-12-14,,2023-24,26.78403,83.11867,True
MPLADS-2023-MP-0377,Anil Firojiya,Lok Sabha,Ujjain (Lok Sabha),Madhya Pradesh,Ujjain,Ghatiya,Navi Vasti,PWD Ujjain,Drinking Water Facility,Upgradation of pipeline distribution and community water tap stands in Navi Vasti,1740000.0,1740000.0,1640000.0,100000.0,Completed,2024-01-09,2024-01-24,2024-05-21,2023-24,23.24416,75.81451,True
MPLADS-2023-UP-0378,Chhatrapal Singh Gangwar,Lok Sabha,Bareilly (Lok Sabha),Uttar Pradesh,Bareilly,Bhojipura,Nehru Colony,DRDA Bareilly,Rural Road & Culvert,Laying of heavy-duty interlocking paver block street in Nehru Colony settlement,3220000.0,1932000.0,839000.0,1093000.0,In Progress,2022-01-22,2022-02-21,,2023-24,28.48668,79.4775,True
MPLADS-2023-UP-0379,Imran Masood,Lok Sabha,Saharanpur (Lok Sabha),Uttar Pradesh,Saharanpur,Puwarka,Patel Nagar,Saharanpur Nagar Nigam,Solar & Public Lighting,Installation of 30 standalone LED solar street lights across major junctions in Patel Nagar,490000.0,490000.0,464000.0,26000.0,Completed,2024-01-23,2024-02-19,2024-04-30,2023-24,29.78207,77.3948,True
MPLADS-2023-UP-0380,Arun Govil,Lok Sabha,Meerut (Lok Sabha),Uttar Pradesh,Meerut,Rohta,Mahavir Nagar,UP Jal Nigam Meerut,Drinking Water Facility,Deployment of solar water pumping system and distribution cistern in Mahavir Nagar,1820000.0,1820000.0,1709000.0,111000.0,Completed,2024-01-25,2024-03-24,2024-07-01,2023-24,28.75255,77.57565,True
MPLADS-2023-WB-0381,June Malia,Lok Sabha,Medinipur (Lok Sabha),West Bengal,Paschim Medinipur,Keshpur,Adarsh Nagar,WB PWD Medinipur,Solar & Public Lighting,Illumination of village approach road and panchayat center with dusk-to-dawn solar luminaires at Adarsh Nagar,1080000.0,1080000.0,1050000.0,30000.0,Completed,2023-11-15,2023-12-29,2024-02-08,2023-24,22.52759,87.02728,True
MPLADS-2023-BI-0382,Raj Bhushan Choudhary,Lok Sabha,Muzaffarpur (Lok Sabha),Bihar,Muzaffarpur,Mushahari,Lakshmipuram,Muzaffarpur Zilla Parishad,Primary Health Sub-Center & Medical,Upgradation of Primary Health Sub-Center with maternity care and diagnostics room at Lakshmipuram,2760000.0,2760000.0,2051000.0,709000.0,In Progress,2023-12-16,2024-01-01,,2023-24,26.18393,85.64911,True
MPLADS-2023-AP-0383,Pemmasani Chandra Sekhar,Lok Sabha,Guntur (Lok Sabha),Andhra Pradesh,Guntur,Tadikonda,Rajendra Nagar,AP PWD,Solar & Public Lighting,Erection of high-mast 16-meter LED solar illumination tower near market square in Rajendra Nagar,600000.0,600000.0,580000.0,20000.0,Completed,2024-01-27,2024-02-25,2024-04-27,2023-24,16.02009,80.34121,True
MPLADS-2023-UP-0384,Kishori Lal Sharma,Lok Sabha,Amethi (Lok Sabha),Uttar Pradesh,Amethi,Salon,Hanuman Nagar,Rural Engineering Services UP,Sanitation & Public Amenities,Modern Sulabh-type public sanitation facility with running water and septic tank in Hanuman Nagar bus stand,850000.0,850000.0,847000.0,3000.0,Completed,2024-01-15,2024-02-10,2024-05-21,2023-24,26.46322,81.49389,True
MPLADS-2023-HP-0385,Suresh Kumar Kashyap,Lok Sabha,Shimla (Lok Sabha),Himachal Pradesh,Shimla,Kasumpti,Lakshmipuram,HP PWD,Drinking Water Facility,Provision of deep solar-powered borewell with 5000L elevated storage tank at Lakshmipuram,360000.0,360000.0,348000.0,12000.0,Completed,2023-12-22,2024-01-19,2024-05-01,2023-24,31.37189,76.85133,True
MPLADS-2023-TE-0386,Kadiyam Kavya,Lok Sabha,Warangal (Lok Sabha),Telangana,Warangal,Hanamkonda,Tilak Nagar,Mission Bhagiratha,Solar & Public Lighting,Illumination of village approach road and panchayat center with dusk-to-dawn solar luminaires at Tilak Nagar,1040000.0,1040000.0,1017000.0,23000.0,Completed,2024-01-22,2024-02-22,2024-04-15,2023-24,18.03028,79.87286,True
MPLADS-2023-UP-0387,Awadhesh Prasad,Lok Sabha,Faizabad (Lok Sabha),Uttar Pradesh,Ayodhya,Sohawal,Tilak Nagar,Ayodhya Development Authority,Drinking Water Facility,Upgradation of pipeline distribution and community water tap stands in Tilak Nagar,1530000.0,765000.0,586000.0,179000.0,In Progress,2023-12-06,2024-01-12,,2023-24,26.52078,81.91192,True
MPLADS-2023-UP-0388,Awadhesh Prasad,Lok Sabha,Faizabad (Lok Sabha),Uttar Pradesh,Ayodhya,Maya Bazar,Krishnapuram,Ayodhya Development Authority,Rural Road & Culvert,Inter-hamlet link road paving connecting agricultural mandi to Krishnapuram,2310000.0,2310000.0,2187000.0,123000.0,Completed,2023-07-27,2023-08-18,2024-03-17,2023-24,26.75881,82.20955,True
MPLADS-2023-TE-0389,Bandi Sanjay Kumar,Lok Sabha,Karimnagar (Lok Sabha),Telangana,Karimnagar,Choppadandi,Khadki,Karimnagar Smart City,Rural Road & Culvert,Construction of reinforced concrete box culvert on arterial approach road at Khadki,3060000.0,3060000.0,2846000.0,214000.0,Completed,2023-12-19,2024-01-11,2024-05-26,2023-24,18.45025,79.06262,True
MPLADS-2023-AP-0390,M. Sribharat,Lok Sabha,Visakhapatnam (Lok Sabha),Andhra Pradesh,Visakhapatnam,Pendurthi,Kaveri Nagar,Greater Visakhapatnam Municipal Corp (GVMC),Community Infrastructure,Construction of multi-utility cyclone / flood safety community shelter at Kaveri Nagar,4970000.0,3728000.0,1790000.0,1938000.0,In Progress,2023-06-27,2023-08-11,,2023-24,17.89303,83.44282,True
MPLADS-2023-MA-0391,Balwant Wankhade,Lok Sabha,Amravati (Lok Sabha),Maharashtra,Amravati,Daryapur,Hanuman Nagar,PWD Amravati,Primary Health Sub-Center & Medical,Civil construction of Ayushman Bharat Health & Wellness Centre dispensary in Hanuman Nagar,3290000.0,2468000.0,1026000.0,1442000.0,In Progress,2024-01-28,2024-03-21,,2023-24,20.6634,77.57124,True
MPLADS-2023-RA-0392,Manna Lal Rawat,Lok Sabha,Udaipur (Lok Sabha),Rajasthan,Udaipur,Vallabhnagar,Kalyanpur,PWD Udaipur,Rural Road & Culvert,Laying of heavy-duty interlocking paver block street in Kalyanpur settlement,3200000.0,3200000.0,3148000.0,52000.0,Completed,2023-04-20,2023-06-12,2023-10-03,2023-24,24.57297,73.45373,True
MPLADS-2023-KE-0393,Shashi Tharoor,Lok Sabha,Thiruvananthapuram (Lok Sabha),Kerala,Thiruvananthapuram,Neyyattinkara,Nandgaon,Kerala Water Authority,Drinking Water Facility,Installation of 1000 LPH RO drinking water purification kiosk in Nandgaon,1350000.0,1350000.0,1329000.0,21000.0,Completed,2023-07-27,2023-09-07,2023-12-05,2023-24,8.58643,77.10558,True
MPLADS-2023-HP-0394,Suresh Kumar Kashyap,Lok Sabha,Shimla (Lok Sabha),Himachal Pradesh,Shimla,Solan Rural,Lakshmipuram,HP PWD,Community Infrastructure,Development of public cultural center and community shed at Lakshmipuram,4690000.0,4690000.0,4479000.0,211000.0,Completed,2023-08-24,2023-09-13,2024-01-12,2023-24,31.2512,77.376,True
MPLADS-2023-OD-0395,Aparajita Sarangi,Lok Sabha,Bhubaneswar (Lok Sabha),Odisha,Khurda,Balianta,Madhavpuram,Odisha Works Dept,Rural Road & Culvert,Inter-hamlet link road paving connecting agricultural mandi to Madhavpuram,1730000.0,1730000.0,1652000.0,78000.0,Completed,2023-06-19,2023-07-10,2024-02-22,2023-24,20.24259,85.73045,True
MPLADS-2023-BI-0396,Rajiv Pratap Rudy,Lok Sabha,Saran (Lok Sabha),Bihar,Saran,Marhaura,Tagore Pally,PWD Chhapra,School Classroom & Education,"Installation of rooftop solar generation system and clean drinking facility in Govt School, Tagore Pally",940000.0,940000.0,685000.0,255000.0,In Progress,2024-01-10,2024-02-29,,2023-24,25.92345,84.91495,True
MPLADS-2023-AS-0397,Bijuli Kalita Medhi,Lok Sabha,Gauhati (Lok Sabha),Assam,Kamrup Metropolitan,Jalukbari,Hanuman Nagar,Assam PWD,Rural Road & Culvert,Bituminous road widening and storm-water drainage culvert in Hanuman Nagar,2030000.0,2030000.0,1914000.0,116000.0,Completed,2024-01-07,2024-02-12,2024-08-19,2023-24,26.4697,91.3899,True
MPLADS-2023-UP-0398,Ramesh Awasthi,Lok Sabha,Kanpur (Lok Sabha),Uttar Pradesh,Kanpur Nagar,Chaubepur,Shanti Nagar,PWD Kanpur,Rural Road & Culvert,Construction of cement concrete (CC) internal village road at Shanti Nagar,1290000.0,1290000.0,1282000.0,8000.0,Completed,2023-05-11,2023-06-18,2023-12-27,2023-24,26.52968,80.3466,True
MPLADS-2023-PU-0399,Gurjeet Singh Aujla,Lok Sabha,Amritsar (Lok Sabha),Punjab,Amritsar,Majitha,Vivekananda Nagar,Punjab PWD,Community Infrastructure,Construction of multipurpose community hall / Barat Ghar in Vivekananda Nagar,2210000.0,2210000.0,2154000.0,56000.0,Completed,2023-12-22,2024-02-17,2024-10-26,2023-24,31.77291,74.95293,True
MPLADS-2023-AS-0400,Bijuli Kalita Medhi,Lok Sabha,Gauhati (Lok Sabha),Assam,Kamrup Metropolitan,Hajo,Madhavpuram,Guwahati Municipal Corp,Rural Road & Culvert,Bituminous road widening and storm-water drainage culvert in Madhavpuram,760000.0,760000.0,740000.0,20000.0,Completed,2023-10-22,2023-11-23,2024-07-02,2023-24,25.80526,91.87874,True
MPLADS-2023-UP-0401,Chhatrapal Singh Gangwar,Lok Sabha,Bareilly (Lok Sabha),Uttar Pradesh,Bareilly,Mirganj,Nehru Colony,DRDA Bareilly,Drinking Water Facility,Upgradation of pipeline distribution and community water tap stands in Nehru Colony,640000.0,640000.0,611000.0,29000.0,Completed,2023-11-19,2023-12-16,2024-03-22,2023-24,28.37137,79.47144,True
MPLADS-2023-RA-0402,Om Birla,Lok Sabha,Kota (Lok Sabha),Rajasthan,Kota,Sangod,Sardar Patel Nagar,Urban Improvement Trust Kota,Rural Road & Culvert,Construction of reinforced concrete box culvert on arterial approach road at Sardar Patel Nagar,2940000.0,2940000.0,2238000.0,702000.0,In Progress,2023-08-07,2023-09-27,,2023-24,25.03409,75.75256,True
MPLADS-2023-GO-0403,Shripad Yesso Naik,Lok Sabha,North Goa (Lok Sabha),Goa,North Goa,Sattari,Shivpur,DRDA North Goa,Community Infrastructure,Construction of multipurpose community hall / Barat Ghar in Shivpur,2400000.0,2400000.0,2300000.0,100000.0,Completed,2023-07-22,2023-08-30,2024-03-27,2023-24,15.50245,73.48461,True
MPLADS-2023-BI-0404,Ajay Kumar Mandal,Lok Sabha,Bhagalpur (Lok Sabha),Bihar,Bhagalpur,Sabour,Balarampur,Bhagalpur Smart City,Solar & Public Lighting,Illumination of village approach road and panchayat center with dusk-to-dawn solar luminaires at Balarampur,320000.0,320000.0,311000.0,9000.0,Completed,2023-11-30,2023-12-26,2024-02-05,2023-24,25.55548,87.11238,True
MPLADS-2023-WB-0405,Kirti Azad,Lok Sabha,Bardhaman-Durgapur (Lok Sabha),West Bengal,Purba Bardhaman,Bhatar,Bhavani Peth,Purba Bardhaman Zilla Parishad,Rural Road & Culvert,Bituminous road widening and storm-water drainage culvert in Bhavani Peth,1190000.0,1190000.0,1127000.0,63000.0,Completed,2024-02-11,2024-03-12,2024-06-30,2023-24,23.35547,87.9759,True
MPLADS-2023-KE-0406,Shashi Tharoor,Lok Sabha,Thiruvananthapuram (Lok Sabha),Kerala,Thiruvananthapuram,Nemom,Surya Nagar,Kerala PWD,Solar & Public Lighting,Illumination of village approach road and panchayat center with dusk-to-dawn solar luminaires at Surya Nagar,720000.0,720000.0,514000.0,206000.0,In Progress,2023-08-19,2023-10-09,,2023-24,8.32956,76.99027,True
MPLADS-2023-UP-0407,Hema Malini,Lok Sabha,Mathura (Lok Sabha),Uttar Pradesh,Mathura,Raya,Khadki,PWD Mathura,Community Infrastructure,Construction of cremation ground covered shed (Shmashan Ghat) with solar lights in Khadki,2880000.0,2880000.0,2794000.0,86000.0,Completed,2023-06-29,2023-08-26,2024-03-13,2023-24,27.62485,77.33197,True
MPLADS-2023-WB-0408,June Malia,Lok Sabha,Medinipur (Lok Sabha),West Bengal,Paschim Medinipur,Kharagpur Rural,Surya Nagar,WB PWD Medinipur,School Classroom & Education,"Provision of STEM science laboratory equipment, computer lab furniture and student desks at Surya Nagar",1340000.0,1340000.0,1248000.0,92000.0,Completed,2023-07-31,2023-08-31,2023-12-23,2023-24,22.22307,87.4604,True
MPLADS-2023-MP-0409,Ashish Dubey,Lok Sabha,Jabalpur (Lok Sabha),Madhya Pradesh,Jabalpur,Shahpura,Mahavir Nagar,MPRRDA,Rural Road & Culvert,Construction of reinforced concrete box culvert on arterial approach road at Mahavir Nagar,890000.0,890000.0,878000.0,12000.0,Completed,2023-07-27,2023-09-16,2024-05-05,2023-24,23.13405,79.90302,True
MPLADS-2023-MA-0410,Nitin Gadkari,Lok Sabha,Nagpur (Lok Sabha),Maharashtra,Nagpur,Katol,Krishnapuram,Nagpur Improvement Trust,Drinking Water Facility,Installation of fluorosis/arsenic filtration drinking water unit in Krishnapuram school campus,500000.0,500000.0,484000.0,16000.0,Completed,2023-12-21,2024-02-14,2024-05-01,2023-24,21.1893,79.13568,True
MPLADS-2023-MP-0411,Alok Sharma,Lok Sabha,Bhopal (Lok Sabha),Madhya Pradesh,Bhopal,Phanda,Kaveri Nagar,Bhopal Municipal Corp,Rural Road & Culvert,Laying of heavy-duty interlocking paver block street in Kaveri Nagar settlement,3020000.0,3020000.0,2902000.0,118000.0,Completed,2023-11-17,2023-12-08,2024-07-27,2023-24,23.56219,77.243,True
MPLADS-2023-UP-0412,Hema Malini,Lok Sabha,Mathura (Lok Sabha),Uttar Pradesh,Mathura,Vrindavan,Chitrakoot,UP Jal Nigam,Rural Road & Culvert,Construction of reinforced concrete box culvert on arterial approach road at Chitrakoot,2230000.0,1672000.0,680000.0,992000.0,In Progress,2024-01-01,2024-02-26,,2023-24,27.61363,77.66495,True
MPLADS-2023-HA-0413,Rao Inderjit Singh,Lok Sabha,Gurgaon (Lok Sabha),Haryana,Gurugram,Badshahpur,Govindpur,Haryana PWD (B&R),Drinking Water Facility,Installation of fluorosis/arsenic filtration drinking water unit in Govindpur school campus,1250000.0,938000.0,746000.0,192000.0,In Progress,2023-06-25,2023-07-19,,2023-24,28.50965,77.27083,True
MPLADS-2023-UP-0414,Ravi Kishan,Lok Sabha,Gorakhpur (Lok Sabha),Uttar Pradesh,Gorakhpur,Pipraich,Indira Nagar,PWD Gorakhpur,Drinking Water Facility,Upgradation of pipeline distribution and community water tap stands in Indira Nagar,1280000.0,1280000.0,1269000.0,11000.0,Completed,2023-08-15,2023-10-14,2024-01-13,2023-24,26.93413,83.38785,True
MPLADS-2023-KA-0415,Pralhad Joshi,Lok Sabha,Dharwad (Lok Sabha),Karnataka,Dharwad,Kalghatgi,Shivpur,Hubballi-Dharwad Smart City,Rural Road & Culvert,Bituminous road widening and storm-water drainage culvert in Shivpur,2490000.0,1868000.0,618000.0,1250000.0,In Progress,2023-05-11,2023-07-09,,2023-24,15.15355,75.27288,True
MPLADS-2023-AP-0416,M. Sribharat,Lok Sabha,Visakhapatnam (Lok Sabha),Andhra Pradesh,Visakhapatnam,Anandapuram,Tilak Nagar,AP PWD,Sanitation & Public Amenities,Construction of community sanitary complex with dedicated women hygiene cubicles at Tilak Nagar,500000.0,375000.0,147000.0,228000.0,In Progress,2023-06-19,2023-08-12,,2023-24,17.50998,83.06742,True
MPLADS-2023-KE-0417,Hibi Eden,Lok Sabha,Ernakulam (Lok Sabha),Kerala,Ernakulam,Paravur,Hanuman Nagar,Kerala PWD,Rural Road & Culvert,Construction of cement concrete (CC) internal village road at Hanuman Nagar,2490000.0,1868000.0,1450000.0,418000.0,In Progress,2023-11-30,2024-01-04,,2023-24,9.72618,76.61384,True
MPLADS-2023-AP-0418,Kesineni Sivanath,Lok Sabha,Vijayawada (Lok Sabha),Andhra Pradesh,NTR / Krishna,Kanchikacherla,Sitarampur,AP Panchayat Raj Dept,School Classroom & Education,"Installation of rooftop solar generation system and clean drinking facility in Govt School, Sitarampur",1590000.0,1590000.0,1544000.0,46000.0,Completed,2023-12-30,2024-02-23,2024-08-04,2023-24,16.21889,80.51351,True
MPLADS-2023-MP-0419,Ashish Dubey,Lok Sabha,Jabalpur (Lok Sabha),Madhya Pradesh,Jabalpur,Sihora,Rampur,MPRRDA,Rural Road & Culvert,Construction of reinforced concrete box culvert on arterial approach road at Rampur,2950000.0,2950000.0,2891000.0,59000.0,Completed,2023-09-24,2023-10-17,2024-05-19,2023-24,23.49437,79.97035,True
MPLADS-2023-UP-0420,Hema Malini,Lok Sabha,Mathura (Lok Sabha),Uttar Pradesh,Mathura,Govardhan,Indira Nagar,PWD Mathura,Rural Road & Culvert,Construction of reinforced concrete box culvert on arterial approach road at Indira Nagar,1620000.0,1620000.0,1590000.0,30000.0,Completed,2024-01-13,2024-02-23,2024-08-30,2023-24,27.7223,77.47811,True
MPLADS-2023-UP-0421,Hema Malini,Lok Sabha,Mathura (Lok Sabha),Uttar Pradesh,Mathura,Chaumuhan,Govindpur,PWD Mathura,Primary Health Sub-Center & Medical,Civil construction of Ayushman Bharat Health & Wellness Centre dispensary in Govindpur,1570000.0,785000.0,535000.0,250000.0,In Progress,2023-08-16,2023-10-04,,2023-24,27.21965,77.64244,True
MPLADS-2023-KA-0422,Yaduveer Krishnadatta Chamaraja Wadiyar,Lok Sabha,Mysore (Lok Sabha),Karnataka,Mysuru,Heggadadevankote,Gandhi Gram,Zilla Panchayat Mysuru,Drinking Water Facility,Installation of 1000 LPH RO drinking water purification kiosk in Gandhi Gram,530000.0,424000.0,186000.0,238000.0,In Progress,2022-01-14,2022-02-13,,2023-24,12.25269,76.29514,True
MPLADS-2023-UP-0423,Ramesh Awasthi,Lok Sabha,Kanpur (Lok Sabha),Uttar Pradesh,Kanpur Nagar,Kalyanpur,Kaveri Nagar,Kanpur Development Authority,Drinking Water Facility,Installation of fluorosis/arsenic filtration drinking water unit in Kaveri Nagar school campus,770000.0,770000.0,739000.0,31000.0,Completed,2023-10-08,2023-11-23,2024-01-25,2023-24,26.13913,80.52486,True
MPLADS-2023-UP-0424,Atul Garg,Lok Sabha,Ghaziabad (Lok Sabha),Uttar Pradesh,Ghaziabad,Loni,Lakshmipuram,Ghaziabad Development Authority,Drinking Water Facility,Installation of 1000 LPH RO drinking water purification kiosk in Lakshmipuram,480000.0,240000.0,197000.0,43000.0,In Progress,2023-08-06,2023-10-05,,2023-24,28.34266,77.42638,True
MPLADS-2023-JA-0425,Aga Syed Ruhullah Mehdi,Lok Sabha,Srinagar (Lok Sabha),Jammu & Kashmir,Srinagar,Batamaloo,Bhojpur,J&K R&B Dept,Solar & Public Lighting,Illumination of village approach road and panchayat center with dusk-to-dawn solar luminaires at Bhojpur,1140000.0,1140000.0,1080000.0,60000.0,Completed,2023-04-22,2023-05-17,2023-07-16,2023-24,34.18066,74.58641,True
MPLADS-2023-UP-0426,Arun Govil,Lok Sabha,Meerut (Lok Sabha),Uttar Pradesh,Meerut,Mawana,Sitarampur,Meerut Development Authority,Community Infrastructure,Construction of cremation ground covered shed (Shmashan Ghat) with solar lights in Sitarampur,1550000.0,930000.0,534000.0,396000.0,In Progress,2022-03-25,2022-04-24,,2023-24,29.11803,77.83828,True
MPLADS-2023-MA-0427,Shahu Chhatrapati,Lok Sabha,Kolhapur (Lok Sabha),Maharashtra,Kolhapur,Karveer,Hanuman Nagar,Zilla Parishad Kolhapur,Community Infrastructure,Construction of multipurpose community hall / Barat Ghar in Hanuman Nagar,3900000.0,2925000.0,1443000.0,1482000.0,In Progress,2024-02-15,2024-03-22,,2023-24,16.84593,74.44733,True
MPLADS-2023-MA-0428,Praniti Shinde,Lok Sabha,Solapur (Lok Sabha),Maharashtra,Solapur,South Solapur,Tagore Pally,PWD Solapur,Solar & Public Lighting,Illumination of village approach road and panchayat center with dusk-to-dawn solar luminaires at Tagore Pally,2210000.0,1658000.0,183000.0,1475000.0,Stalled,2021-10-18,2021-11-22,,2023-24,17.80454,75.94772,True
MPLADS-2023-AP-0429,Maddila Gurumoorthy,Lok Sabha,Tirupati (Lok Sabha),Andhra Pradesh,Tirupati,Srikalahasti,Krishnapuram,AP PWD,School Classroom & Education,"Provision of STEM science laboratory equipment, computer lab furniture and student desks at Krishnapuram",1210000.0,1210000.0,1198000.0,12000.0,Completed,2023-08-19,2023-10-02,2023-12-21,2023-24,13.32701,79.17772,True
MPLADS-2023-BI-0430,Kaushlendra Kumar,Lok Sabha,Nalanda (Lok Sabha),Bihar,Nalanda,Harnaut,Ganeshpur,PHED Bihar,Rural Road & Culvert,Construction of reinforced concrete box culvert on arterial approach road at Ganeshpur,1640000.0,1640000.0,1601000.0,39000.0,Completed,2023-04-10,2023-05-06,2023-10-25,2023-24,25.3529,85.6257,True
MPLADS-2023-AP-0431,Maddila Gurumoorthy,Lok Sabha,Tirupati (Lok Sabha),Andhra Pradesh,Tirupati,Srikalahasti,Vivekananda Nagar,AP PWD,Sports & Youth Welfare,Construction of pavilion seating shed and sports training facility in Gram Panchayat Vivekananda Nagar,480000.0,480000.0,454000.0,26000.0,Completed,2023-09-13,2023-10-16,2023-12-08,2023-24,13.30944,79.72566,True
MPLADS-2023-MA-0432,Murlidhar Mohol,Lok Sabha,Pune (Lok Sabha),Maharashtra,Pune,Baramati,Vivekananda Nagar,PWD Pune Division,Rural Road & Culvert,Construction of cement concrete (CC) internal village road at Vivekananda Nagar,600000.0,600000.0,588000.0,12000.0,Completed,2023-10-16,2023-12-11,2024-05-14,2023-24,18.20476,73.66121,True
MPLADS-2023-PU-0433,Gurjeet Singh Aujla,Lok Sabha,Amritsar (Lok Sabha),Punjab,Amritsar,Ajnala,Madhavpuram,Amritsar Municipal Corp,Community Infrastructure,Construction of multipurpose community hall / Barat Ghar in Madhavpuram,3140000.0,3140000.0,3114000.0,26000.0,Completed,2023-05-02,2023-06-26,2024-01-26,2023-24,31.83997,74.56311,True
MPLADS-2023-KE-0434,M. K. Raghavan,Lok Sabha,Kozhikode (Lok Sabha),Kerala,Kozhikode,Vadakara,Sundar Nagar,Kerala Water Authority,Drinking Water Facility,Installation of 1000 LPH RO drinking water purification kiosk in Sundar Nagar,1720000.0,1032000.0,473000.0,559000.0,In Progress,2021-12-19,2022-01-18,,2023-24,11.36861,75.82942,True
MPLADS-2023-MA-0435,Udayanraje Bhosale,Lok Sabha,Satara (Lok Sabha),Maharashtra,Satara,Patan,Kalyanpur,PWD Satara,Sports & Youth Welfare,Construction of pavilion seating shed and sports training facility in Gram Panchayat Kalyanpur,990000.0,990000.0,937000.0,53000.0,Completed,2023-11-21,2024-01-18,2024-03-26,2023-24,17.71548,74.00298,True
MPLADS-2023-AS-0436,Bijuli Kalita Medhi,Lok Sabha,Gauhati (Lok Sabha),Assam,Kamrup Metropolitan,Palashbari,Mahavir Nagar,DRDA Kamrup,Drinking Water Facility,Upgradation of pipeline distribution and community water tap stands in Mahavir Nagar,1130000.0,1130000.0,1116000.0,14000.0,Completed,2023-10-08,2023-11-12,2024-02-06,2023-24,26.22039,91.7804,True
MPLADS-2023-WB-0437,June Malia,Lok Sabha,Medinipur (Lok Sabha),West Bengal,Paschim Medinipur,Keshpur,Mahavir Nagar,WB PWD Medinipur,Community Infrastructure,Renovation and structural expansion of Gram Panchayat community auditorium in Mahavir Nagar,1500000.0,1500000.0,1496000.0,4000.0,Completed,2023-08-24,2023-09-10,2024-03-25,2023-24,22.0803,87.65898,True
MPLADS-2023-WB-0438,Shatrughan Sinha,Lok Sabha,Asansol (Lok Sabha),West Bengal,Paschim Bardhaman,Raniganj,Green Park,Asansol Municipal Corp,School Classroom & Education,Upgradation of primary school infrastructure with disabled-friendly ramps and smart board in Green Park,1660000.0,1245000.0,506000.0,739000.0,In Progress,2023-06-19,2023-08-09,,2023-24,23.42079,86.85936,True
MPLADS-2023-OD-0439,Bhartruhari Mahtab,Lok Sabha,Cuttack (Lok Sabha),Odisha,Cuttack,Mahanga,Vikas Nagar,Odisha Panchayati Raj Dept,Rural Road & Culvert,Construction of reinforced concrete box culvert on arterial approach road at Vikas Nagar,1700000.0,1700000.0,1615000.0,85000.0,Completed,2023-05-10,2023-06-07,2024-01-30,2023-24,20.68616,85.59955,True
MPLADS-2023-TE-0440,Kadiyam Kavya,Lok Sabha,Warangal (Lok Sabha),Telangana,Warangal,Hanamkonda,Anand Vihar,Mission Bhagiratha,Drinking Water Facility,Installation of 1000 LPH RO drinking water purification kiosk in Anand Vihar,1470000.0,1470000.0,1461000.0,9000.0,Completed,2023-09-26,2023-11-01,2023-12-31,2023-24,18.22775,79.4028,True
MPLADS-2023-TE-0441,Asaduddin Owaisi,Lok Sabha,Hyderabad (Lok Sabha),Telangana,Hyderabad,Malakpet,Vikas Nagar,GHMC Hyderabad,Community Infrastructure,Construction of multipurpose community hall / Barat Ghar in Vikas Nagar,2620000.0,2620000.0,2486000.0,134000.0,Completed,2023-06-16,2023-08-06,2024-05-24,2023-24,17.54711,78.41172,True
MPLADS-2023-KA-0442,Jagadish Shettar,Lok Sabha,Belagavi (Lok Sabha),Karnataka,Belagavi,Saundatti,Devipura,PWD Karnataka,Rural Road & Culvert,Laying of heavy-duty interlocking paver block street in Devipura settlement,1370000.0,822000.0,464000.0,358000.0,In Progress,2021-11-26,2021-12-26,,2023-24,15.68349,74.42667,True
MPLADS-2023-KA-0443,Capt. Brijesh Chowta,Lok Sabha,Dakshina Kannada (Lok Sabha),Karnataka,Dakshina Kannada,Belthangady,Rajendra Nagar,Mangaluru Smart City,School Classroom & Education,"Erection of protective boundary wall and main gate for Government Senior Secondary School, Rajendra Nagar",2440000.0,2440000.0,2322000.0,118000.0,Completed,2024-01-18,2024-03-14,2024-06-13,2023-24,12.61425,75.04974,True
MPLADS-2023-TN-0444,Durai Vaiko,Lok Sabha,Tiruchirappalli (Lok Sabha),Tamil Nadu,Tiruchirappalli,Thuraiyur,Gopalganj,Tiruchirappalli City Corp,Solar & Public Lighting,Installation of solar mini-grid powered street lighting and battery bank at Gopalganj,650000.0,650000.0,612000.0,38000.0,Completed,2023-07-07,2023-08-13,2023-10-01,2023-24,10.55898,78.5995,True
MPLADS-2023-KA-0445,Jagadish Shettar,Lok Sabha,Belagavi (Lok Sabha),Karnataka,Belagavi,Chikkodi,Khadki,Zilla Panchayat Belagavi,Rural Road & Culvert,Bituminous road widening and storm-water drainage culvert in Khadki,2560000.0,1536000.0,1015000.0,521000.0,In Progress,2022-01-24,2022-02-23,,2023-24,16.07379,74.15731,True
MPLADS-2023-MA-0446,Bimol Akoijam,Lok Sabha,Inner Manipur (Lok Sabha),Manipur,Imphal East,Sawombung,Rajendra Nagar,Manipur DRDA,Rural Road & Culvert,Inter-hamlet link road paving connecting agricultural mandi to Rajendra Nagar,1720000.0,1720000.0,1639000.0,81000.0,Completed,2023-07-18,2023-09-05,2024-01-09,2023-24,24.95355,94.05458,True
MPLADS-2023-MP-0447,Anil Firojiya,Lok Sabha,Ujjain (Lok Sabha),Madhya Pradesh,Ujjain,Khachrod,Lakshmipuram,Ujjain Smart City,Rural Road & Culvert,Construction of cement concrete (CC) internal village road at Lakshmipuram,1350000.0,1012000.0,502000.0,510000.0,In Progress,2024-02-11,2024-04-10,,2023-24,22.83233,75.71055,True
MPLADS-2023-BI-0448,Pappu Yadav,Lok Sabha,Purnia (Lok Sabha),Bihar,Purnia,Kasba,Patel Nagar,Purnia Zilla Parishad,Solar & Public Lighting,Installation of solar mini-grid powered street lighting and battery bank at Patel Nagar,470000.0,470000.0,450000.0,20000.0,Completed,2023-12-17,2024-01-25,2024-04-19,2023-24,25.84507,87.18691,True
MPLADS-2023-WB-0449,Kirti Azad,Lok Sabha,Bardhaman-Durgapur (Lok Sabha),West Bengal,Purba Bardhaman,Galsi,Bhavani Peth,Purba Bardhaman Zilla Parishad,Community Infrastructure,Construction of cremation ground covered shed (Shmashan Ghat) with solar lights in Bhavani Peth,5800000.0,5800000.0,5677000.0,123000.0,Sanctioned,2021-08-29,2021-09-28,,2023-24,23.5796,88.19651,True
MPLADS-2023-BI-0450,Ravi Shankar Prasad,Lok Sabha,Patna Sahib (Lok Sabha),Bihar,Patna,Phulwari Sharif,Shivpur,Bihar Rajya Pul Nirman Nigam,School Classroom & Education,"Provision of STEM science laboratory equipment, computer lab furniture and student desks at Shivpur",1030000.0,1030000.0,991000.0,39000.0,Completed,2023-10-19,2023-11-24,2024-04-18,2023-24,25.67281,85.22547,True
MPLADS-2023-WB-0451,June Malia,Lok Sabha,Medinipur (Lok Sabha),West Bengal,Paschim Medinipur,Salboni,Shanti Nagar,Paschim Medinipur Zilla Parishad,Drinking Water Facility,Deployment of solar water pumping system and distribution cistern in Shanti Nagar,790000.0,474000.0,234000.0,240000.0,In Progress,2022-02-04,2022-03-06,,2023-24,22.5693,87.33656,True
MPLADS-2023-MA-0452,Sandipan Bhumre,Lok Sabha,Aurangabad (Lok Sabha),Maharashtra,Chhatrapati Sambhajinagar,Gangapur,Anand Vihar,Zilla Parishad Aurangabad,Rural Road & Culvert,Inter-hamlet link road paving connecting agricultural mandi to Anand Vihar,700000.0,560000.0,372000.0,188000.0,In Progress,2022-03-20,2022-04-19,,2023-24,19.81603,75.28118,True
MPLADS-2023-KA-0453,Capt. Brijesh Chowta,Lok Sabha,Dakshina Kannada (Lok Sabha),Karnataka,Dakshina Kannada,Puttur,Gandhi Gram,Mangaluru Smart City,Rural Road & Culvert,Bituminous road widening and storm-water drainage culvert in Gandhi Gram,1560000.0,1560000.0,1491000.0,69000.0,Completed,2024-02-10,2024-04-04,2024-08-31,2023-24,13.04526,74.75748,True
MPLADS-2023-MA-0454,Bimol Akoijam,Lok Sabha,Inner Manipur (Lok Sabha),Manipur,Imphal East,Porompat,Chitrakoot,PHED Manipur,Community Infrastructure,Construction of cremation ground covered shed (Shmashan Ghat) with solar lights in Chitrakoot,2140000.0,2140000.0,2040000.0,100000.0,Completed,2023-12-08,2024-01-16,2024-08-27,2023-24,25.00218,93.59731,True
MPLADS-2023-BI-0455,Rajiv Pratap Rudy,Lok Sabha,Saran (Lok Sabha),Bihar,Saran,Marhaura,Gandhi Gram,Rural Works Dept Saran,Sanitation & Public Amenities,Modern Sulabh-type public sanitation facility with running water and septic tank in Gandhi Gram bus stand,470000.0,470000.0,454000.0,16000.0,Completed,2024-02-10,2024-03-24,2024-06-03,2023-24,25.72889,84.94325,True
MPLADS-2023-KE-0456,Suresh Gopi,Lok Sabha,Thrissur (Lok Sabha),Kerala,Thrissur,Kodungallur,Govindpur,Kerala PWD Roads,Sanitation & Public Amenities,Construction of community sanitary complex with dedicated women hygiene cubicles at Govindpur,920000.0,920000.0,918000.0,2000.0,Completed,2023-11-20,2024-01-02,2024-04-17,2023-24,10.55411,76.55308,True
MPLADS-2023-UP-0457,Satish Kumar Gautam,Lok Sabha,Aligarh (Lok Sabha),Uttar Pradesh,Aligarh,Khair,Chandrapur,UP Jal Nigam,Rural Road & Culvert,Inter-hamlet link road paving connecting agricultural mandi to Chandrapur,1820000.0,1820000.0,1776000.0,44000.0,Completed,2023-08-25,2023-09-28,2024-01-09,2023-24,28.03037,78.37057,True
MPLADS-2023-GU-0458,Parshottam Rupala,Lok Sabha,Rajkot (Lok Sabha),Gujarat,Rajkot,Gondal,Sardar Patel Nagar,DRDA Rajkot,Rural Road & Culvert,Bituminous road widening and storm-water drainage culvert in Sardar Patel Nagar,2840000.0,2130000.0,846000.0,1284000.0,In Progress,2024-01-05,2024-03-04,,2023-24,21.97134,70.76978,True
MPLADS-2023-PU-0459,Gurjeet Singh Aujla,Lok Sabha,Amritsar (Lok Sabha),Punjab,Amritsar,Jandiala,Lakshmipuram,Amritsar Municipal Corp,Drinking Water Facility,Provision of deep solar-powered borewell with 5000L elevated storage tank at Lakshmipuram,1380000.0,1035000.0,507000.0,528000.0,In Progress,2023-05-17,2023-06-08,,2023-24,31.34371,75.0174,True
MPLADS-2023-HA-0460,Rao Inderjit Singh,Lok Sabha,Gurgaon (Lok Sabha),Haryana,Gurugram,Farrukhnagar,Bhojpur,Haryana Shehri Vikas Pradhikaran,Rural Road & Culvert,Bituminous road widening and storm-water drainage culvert in Bhojpur,3240000.0,1944000.0,1022000.0,922000.0,In Progress,2022-02-10,2022-03-12,,2023-24,28.32616,77.21464,True
MPLADS-2023-KA-0461,Yaduveer Krishnadatta Chamaraja Wadiyar,Lok Sabha,Mysore (Lok Sabha),Karnataka,Mysuru,Nanjangud,Adarsh Nagar,PWD Mysuru,Rural Road & Culvert,Construction of cement concrete (CC) internal village road at Adarsh Nagar,2370000.0,2370000.0,1981000.0,389000.0,In Progress,2023-04-07,2023-05-08,,2023-24,12.37139,76.63483,True
MPLADS-2023-WB-0462,Kirti Azad,Lok Sabha,Bardhaman-Durgapur (Lok Sabha),West Bengal,Purba Bardhaman,Durgapur Rural,Mahavir Nagar,WB PWD,Rural Road & Culvert,Construction of reinforced concrete box culvert on arterial approach road at Mahavir Nagar,2300000.0,2300000.0,2271000.0,29000.0,Completed,2024-01-06,2024-02-05,2024-06-27,2023-24,22.91664,87.61528,True
MPLADS-2023-TE-0463,Kadiyam Kavya,Lok Sabha,Warangal (Lok Sabha),Telangana,Warangal,Hanamkonda,Khadki,Greater Warangal Municipal Corp,Solar & Public Lighting,Illumination of village approach road and panchayat center with dusk-to-dawn solar luminaires at Khadki,560000.0,448000.0,261000.0,187000.0,In Progress,2022-02-14,2022-03-16,,2023-24,18.10296,79.66058,True
MPLADS-2023-AP-0464,Kesineni Sivanath,Lok Sabha,Vijayawada (Lok Sabha),Andhra Pradesh,NTR / Krishna,Kanchikacherla,Panchavati,AP Panchayat Raj Dept,Drinking Water Facility,Installation of 1000 LPH RO drinking water purification kiosk in Panchavati,440000.0,440000.0,415000.0,25000.0,Completed,2023-09-13,2023-10-17,2024-01-24,2023-24,16.74652,80.34345,True
MPLADS-2023-GU-0465,Mukesh Dalal,Lok Sabha,Surat (Lok Sabha),Gujarat,Surat,Olpad,Green Park,DRDA Surat,Drinking Water Facility,Deployment of solar water pumping system and distribution cistern in Green Park,920000.0,920000.0,904000.0,16000.0,Completed,2023-07-17,2023-08-14,2023-12-04,2023-24,21.51123,72.81966,True
MPLADS-2023-MA-0466,Bimol Akoijam,Lok Sabha,Inner Manipur (Lok Sabha),Manipur,Imphal East,Sawombung,Shivaji Nagar,PHED Manipur,Rural Road & Culvert,Construction of reinforced concrete box culvert on arterial approach road at Shivaji Nagar,2230000.0,2230000.0,2160000.0,70000.0,Completed,2023-09-29,2023-11-22,2024-06-26,2023-24,24.81175,93.71274,True
MPLADS-2023-KE-0467,Hibi Eden,Lok Sabha,Ernakulam (Lok Sabha),Kerala,Ernakulam,Aluva,Rampur,Kochi Municipal Corp,Rural Road & Culvert,Construction of cement concrete (CC) internal village road at Rampur,1890000.0,1418000.0,937000.0,481000.0,In Progress,2023-07-16,2023-08-07,,2023-24,9.87636,76.51413,True
MPLADS-2023-WB-0468,Jagannath Sarkar,Lok Sabha,Ranaghat (Lok Sabha),West Bengal,Nadia,Ranaghat-II,Patel Nagar,Public Health Engineering WB,Rural Road & Culvert,Construction of cement concrete (CC) internal village road at Patel Nagar,1420000.0,1420000.0,1391000.0,29000.0,Completed,2024-01-07,2024-02-23,2024-08-18,2023-24,23.10823,88.60475,True
MPLADS-2023-UP-0469,S. P. Singh Baghel,Lok Sabha,Agra (Lok Sabha),Uttar Pradesh,Agra,Fatehabad,Subhash Nagar,PWD Agra,Solar & Public Lighting,Installation of solar mini-grid powered street lighting and battery bank at Subhash Nagar,1120000.0,1120000.0,1111000.0,9000.0,Completed,2023-06-09,2023-06-26,2023-08-29,2023-24,27.45385,77.98183,True
MPLADS-2023-MP-0470,Lata Wankhede,Lok Sabha,Sagar (Lok Sabha),Madhya Pradesh,Sagar,Bina,Vikas Nagar,DRDA Sagar,School Classroom & Education,"Provision of STEM science laboratory equipment, computer lab furniture and student desks at Vikas Nagar",1650000.0,1650000.0,1639000.0,11000.0,Completed,2023-07-16,2023-08-01,2024-01-09,2023-24,23.73632,79.06653,True
MPLADS-2023-BI-0471,Ravi Shankar Prasad,Lok Sabha,Patna Sahib (Lok Sabha),Bihar,Patna,Phulwari Sharif,Sitarampur,Bihar Rajya Pul Nirman Nigam,School Classroom & Education,"Erection of protective boundary wall and main gate for Government Senior Secondary School, Sitarampur",1680000.0,1260000.0,1023000.0,237000.0,In Progress,2023-07-05,2023-08-13,,2023-24,25.46425,84.80974,True
MPLADS-2023-MP-0472,Alok Sharma,Lok Sabha,Bhopal (Lok Sabha),Madhya Pradesh,Bhopal,Huzur,Surya Nagar,Bhopal Municipal Corp,Community Infrastructure,Construction of cremation ground covered shed (Shmashan Ghat) with solar lights in Surya Nagar,2260000.0,1356000.0,723000.0,633000.0,In Progress,2022-02-04,2022-03-06,,2023-24,22.92735,77.40046,True
MPLADS-2023-RA-0473,Gajendra Singh Shekhawat,Lok Sabha,Jodhpur (Lok Sabha),Rajasthan,Jodhpur,Bilara,Rajendra Nagar,DRDA Jodhpur,Primary Health Sub-Center & Medical,Civil construction of Ayushman Bharat Health & Wellness Centre dispensary in Rajendra Nagar,2890000.0,2890000.0,2538000.0,352000.0,In Progress,2023-05-21,2023-06-14,,2023-24,26.03253,72.69989,True
MPLADS-2023-MP-0474,Lata Wankhede,Lok Sabha,Sagar (Lok Sabha),Madhya Pradesh,Sagar,Deori,Rampur,Sagar Smart City,Drinking Water Facility,Installation of 1000 LPH RO drinking water purification kiosk in Rampur,1330000.0,665000.0,512000.0,153000.0,In Progress,2023-05-15,2023-07-07,,2023-24,23.95009,78.60654,True
MPLADS-2023-OD-0475,Sambit Patra,Lok Sabha,Puri (Lok Sabha),Odisha,Puri,Satyabadi,Gandhi Gram,Odisha Rural Dev Dept,Rural Road & Culvert,Inter-hamlet link road paving connecting agricultural mandi to Gandhi Gram,1330000.0,1330000.0,1262000.0,68000.0,Completed,2023-11-12,2023-12-17,2024-04-14,2023-24,19.47418,85.91726,True
MPLADS-2023-RA-0476,Manju Sharma,Lok Sabha,Jaipur (Lok Sabha),Rajasthan,Jaipur,Amer,Nehru Colony,PHED Rajasthan,School Classroom & Education,"Provision of STEM science laboratory equipment, computer lab furniture and student desks at Nehru Colony",1110000.0,1110000.0,1063000.0,47000.0,Completed,2023-08-24,2023-10-23,2024-04-14,2023-24,26.79952,75.74785,True
MPLADS-2023-MA-0477,Murlidhar Mohol,Lok Sabha,Pune (Lok Sabha),Maharashtra,Pune,Ambegaon,Kalyanpur,PWD Pune Division,Drinking Water Facility,Installation of 1000 LPH RO drinking water purification kiosk in Kalyanpur,430000.0,430000.0,362000.0,68000.0,In Progress,2023-07-01,2023-08-10,,2023-24,18.65996,73.93812,True
MPLADS-2023-BI-0478,Pappu Yadav,Lok Sabha,Purnia (Lok Sabha),Bihar,Purnia,Banmankhi,Ambedkar Basti,PHED Purnia,Rural Road & Culvert,Laying of heavy-duty interlocking paver block street in Ambedkar Basti settlement,2200000.0,1650000.0,834000.0,816000.0,In Progress,2023-11-26,2023-12-16,,2023-24,25.92425,87.45108,True
MPLADS-2023-WB-0479,Raju Bista,Lok Sabha,Darjeeling (Lok Sabha),West Bengal,Darjeeling,Kalimpong,Lakshmipuram,WB PWD,Drinking Water Facility,Installation of fluorosis/arsenic filtration drinking water unit in Lakshmipuram school campus,580000.0,435000.0,332000.0,103000.0,In Progress,2023-09-17,2023-11-13,,2023-24,26.73676,87.99532,True
MPLADS-2023-GU-0480,Parshottam Rupala,Lok Sabha,Rajkot (Lok Sabha),Gujarat,Rajkot,Jasdan,Nehru Colony,GWSSB Gujarat,School Classroom & Education,Upgradation of primary school infrastructure with disabled-friendly ramps and smart board in Nehru Colony,840000.0,840000.0,805000.0,35000.0,Completed,2023-10-25,2023-11-15,2024-04-06,2023-24,22.00355,70.66368,True
MPLADS-2023-GU-0481,Parshottam Rupala,Lok Sabha,Rajkot (Lok Sabha),Gujarat,Rajkot,Kotda Sangani,Bhavani Peth,GWSSB Gujarat,Solar & Public Lighting,Erection of high-mast 16-meter LED solar illumination tower near market square in Bhavani Peth,770000.0,616000.0,351000.0,265000.0,In Progress,2021-12-07,2022-01-06,,2023-24,22.19344,70.93809,True
MPLADS-2023-MA-0482,Rajabhau Waje,Lok Sabha,Nashik (Lok Sabha),Maharashtra,Nashik,Trimbak,Gopalganj,DRDA Nashik,School Classroom & Education,Upgradation of primary school infrastructure with disabled-friendly ramps and smart board in Gopalganj,1480000.0,1480000.0,1473000.0,7000.0,Completed,2023-05-20,2023-07-09,2023-09-15,2023-24,20.06628,73.91966,True
MPLADS-2023-OD-0483,Dharmendra Pradhan,Lok Sabha,Sambalpur (Lok Sabha),Odisha,Sambalpur,Kuchinda,Madhavpuram,Western Odisha Dev Council,Solar & Public Lighting,Installation of 30 standalone LED solar street lights across major junctions in Madhavpuram,340000.0,340000.0,320000.0,20000.0,Completed,2024-01-23,2024-02-15,2024-03-25,2023-24,21.57952,83.94828,True
MPLADS-2023-BI-0484,Rajiv Pratap Rudy,Lok Sabha,Saran (Lok Sabha),Bihar,Saran,Garkha,Mahavir Nagar,Rural Works Dept Saran,Rural Road & Culvert,Bituminous road widening and storm-water drainage culvert in Mahavir Nagar,2540000.0,1905000.0,1641000.0,264000.0,In Progress,2023-09-01,2023-10-06,,2023-24,26.08527,84.90235,True
MPLADS-2023-TN-0485,Ganapathi P. Rajkumar,Lok Sabha,Coimbatore (Lok Sabha),Tamil Nadu,Coimbatore,Perur,Govindpur,Tamil Nadu PWD,Community Infrastructure,Renovation and structural expansion of Gram Panchayat community auditorium in Govindpur,4470000.0,4470000.0,4216000.0,254000.0,Completed,2023-05-02,2023-06-04,2024-03-30,2023-24,11.05882,77.29089,True
MPLADS-2023-UP-0486,Chhatrapal Singh Gangwar,Lok Sabha,Bareilly (Lok Sabha),Uttar Pradesh,Bareilly,Bithri Chainpur,Shanti Nagar,Bareilly Development Authority,Primary Health Sub-Center & Medical,"Supply of medical diagnostics, vaccine cold chain refrigerator and emergency triage beds at Shanti Nagar",2490000.0,2490000.0,2371000.0,119000.0,Completed,2023-10-13,2023-12-12,2024-05-24,2023-24,28.34941,79.21216,True
MPLADS-2023-MP-0487,Ashish Dubey,Lok Sabha,Jabalpur (Lok Sabha),Madhya Pradesh,Jabalpur,Shahpura,Patel Nagar,Jabalpur Smart City,Solar & Public Lighting,Erection of high-mast 16-meter LED solar illumination tower near market square in Patel Nagar,380000.0,285000.0,142000.0,143000.0,In Progress,2023-04-09,2023-04-28,,2023-24,23.51398,79.73144,True
MPLADS-2023-MA-0488,Sandipan Bhumre,Lok Sabha,Aurangabad (Lok Sabha),Maharashtra,Chhatrapati Sambhajinagar,Phulambri,Chitrakoot,Zilla Parishad Aurangabad,Community Infrastructure,Construction of multi-utility cyclone / flood safety community shelter at Chitrakoot,2130000.0,2130000.0,2046000.0,84000.0,Completed,2023-11-04,2023-12-21,2024-06-05,2023-24,19.82354,74.9985,True
MPLADS-2023-RA-0489,Gajendra Singh Shekhawat,Lok Sabha,Jodhpur (Lok Sabha),Rajasthan,Jodhpur,Shergarh,Nandgaon,DRDA Jodhpur,School Classroom & Education,Upgradation of primary school infrastructure with disabled-friendly ramps and smart board in Nandgaon,1300000.0,1300000.0,1266000.0,34000.0,Completed,2024-01-16,2024-02-02,2024-06-29,2023-24,25.94494,73.18543,True
MPLADS-2023-RA-0490,Om Birla,Lok Sabha,Kota (Lok Sabha),Rajasthan,Kota,Ramganj Mandi,Devipura,DRDA Kota,Community Infrastructure,Construction of multi-utility cyclone / flood safety community shelter at Devipura,1810000.0,1810000.0,1762000.0,48000.0,Completed,2023-05-10,2023-06-24,2024-03-26,2023-24,24.90074,75.75528,True
MPLADS-2023-GO-0491,Shripad Yesso Naik,Lok Sabha,North Goa (Lok Sabha),Goa,North Goa,Sattari,Sardar Patel Nagar,Goa Waste Management Corp,Community Infrastructure,Construction of multi-utility cyclone / flood safety community shelter at Sardar Patel Nagar,4070000.0,4070000.0,3894000.0,176000.0,Completed,2023-09-28,2023-11-08,2024-03-16,2023-24,15.62744,73.89615,True
MPLADS-2023-BI-0492,Kaushlendra Kumar,Lok Sabha,Nalanda (Lok Sabha),Bihar,Nalanda,Biharsharif,Rajendra Nagar,Rural Works Dept Nalanda,School Classroom & Education,"Erection of protective boundary wall and main gate for Government Senior Secondary School, Rajendra Nagar",1690000.0,1690000.0,1617000.0,73000.0,Completed,2023-08-28,2023-10-24,2024-01-02,2023-24,24.93697,85.2187,True
MPLADS-2023-BI-0493,Kaushlendra Kumar,Lok Sabha,Nalanda (Lok Sabha),Bihar,Nalanda,Rajgir,Green Park,Rural Works Dept Nalanda,Rural Road & Culvert,Inter-hamlet link road paving connecting agricultural mandi to Green Park,830000.0,830000.0,796000.0,34000.0,Completed,2024-02-04,2024-02-26,2024-08-28,2023-24,25.41369,85.34778,True
MPLADS-2023-DE-0494,Bansuri Swaraj,Lok Sabha,New Delhi (Lok Sabha),Delhi,New Delhi,Delhi Cantt,Tilak Nagar,Delhi PWD,Rural Road & Culvert,Inter-hamlet link road paving connecting agricultural mandi to Tilak Nagar,3450000.0,3450000.0,3342000.0,108000.0,Completed,2024-01-30,2024-02-23,2024-09-05,2023-24,28.80316,77.02556,True
MPLADS-2023-KA-0495,Capt. Brijesh Chowta,Lok Sabha,Dakshina Kannada (Lok Sabha),Karnataka,Dakshina Kannada,Belthangady,Anand Vihar,Mangaluru Smart City,Primary Health Sub-Center & Medical,Civil construction of Ayushman Bharat Health & Wellness Centre dispensary in Anand Vihar,950000.0,712000.0,299000.0,413000.0,In Progress,2023-05-30,2023-06-30,,2023-24,12.77506,75.02831,True
MPLADS-2023-UT-0496,Trivendra Singh Rawat,Lok Sabha,Haridwar (Lok Sabha),Uttarakhand,Haridwar,Bahadrabad,Bhojpur,PWD Uttarakhand,Community Infrastructure,Construction of cremation ground covered shed (Shmashan Ghat) with solar lights in Bhojpur,2010000.0,2010000.0,1934000.0,76000.0,Completed,2023-04-07,2023-05-19,2023-12-05,2023-24,30.26893,78.29221,True
MPLADS-2023-UP-0497,Praveen Patel,Lok Sabha,Prayagraj (Lok Sabha),Uttar Pradesh,Prayagraj,Jasra,Shanti Nagar,UP Jal Sansthan,School Classroom & Education,"Provision of STEM science laboratory equipment, computer lab furniture and student desks at Shanti Nagar",1750000.0,1750000.0,1691000.0,59000.0,Completed,2023-05-21,2023-06-22,2023-11-24,2023-24,25.25506,81.96662,True
MPLADS-2023-JA-0498,Aga Syed Ruhullah Mehdi,Lok Sabha,Srinagar (Lok Sabha),Jammu & Kashmir,Srinagar,Khanyar,Krishnapuram,Jal Shakti J&K,Drinking Water Facility,Deployment of solar water pumping system and distribution cistern in Krishnapuram,760000.0,760000.0,674000.0,86000.0,In Progress,2021-07-31,2021-08-30,,2023-24,33.88729,74.64561,True
MPLADS-2023-WB-0499,Jagannath Sarkar,Lok Sabha,Ranaghat (Lok Sabha),West Bengal,Nadia,Ranaghat-I,Devipura,Public Health Engineering WB,Rural Road & Culvert,Construction of reinforced concrete box culvert on arterial approach road at Devipura,2470000.0,2470000.0,2339000.0,131000.0,Completed,2024-02-01,2024-02-29,2024-07-01,2023-24,23.09417,88.7412,True
MPLADS-2023-TE-0500,G. Kishan Reddy,Lok Sabha,Secunderabad (Lok Sabha),Telangana,Hyderabad Suburbs,Amberpet,Krishnapuram,HMWSSB Secunderabad,Rural Road & Culvert,Inter-hamlet link road paving connecting agricultural mandi to Krishnapuram,1900000.0,1900000.0,1833000.0,67000.0,Completed,2023-11-19,2023-12-08,2024-05-28,2023-24,17.27004,78.69481,True
MPLADS-2023-BI-0501,Ravi Shankar Prasad,Lok Sabha,Patna Sahib (Lok Sabha),Bihar,Patna,Fatuha,Subhash Nagar,Bihar Rajya Pul Nirman Nigam,Rural Road & Culvert,Inter-hamlet link road paving connecting agricultural mandi to Subhash Nagar,3370000.0,3370000.0,3349000.0,21000.0,Completed,2023-07-01,2023-08-01,2024-02-07,2023-24,25.36901,85.13204,True
MPLADS-2023-MA-0502,Udayanraje Bhosale,Lok Sabha,Satara (Lok Sabha),Maharashtra,Satara,Phaltan,Govindpur,Zilla Parishad Satara,Solar & Public Lighting,Installation of 30 standalone LED solar street lights across major junctions in Govindpur,1120000.0,896000.0,567000.0,329000.0,In Progress,2022-03-09,2022-04-08,,2023-24,17.34364,73.99809,True
MPLADS-2023-TE-0503,Asaduddin Owaisi,Lok Sabha,Hyderabad (Lok Sabha),Telangana,Hyderabad,Charminar,Bhojpur,Telangana PWD,Rural Road & Culvert,Bituminous road widening and storm-water drainage culvert in Bhojpur,6420000.0,6420000.0,6258000.0,162000.0,Sanctioned,2021-07-09,2021-08-08,,2023-24,17.31774,78.64614,True
MPLADS-2023-UP-0504,Kishori Lal Sharma,Lok Sabha,Amethi (Lok Sabha),Uttar Pradesh,Amethi,Gauriganj,Rajendra Nagar,PWD Amethi,Rural Road & Culvert,Construction of reinforced concrete box culvert on arterial approach road at Rajendra Nagar,2110000.0,2110000.0,2061000.0,49000.0,Completed,2023-09-18,2023-10-25,2024-02-15,2023-24,26.06155,82.06294,True
MPLADS-2023-TN-0505,Ganapathi P. Rajkumar,Lok Sabha,Coimbatore (Lok Sabha),Tamil Nadu,Coimbatore,Annur,Madhavpuram,DRDA Coimbatore,Rural Road & Culvert,Bituminous road widening and storm-water drainage culvert in Madhavpuram,2160000.0,2160000.0,2044000.0,116000.0,Completed,2023-07-07,2023-08-15,2024-02-12,2023-24,11.00735,77.22545,True
MPLADS-2023-KA-0506,Capt. Brijesh Chowta,Lok Sabha,Dakshina Kannada (Lok Sabha),Karnataka,Dakshina Kannada,Belthangady,Khadki,Mangaluru Smart City,Rural Road & Culvert,Construction of cement concrete (CC) internal village road at Khadki,2660000.0,2660000.0,2584000.0,76000.0,Completed,2023-08-01,2023-09-22,2024-03-08,2023-24,12.91388,75.18147,True
MPLADS-2023-KA-0507,Dr. C. N. Manjunath,Lok Sabha,Bangalore Rural (Lok Sabha),Karnataka,Bangalore Rural,Devanahalli,Chandrapur,Zilla Panchayat Bangalore Rural,Drinking Water Facility,Installation of 1000 LPH RO drinking water purification kiosk in Chandrapur,910000.0,910000.0,902000.0,8000.0,Completed,2023-12-24,2024-01-21,2024-03-25,2023-24,13.46134,77.35809,True
MPLADS-2023-UP-0508,Rajnath Singh,Lok Sabha,Lucknow (Lok Sabha),Uttar Pradesh,Lucknow,Malihabad,Madhavpuram,Jal Sansthan Lucknow,Rural Road & Culvert,Laying of heavy-duty interlocking paver block street in Madhavpuram settlement,4310000.0,4310000.0,4010000.0,300000.0,Completed,2023-04-24,2023-06-17,2023-09-27,2023-24,27.12996,81.17072,True
MPLADS-2023-UP-0509,Imran Masood,Lok Sabha,Saharanpur (Lok Sabha),Uttar Pradesh,Saharanpur,Puwarka,Panchavati,Saharanpur Nagar Nigam,Rural Road & Culvert,Construction of cement concrete (CC) internal village road at Panchavati,840000.0,672000.0,432000.0,240000.0,In Progress,2021-12-08,2022-01-07,,2023-24,30.30543,77.67008,True
MPLADS-2023-TN-0510,Ganapathi P. Rajkumar,Lok Sabha,Coimbatore (Lok Sabha),Tamil Nadu,Coimbatore,Perur,Shivaji Nagar,Coimbatore City Corp,Rural Road & Culvert,Construction of cement concrete (CC) internal village road at Shivaji Nagar,2280000.0,1368000.0,833000.0,535000.0,In Progress,2021-12-11,2022-01-10,,2023-24,11.05419,76.91286,True
MPLADS-2023-OD-0511,Aparajita Sarangi,Lok Sabha,Bhubaneswar (Lok Sabha),Odisha,Khurda,Balipatna,Sitarampur,Bhubaneswar Municipal Corp,School Classroom & Education,"Installation of rooftop solar generation system and clean drinking facility in Govt School, Sitarampur",2080000.0,1248000.0,764000.0,484000.0,In Progress,2022-02-10,2022-03-12,,2023-24,20.36171,85.67311,True
MPLADS-2023-MA-0512,Bimol Akoijam,Lok Sabha,Inner Manipur (Lok Sabha),Manipur,Imphal East,Keirao Bitra,Kaveri Nagar,Manipur PWD,Rural Road & Culvert,Inter-hamlet link road paving connecting agricultural mandi to Kaveri Nagar,2070000.0,2070000.0,1950000.0,120000.0,Completed,2023-08-01,2023-09-11,2024-01-25,2023-24,24.96904,94.01523,True
MPLADS-2023-UP-0513,Chhatrapal Singh Gangwar,Lok Sabha,Bareilly (Lok Sabha),Uttar Pradesh,Bareilly,Faridpur,Rampur,PWD Bareilly,School Classroom & Education,"Erection of protective boundary wall and main gate for Government Senior Secondary School, Rampur",960000.0,960000.0,736000.0,224000.0,In Progress,2023-05-19,2023-07-06,,2023-24,28.34195,79.51892,True
MPLADS-2023-WB-0514,Abu Taher Khan,Lok Sabha,Murshidabad (Lok Sabha),West Bengal,Murshidabad,Berhampore,Gopalganj,Zilla Parishad Murshidabad,Rural Road & Culvert,Laying of heavy-duty interlocking paver block street in Gopalganj settlement,1990000.0,1492000.0,575000.0,917000.0,In Progress,2023-04-23,2023-05-18,,2023-24,24.12927,88.16401,True
MPLADS-2023-HP-0515,Suresh Kumar Kashyap,Lok Sabha,Shimla (Lok Sabha),Himachal Pradesh,Shimla,Theog,Chandrapur,HP PWD,School Classroom & Education,"Erection of protective boundary wall and main gate for Government Senior Secondary School, Chandrapur",900000.0,900000.0,858000.0,42000.0,Completed,2023-12-05,2023-12-21,2024-04-15,2023-24,31.16969,77.05158,True
MPLADS-2023-WB-0516,Shatrughan Sinha,Lok Sabha,Asansol (Lok Sabha),West Bengal,Paschim Bardhaman,Kulti,Shivaji Nagar,Asansol Durgapur Dev Authority,Rural Road & Culvert,Construction of cement concrete (CC) internal village road at Shivaji Nagar,1210000.0,1210000.0,1170000.0,40000.0,Completed,2023-07-12,2023-08-22,2024-03-23,2023-24,23.36194,86.90751,True
MPLADS-2023-WB-0517,Kirti Azad,Lok Sabha,Bardhaman-Durgapur (Lok Sabha),West Bengal,Purba Bardhaman,Bhatar,Surya Nagar,WB PWD,Rural Road & Culvert,Laying of heavy-duty interlocking paver block street in Surya Nagar settlement,2660000.0,2660000.0,2520000.0,140000.0,Completed,2023-10-01,2023-11-25,2024-07-17,2023-24,22.92416,87.60705,True
MPLADS-2023-GU-0518,Parshottam Rupala,Lok Sabha,Rajkot (Lok Sabha),Gujarat,Rajkot,Jetpur,Subhash Nagar,Rajkot Urban Dev Authority (RUDA),Rural Road & Culvert,Inter-hamlet link road paving connecting agricultural mandi to Subhash Nagar,2310000.0,2310000.0,2245000.0,65000.0,Completed,2024-02-08,2024-04-03,2024-08-29,2023-24,22.01443,71.05208,True
MPLADS-2023-GU-0519,Mukesh Dalal,Lok Sabha,Surat (Lok Sabha),Gujarat,Surat,Mandvi,Ganeshpur,Roads & Buildings Dept Gujarat,Rural Road & Culvert,Construction of cement concrete (CC) internal village road at Ganeshpur,2690000.0,2690000.0,2668000.0,22000.0,Completed,2023-08-05,2023-09-04,2024-01-10,2023-24,21.45983,73.10988,True
MPLADS-2023-KA-0520,Dr. C. N. Manjunath,Lok Sabha,Bangalore Rural (Lok Sabha),Karnataka,Bangalore Rural,Devanahalli,Sardar Patel Nagar,Zilla Panchayat Bangalore Rural,Rural Road & Culvert,Laying of heavy-duty interlocking paver block street in Sardar Patel Nagar settlement,2090000.0,2090000.0,2032000.0,58000.0,Completed,2023-05-21,2023-07-05,2023-10-06,2023-24,13.42781,77.47963,True
MPLADS-2023-WB-0521,Prasun Banerjee,Lok Sabha,Howrah (Lok Sabha),West Bengal,Howrah,Domjur,Bhavani Peth,WB PWD Howrah,Solar & Public Lighting,Installation of 30 standalone LED solar street lights across major junctions in Bhavani Peth,270000.0,202000.0,113000.0,89000.0,In Progress,2023-09-04,2023-10-31,,2023-24,22.7689,87.93069,True
MPLADS-2023-GU-0522,Parshottam Rupala,Lok Sabha,Rajkot (Lok Sabha),Gujarat,Rajkot,Jasdan,Balarampur,DRDA Rajkot,Rural Road & Culvert,Inter-hamlet link road paving connecting agricultural mandi to Balarampur,2380000.0,2380000.0,2361000.0,19000.0,Completed,2023-04-01,2023-05-31,2023-11-22,2023-24,22.32554,70.65981,True
MPLADS-2023-UT-0523,Trivendra Singh Rawat,Lok Sabha,Haridwar (Lok Sabha),Uttarakhand,Haridwar,Bhagwanpur,Devipura,PWD Uttarakhand,Solar & Public Lighting,Illumination of village approach road and panchayat center with dusk-to-dawn solar luminaires at Devipura,950000.0,950000.0,942000.0,8000.0,Completed,2023-12-20,2024-01-07,2024-02-13,2023-24,29.86377,78.13995,True
MPLADS-2023-UP-0524,Ruchi Vira,Lok Sabha,Moradabad (Lok Sabha),Uttar Pradesh,Moradabad,Bhagatpur Tanda,Madhavpuram,Moradabad Municipal Corp,School Classroom & Education,"Construction of two additional smart classrooms in Zilla Parishad High School, Madhavpuram",1670000.0,1670000.0,1581000.0,89000.0,Completed,2023-06-10,2023-07-08,2023-11-06,2023-24,29.00477,78.94989,True
MPLADS-2023-DE-0525,Bansuri Swaraj,Lok Sabha,New Delhi (Lok Sabha),Delhi,New Delhi,Chanakyapuri,Nehru Colony,DDA Delhi,Rural Road & Culvert,Construction of reinforced concrete box culvert on arterial approach road at Nehru Colony,2540000.0,1905000.0,830000.0,1075000.0,In Progress,2023-04-28,2023-05-30,,2023-24,28.61492,77.43969,True
MPLADS-2023-GU-0526,Nimuben Bambhaniya,Lok Sabha,Bhavnagar (Lok Sabha),Gujarat,Bhavnagar,Gariadhar,Mahavir Nagar,Gujarat PWD,Solar & Public Lighting,Illumination of village approach road and panchayat center with dusk-to-dawn solar luminaires at Mahavir Nagar,1010000.0,758000.0,247000.0,511000.0,In Progress,2023-05-04,2023-07-02,,2023-24,21.68798,71.92707,True
MPLADS-2023-UP-0527,Praveen Patel,Lok Sabha,Prayagraj (Lok Sabha),Uttar Pradesh,Prayagraj,Phulpur,Gopalganj,UP Jal Sansthan,Primary Health Sub-Center & Medical,Procurement and fabrication of Advanced Life Support (ALS) mobile ambulance for Gopalganj block,2140000.0,2140000.0,2063000.0,77000.0,Completed,2023-12-23,2024-01-20,2024-11-09,2023-24,25.4648,81.58872,True
MPLADS-2023-TN-0528,S. Murasoli,Lok Sabha,Thanjavur (Lok Sabha),Tamil Nadu,Thanjavur,Pattukkottai,Madhavpuram,DRDA Thanjavur,Rural Road & Culvert,Inter-hamlet link road paving connecting agricultural mandi to Madhavpuram,1070000.0,1070000.0,1027000.0,43000.0,Completed,2023-07-28,2023-08-13,2024-04-07,2023-24,10.67695,79.24004,True
MPLADS-2023-TN-0529,S. Murasoli,Lok Sabha,Thanjavur (Lok Sabha),Tamil Nadu,Thanjavur,Pattukkottai,Vikas Nagar,Tamil Nadu TWAD Board,School Classroom & Education,"Erection of protective boundary wall and main gate for Government Senior Secondary School, Vikas Nagar",2310000.0,2310000.0,2221000.0,89000.0,Completed,2023-06-27,2023-07-31,2023-11-04,2023-24,10.97582,78.82092,True
MPLADS-2023-TN-0530,Dayanidhi Maran,Lok Sabha,Chennai Central (Lok Sabha),Tamil Nadu,Chennai,Egmore,Govindpur,Greater Chennai Corporation,Rural Road & Culvert,Construction of reinforced concrete box culvert on arterial approach road at Govindpur,1360000.0,1088000.0,623000.0,465000.0,In Progress,2022-03-17,2022-04-16,,2023-24,13.04132,80.17947,True
MPLADS-2023-WB-0531,Jagannath Sarkar,Lok Sabha,Ranaghat (Lok Sabha),West Bengal,Nadia,Santipur,Navi Vasti,Zilla Parishad Nadia,Drinking Water Facility,Installation of fluorosis/arsenic filtration drinking water unit in Navi Vasti school campus,1110000.0,832000.0,719000.0,113000.0,In Progress,2023-12-30,2024-01-24,,2023-24,23.36896,88.86995,True
MPLADS-2023-TN-0532,Su. Venkatesan,Lok Sabha,Madurai (Lok Sabha),Tamil Nadu,Madurai,Madurai East,Ambedkar Basti,DRDA Madurai,Community Infrastructure,Construction of cremation ground covered shed (Shmashan Ghat) with solar lights in Ambedkar Basti,3770000.0,3770000.0,3029000.0,741000.0,In Progress,2023-11-29,2024-01-01,,2023-24,10.1349,78.27978,True
MPLADS-2023-KA-0533,Yaduveer Krishnadatta Chamaraja Wadiyar,Lok Sabha,Mysore (Lok Sabha),Karnataka,Mysuru,Hunsur,Rajendra Nagar,Mysore Urban Dev Authority,Rural Road & Culvert,Bituminous road widening and storm-water drainage culvert in Rajendra Nagar,6130000.0,6130000.0,5967000.0,163000.0,Sanctioned,2021-10-05,2021-11-04,,2023-24,12.17426,76.71511,True
MPLADS-2023-WB-0534,Raju Bista,Lok Sabha,Darjeeling (Lok Sabha),West Bengal,Darjeeling,Mirik,Shivpur,Gorkhaland Territorial Admin,Rural Road & Culvert,Construction of reinforced concrete box culvert on arterial approach road at Shivpur,3050000.0,3050000.0,2954000.0,96000.0,Completed,2023-05-15,2023-07-12,2024-02-17,2023-24,27.35138,88.55221,True
MPLADS-2023-TN-0535,S. Murasoli,Lok Sabha,Thanjavur (Lok Sabha),Tamil Nadu,Thanjavur,Papanasam,Shanti Nagar,DRDA Thanjavur,Drinking Water Facility,Installation of fluorosis/arsenic filtration drinking water unit in Shanti Nagar school campus,860000.0,860000.0,576000.0,284000.0,In Progress,2023-09-24,2023-10-27,,2023-24,10.9465,79.09875,True
MPLADS-2023-KA-0536,Pralhad Joshi,Lok Sabha,Dharwad (Lok Sabha),Karnataka,Dharwad,Kundgol,Shanti Nagar,Hubballi-Dharwad Smart City,Primary Health Sub-Center & Medical,"Supply of medical diagnostics, vaccine cold chain refrigerator and emergency triage beds at Shanti Nagar",1180000.0,944000.0,658000.0,286000.0,In Progress,2022-01-09,2022-02-08,,2023-24,15.47661,74.89259,True
MPLADS-2023-OD-0537,Dharmendra Pradhan,Lok Sabha,Sambalpur (Lok Sabha),Odisha,Sambalpur,Rengali,Nandgaon,Sambalpur Municipal Corp,Solar & Public Lighting,Illumination of village approach road and panchayat center with dusk-to-dawn solar luminaires at Nandgaon,640000.0,640000.0,607000.0,33000.0,Completed,2023-11-23,2024-01-12,2024-02-22,2023-24,21.6995,83.83382,True
MPLADS-2023-GU-0538,Hasmukh Patel,Lok Sabha,Ahmedabad East (Lok Sabha),Gujarat,Ahmedabad,Vatva,Vikas Nagar,R&B Dept Gujarat,Community Infrastructure,Construction of multi-utility cyclone / flood safety community shelter at Vikas Nagar,4090000.0,4090000.0,3916000.0,174000.0,Completed,2023-04-14,2023-05-13,2024-02-20,2023-24,23.25647,72.55218,True
MPLADS-2023-TE-0539,Kadiyam Kavya,Lok Sabha,Warangal (Lok Sabha),Telangana,Warangal,Parkal,Vivekananda Nagar,Greater Warangal Municipal Corp,Primary Health Sub-Center & Medical,Procurement and fabrication of Advanced Life Support (ALS) mobile ambulance for Vivekananda Nagar block,880000.0,880000.0,865000.0,15000.0,Completed,2023-12-09,2024-01-10,2024-10-04,2023-24,17.95524,79.54935,True
MPLADS-2023-BI-0540,Gopal Jee Thakur,Lok Sabha,Darbhanga (Lok Sabha),Bihar,Darbhanga,Bahadurpur,Sardar Patel Nagar,Rural Works Dept,Primary Health Sub-Center & Medical,Upgradation of Primary Health Sub-Center with maternity care and diagnostics room at Sardar Patel Nagar,3080000.0,2310000.0,1013000.0,1297000.0,In Progress,2024-01-23,2024-02-17,,2023-24,26.2895,85.79197,True
MPLADS-2023-UP-0541,Awadhesh Prasad,Lok Sabha,Faizabad (Lok Sabha),Uttar Pradesh,Ayodhya,Pura Bazar,Sitarampur,PWD Ayodhya,Drinking Water Facility,Installation of 1000 LPH RO drinking water purification kiosk in Sitarampur,730000.0,730000.0,694000.0,36000.0,Completed,2023-05-10,2023-06-27,2023-08-23,2023-24,26.84263,81.913,True
MPLADS-2023-TN-0542,Robert Bruce,Lok Sabha,Tirunelveli (Lok Sabha),Tamil Nadu,Tirunelveli,Nanguneri,Vikas Nagar,TWAD Board Tirunelveli,Rural Road & Culvert,Inter-hamlet link road paving connecting agricultural mandi to Vikas Nagar,790000.0,790000.0,766000.0,24000.0,Completed,2023-09-28,2023-11-19,2024-05-22,2023-24,8.90907,77.6951,True
MPLADS-2023-MA-0543,Rajabhau Waje,Lok Sabha,Nashik (Lok Sabha),Maharashtra,Nashik,Dindori,Sardar Patel Nagar,Zilla Parishad Nashik,Rural Road & Culvert,Bituminous road widening and storm-water drainage culvert in Sardar Patel Nagar,2890000.0,2890000.0,2352000.0,538000.0,In Progress,2024-02-09,2024-03-30,,2023-24,20.13909,74.00161,True
MPLADS-2023-KA-0544,Pralhad Joshi,Lok Sabha,Dharwad (Lok Sabha),Karnataka,Dharwad,Hubli Rural,Adarsh Nagar,Hubballi-Dharwad Smart City,Rural Road & Culvert,Laying of heavy-duty interlocking paver block street in Adarsh Nagar settlement,1540000.0,1155000.0,655000.0,500000.0,In Progress,2023-10-03,2023-12-01,,2023-24,15.52725,75.19231,True
MPLADS-2023-TN-0545,Su. Venkatesan,Lok Sabha,Madurai (Lok Sabha),Tamil Nadu,Madurai,Melur,Gopalganj,Madurai Municipal Corp,Rural Road & Culvert,Bituminous road widening and storm-water drainage culvert in Gopalganj,3070000.0,3070000.0,3060000.0,10000.0,Completed,2023-07-26,2023-08-19,2024-03-04,2023-24,10.05877,78.31862,True
MPLADS-2023-UP-0546,Narendra Modi,Lok Sabha,Varanasi (Lok Sabha),Uttar Pradesh,Varanasi,Kashi Vidyapeeth,Khadki,Varanasi Nagar Nigam,Rural Road & Culvert,Construction of cement concrete (CC) internal village road at Khadki,600000.0,600000.0,596000.0,4000.0,Completed,2023-12-19,2024-02-14,2024-05-25,2023-24,25.01397,83.09121,True
MPLADS-2023-UT-0547,Trivendra Singh Rawat,Lok Sabha,Haridwar (Lok Sabha),Uttarakhand,Haridwar,Roorkee,Kaveri Nagar,PWD Uttarakhand,School Classroom & Education,"Erection of protective boundary wall and main gate for Government Senior Secondary School, Kaveri Nagar",1510000.0,1510000.0,1475000.0,35000.0,Completed,2023-04-15,2023-05-22,2023-09-03,2023-24,29.84224,78.4128,True
MPLADS-2023-GO-0548,Shripad Yesso Naik,Lok Sabha,North Goa (Lok Sabha),Goa,North Goa,Tiswadi,Sundar Nagar,DRDA North Goa,Rural Road & Culvert,Construction of reinforced concrete box culvert on arterial approach road at Sundar Nagar,2790000.0,1395000.0,1196000.0,199000.0,In Progress,2023-07-21,2023-09-07,,2023-24,15.51689,74.15931,True
MPLADS-2023-UP-0549,Arun Govil,Lok Sabha,Meerut (Lok Sabha),Uttar Pradesh,Meerut,Rajpura,Rajendra Nagar,PWD Meerut,Drinking Water Facility,Deployment of solar water pumping system and distribution cistern in Rajendra Nagar,580000.0,435000.0,259000.0,176000.0,In Progress,2023-05-25,2023-07-22,,2023-24,28.93136,77.71638,True
MPLADS-2023-MP-0550,Alok Sharma,Lok Sabha,Bhopal (Lok Sabha),Madhya Pradesh,Bhopal,Kolar,Ganeshpur,Bhopal Municipal Corp,Rural Road & Culvert,Construction of reinforced concrete box culvert on arterial approach road at Ganeshpur,910000.0,910000.0,873000.0,37000.0,Completed,2023-08-26,2023-10-03,2024-01-30,2023-24,23.17925,77.38246,True
MPLADS-2023-HA-0551,Rao Inderjit Singh,Lok Sabha,Gurgaon (Lok Sabha),Haryana,Gurugram,Farrukhnagar,Tagore Pally,GMDA Gurugram,Drinking Water Facility,Upgradation of pipeline distribution and community water tap stands in Tagore Pally,1780000.0,1335000.0,1156000.0,179000.0,In Progress,2023-07-06,2023-08-17,,2023-24,28.36671,76.68555,True
MPLADS-2023-AS-0552,Sarbananda Sonowal,Lok Sabha,Dibrugarh (Lok Sabha),Assam,Dibrugarh,Moran,Mahavir Nagar,Assam PWD Roads,Community Infrastructure,Construction of multipurpose community hall / Barat Ghar in Mahavir Nagar,1920000.0,1920000.0,1657000.0,263000.0,In Progress,2023-10-23,2023-12-02,,2023-24,27.8073,94.6073,True
MPLADS-2023-WB-0553,Shatrughan Sinha,Lok Sabha,Asansol (Lok Sabha),West Bengal,Paschim Bardhaman,Kulti,Balarampur,Asansol Municipal Corp,Rural Road & Culvert,Bituminous road widening and storm-water drainage culvert in Balarampur,3010000.0,3010000.0,2933000.0,77000.0,Completed,2023-08-21,2023-10-06,2024-04-15,2023-24,23.57317,87.06907,True
MPLADS-2023-MP-0554,Bharat Singh Kushwah,Lok Sabha,Gwalior (Lok Sabha),Madhya Pradesh,Gwalior,Bhitarwar,Ganeshpur,Gwalior Municipal Corp,Rural Road & Culvert,Construction of cement concrete (CC) internal village road at Ganeshpur,1250000.0,1250000.0,1182000.0,68000.0,Completed,2023-07-28,2023-09-12,2023-12-24,2023-24,26.44952,78.18149,True
MPLADS-2023-UP-0555,S. P. Singh Baghel,Lok Sabha,Agra (Lok Sabha),Uttar Pradesh,Agra,Barauli Ahir,Navi Vasti,PWD Agra,Drinking Water Facility,Deployment of solar water pumping system and distribution cistern in Navi Vasti,1230000.0,1230000.0,1171000.0,59000.0,Completed,2023-12-23,2024-01-11,2024-04-28,2023-24,27.16988,77.84127,True
MPLADS-2023-TN-0556,Robert Bruce,Lok Sabha,Tirunelveli (Lok Sabha),Tamil Nadu,Tirunelveli,Palayamkottai,Shanti Nagar,Tirunelveli City Corp,Rural Road & Culvert,Laying of heavy-duty interlocking paver block street in Shanti Nagar settlement,1850000.0,1850000.0,1799000.0,51000.0,Completed,2023-11-13,2023-12-22,2024-06-06,2023-24,8.98319,77.5216,True
MPLADS-2023-KA-0557,Tejasvi Surya,Lok Sabha,Bangalore South (Lok Sabha),Karnataka,Bangalore Urban,BTM Layout,Bhojpur,Karnataka Urban Infra Dev Corp,Community Infrastructure,Construction of multipurpose community hall / Barat Ghar in Bhojpur,3490000.0,3490000.0,3377000.0,113000.0,Completed,2024-01-09,2024-02-24,2024-08-02,2023-24,12.92958,77.50777,True
MPLADS-2023-RA-0558,Arjun Ram Meghwal,Lok Sabha,Bikaner (Lok Sabha),Rajasthan,Bikaner,Khajuwala,Nehru Colony,Rajasthan PWD,Sports & Youth Welfare,Development of rural youth sports playground with multi-sport court and chain-link fencing at Nehru Colony,680000.0,510000.0,206000.0,304000.0,In Progress,2024-01-28,2024-02-13,,2023-24,28.19234,72.98073,True
MPLADS-2023-KE-0559,M. K. Raghavan,Lok Sabha,Kozhikode (Lok Sabha),Kerala,Kozhikode,Balussery,Shanti Nagar,Kozhikode Corp,Drinking Water Facility,Upgradation of pipeline distribution and community water tap stands in Shanti Nagar,1280000.0,1280000.0,1184000.0,96000.0,Completed,2023-08-04,2023-08-22,2023-10-14,2023-24,11.51706,75.51053,True
MPLADS-2023-MA-0560,Murlidhar Mohol,Lok Sabha,Pune (Lok Sabha),Maharashtra,Pune,Maval,Khadki,DRDA Pune,Community Infrastructure,Renovation and structural expansion of Gram Panchayat community auditorium in Khadki,8000000.0,8000000.0,1003000.0,6997000.0,Stalled,2021-07-21,2021-08-20,,2023-24,18.57118,74.07253,True
MPLADS-2023-UP-0561,Arun Govil,Lok Sabha,Meerut (Lok Sabha),Uttar Pradesh,Meerut,Rohta,Sardar Patel Nagar,UP Jal Nigam Meerut,Sanitation & Public Amenities,Construction of passenger waiting shelter and public utility block near bus stop in Sardar Patel Nagar,570000.0,570000.0,557000.0,13000.0,Completed,2023-10-04,2023-11-07,2023-12-26,2023-24,29.22277,77.73148,True
MPLADS-2023-BI-0562,Kaushlendra Kumar,Lok Sabha,Nalanda (Lok Sabha),Bihar,Nalanda,Biharsharif,Anand Vihar,PHED Bihar,Drinking Water Facility,Provision of deep solar-powered borewell with 5000L elevated storage tank at Anand Vihar,1240000.0,930000.0,355000.0,575000.0,In Progress,2024-01-22,2024-02-11,,2023-24,25.2447,85.53664,True
MPLADS-2023-KA-0563,Tejasvi Surya,Lok Sabha,Bangalore South (Lok Sabha),Karnataka,Bangalore Urban,BTM Layout,Madhavpuram,BBMP Bangalore,Drinking Water Facility,Deployment of solar water pumping system and distribution cistern in Madhavpuram,1510000.0,1510000.0,1441000.0,69000.0,Completed,2024-01-02,2024-02-13,2024-06-02,2023-24,12.89216,77.76821,True
MPLADS-2023-MA-0564,Murlidhar Mohol,Lok Sabha,Pune (Lok Sabha),Maharashtra,Pune,Maval,Anand Vihar,Zilla Parishad Pune,Community Infrastructure,Development of public cultural center and community shed at Anand Vihar,3810000.0,3810000.0,3717000.0,93000.0,Completed,2023-08-16,2023-09-29,2024-05-17,2023-24,18.82465,74.01533,True
MPLADS-2023-UP-0565,Arun Govil,Lok Sabha,Meerut (Lok Sabha),Uttar Pradesh,Meerut,Rohta,Navi Vasti,UP Jal Nigam Meerut,Rural Road & Culvert,Bituminous road widening and storm-water drainage culvert in Navi Vasti,2740000.0,1370000.0,1090000.0,280000.0,In Progress,2023-11-09,2023-12-13,,2023-24,29.22668,77.54325,True
MPLADS-2023-BI-0566,Raj Bhushan Choudhary,Lok Sabha,Muzaffarpur (Lok Sabha),Bihar,Muzaffarpur,Sakra,Chitrakoot,PHED Muzaffarpur,Rural Road & Culvert,Laying of heavy-duty interlocking paver block street in Chitrakoot settlement,2710000.0,2710000.0,354000.0,2356000.0,Stalled,2021-10-19,2021-11-14,,2023-24,25.88245,85.1102,True
MPLADS-2023-BI-0567,Kaushlendra Kumar,Lok Sabha,Nalanda (Lok Sabha),Bihar,Nalanda,Harnaut,Madhavpuram,DRDA Nalanda,Rural Road & Culvert,Laying of heavy-duty interlocking paver block street in Madhavpuram settlement,2850000.0,2850000.0,2690000.0,160000.0,Completed,2023-05-13,2023-05-31,2023-12-11,2023-24,25.47594,85.63507,True
MPLADS-2023-UP-0568,Satish Kumar Gautam,Lok Sabha,Aligarh (Lok Sabha),Uttar Pradesh,Aligarh,Lodha,Gopalganj,Aligarh Nagar Nigam,School Classroom & Education,Upgradation of primary school infrastructure with disabled-friendly ramps and smart board in Gopalganj,2370000.0,1778000.0,1359000.0,419000.0,In Progress,2024-01-23,2024-03-11,,2023-24,27.61057,78.15787,True
MPLADS-2023-JA-0569,Aga Syed Ruhullah Mehdi,Lok Sabha,Srinagar (Lok Sabha),Jammu & Kashmir,Srinagar,Khanyar,Bhojpur,Jal Shakti J&K,Sanitation & Public Amenities,Modern Sulabh-type public sanitation facility with running water and septic tank in Bhojpur bus stand,1340000.0,1072000.0,560000.0,512000.0,In Progress,2022-01-16,2022-02-15,,2023-24,34.33773,74.48645,True
MPLADS-2023-AP-0570,Pemmasani Chandra Sekhar,Lok Sabha,Guntur (Lok Sabha),Andhra Pradesh,Guntur,Mangalagiri,Ambedkar Basti,AP Panchayat Raj Dept,Community Infrastructure,Renovation and structural expansion of Gram Panchayat community auditorium in Ambedkar Basti,3890000.0,3890000.0,3842000.0,48000.0,Completed,2023-06-14,2023-07-16,2023-11-18,2023-24,16.40848,80.72016,True
MPLADS-2023-UP-0571,Rajnath Singh,Lok Sabha,Lucknow (Lok Sabha),Uttar Pradesh,Lucknow,Malihabad,Tagore Pally,PWD Lucknow,Drinking Water Facility,Upgradation of pipeline distribution and community water tap stands in Tagore Pally,1260000.0,1260000.0,1223000.0,37000.0,Completed,2023-10-03,2023-12-01,2024-02-14,2023-24,27.09705,80.86813,True
MPLADS-2023-MP-0572,Ashish Dubey,Lok Sabha,Jabalpur (Lok Sabha),Madhya Pradesh,Jabalpur,Patan,Bhavani Peth,Jabalpur Smart City,Drinking Water Facility,Provision of deep solar-powered borewell with 5000L elevated storage tank at Bhavani Peth,1590000.0,1590000.0,1182000.0,408000.0,In Progress,2023-11-11,2023-12-06,,2023-24,22.85522,80.24291,True
MPLADS-2023-GO-0573,Shripad Yesso Naik,Lok Sabha,North Goa (Lok Sabha),Goa,North Goa,Sattari,Nandgaon,DRDA North Goa,Drinking Water Facility,Installation of fluorosis/arsenic filtration drinking water unit in Nandgaon school campus,1620000.0,1620000.0,1556000.0,64000.0,Completed,2023-06-22,2023-07-13,2023-11-05,2023-24,15.65735,73.79508,True
MPLADS-2023-UP-0574,Rajnath Singh,Lok Sabha,Lucknow (Lok Sabha),Uttar Pradesh,Lucknow,Malihabad,Madhavpuram,Jal Sansthan Lucknow,Rural Road & Culvert,Construction of cement concrete (CC) internal village road at Madhavpuram,1700000.0,1700000.0,1614000.0,86000.0,Completed,2023-09-04,2023-10-29,2024-06-07,2023-24,26.99619,81.13353,True
MPLADS-2023-TE-0575,G. Kishan Reddy,Lok Sabha,Secunderabad (Lok Sabha),Telangana,Hyderabad Suburbs,Jubilee Hills,Mahavir Nagar,Telangana PWD,Community Infrastructure,Development of public cultural center and community shed at Mahavir Nagar,2410000.0,2410000.0,2293000.0,117000.0,Completed,2024-01-29,2024-03-27,2024-11-08,2023-24,17.34722,78.42375,True
MPLADS-2023-MP-0576,Anil Firojiya,Lok Sabha,Ujjain (Lok Sabha),Madhya Pradesh,Ujjain,Tarana,Shivpur,Ujjain Smart City,School Classroom & Education,Upgradation of primary school infrastructure with disabled-friendly ramps and smart board in Shivpur,2790000.0,2790000.0,2575000.0,215000.0,Completed,2023-11-23,2023-12-13,2024-04-30,2023-24,23.12673,75.62061,True
MPLADS-2023-UP-0577,Ruchi Vira,Lok Sabha,Moradabad (Lok Sabha),Uttar Pradesh,Moradabad,Dingarpur,Gopalganj,DRDA Moradabad,Rural Road & Culvert,Construction of reinforced concrete box culvert on arterial approach road at Gopalganj,2460000.0,2460000.0,2403000.0,57000.0,Completed,2023-12-10,2024-01-23,2024-06-29,2023-24,28.69017,78.76922,True
MPLADS-2023-MA-0578,Sandipan Bhumre,Lok Sabha,Aurangabad (Lok Sabha),Maharashtra,Chhatrapati Sambhajinagar,Gangapur,Kaveri Nagar,Zilla Parishad Aurangabad,Drinking Water Facility,Provision of deep solar-powered borewell with 5000L elevated storage tank at Kaveri Nagar,1960000.0,1960000.0,370000.0,1590000.0,Stalled,2021-07-26,2021-09-02,,2023-24,20.00519,75.31401,True
MPLADS-2023-UP-0579,Atul Garg,Lok Sabha,Ghaziabad (Lok Sabha),Uttar Pradesh,Ghaziabad,Loni,Balarampur,UP Jal Nigam,Solar & Public Lighting,Erection of high-mast 16-meter LED solar illumination tower near market square in Balarampur,930000.0,930000.0,879000.0,51000.0,Completed,2023-11-03,2024-01-02,2024-02-04,2023-24,28.35568,77.75555,True
MPLADS-2023-GU-0580,Hemang Joshi,Lok Sabha,Vadodara (Lok Sabha),Gujarat,Vadodara,Dabhoi,Chitrakoot,R&B Vadodara,Primary Health Sub-Center & Medical,Upgradation of Primary Health Sub-Center with maternity care and diagnostics room at Chitrakoot,810000.0,810000.0,596000.0,214000.0,In Progress,2024-02-12,2024-03-30,,2023-24,22.63484,73.22289,True
MPLADS-2023-OD-0581,Bhartruhari Mahtab,Lok Sabha,Cuttack (Lok Sabha),Odisha,Cuttack,Choudwar,Sardar Patel Nagar,Cuttack Municipal Corp,Community Infrastructure,Construction of cremation ground covered shed (Shmashan Ghat) with solar lights in Sardar Patel Nagar,4570000.0,4570000.0,4333000.0,237000.0,Completed,2023-05-16,2023-06-08,2023-11-04,2023-24,20.33179,86.21776,True
MPLADS-2023-RA-0582,Om Birla,Lok Sabha,Kota (Lok Sabha),Rajasthan,Kota,Sangod,Patel Nagar,Rajasthan PWD,Rural Road & Culvert,Construction of reinforced concrete box culvert on arterial approach road at Patel Nagar,2990000.0,2242000.0,1837000.0,405000.0,In Progress,2023-12-21,2024-01-21,,2023-24,25.20769,76.17984,True
MPLADS-2023-AP-0583,Maddila Gurumoorthy,Lok Sabha,Tirupati (Lok Sabha),Andhra Pradesh,Tirupati,Chandragiri,Navi Vasti,Tirupati Smart City,Rural Road & Culvert,Bituminous road widening and storm-water drainage culvert in Navi Vasti,1050000.0,788000.0,340000.0,448000.0,In Progress,2023-08-12,2023-09-26,,2023-24,13.97544,79.71824,True
MPLADS-2023-UP-0584,Imran Masood,Lok Sabha,Saharanpur (Lok Sabha),Uttar Pradesh,Saharanpur,Sarsawa,Tagore Pally,DRDA Saharanpur,Community Infrastructure,Renovation and structural expansion of Gram Panchayat community auditorium in Tagore Pally,3230000.0,3230000.0,3089000.0,141000.0,Completed,2023-06-03,2023-06-27,2023-12-07,2023-24,30.14286,77.771,True
MPLADS-2023-AP-0585,Daggubati Purandeswari,Lok Sabha,Rajahmundry (Lok Sabha),Andhra Pradesh,East Godavari,Nidadavole,Rampur,AP Panchayat Raj,Community Infrastructure,Construction of multi-utility cyclone / flood safety community shelter at Rampur,2130000.0,2130000.0,2112000.0,18000.0,Completed,2023-08-05,2023-08-24,2023-12-28,2023-24,16.8495,82.14093,True
MPLADS-2023-MA-0586,Sandipan Bhumre,Lok Sabha,Aurangabad (Lok Sabha),Maharashtra,Chhatrapati Sambhajinagar,Sillod,Kalyanpur,Zilla Parishad Aurangabad,Drinking Water Facility,Provision of deep solar-powered borewell with 5000L elevated storage tank at Kalyanpur,340000.0,340000.0,272000.0,68000.0,In Progress,2023-12-02,2024-01-15,,2023-24,19.7568,75.02399,True
MPLADS-2023-KE-0587,Suresh Gopi,Lok Sabha,Thrissur (Lok Sabha),Kerala,Thrissur,Kodungallur,Anand Vihar,Kerala Water Authority,Rural Road & Culvert,Bituminous road widening and storm-water drainage culvert in Anand Vihar,3090000.0,3090000.0,2917000.0,173000.0,Completed,2023-08-23,2023-10-18,2024-04-22,2023-24,10.24239,76.04301,True
MPLADS-2023-WB-0588,June Malia,Lok Sabha,Medinipur (Lok Sabha),West Bengal,Paschim Medinipur,Kharagpur Rural,Kaveri Nagar,Paschim Medinipur Zilla Parishad,Rural Road & Culvert,Laying of heavy-duty interlocking paver block street in Kaveri Nagar settlement,2840000.0,2130000.0,1151000.0,979000.0,In Progress,2023-06-18,2023-07-21,,2023-24,22.59082,87.61509,True
MPLADS-2023-ME-0589,Ricky Andrew Syngkon,Lok Sabha,Shillong (Lok Sabha),Meghalaya,East Khasi Hills,Mawsynram,Kalyanpur,DRDA East Khasi Hills,Drinking Water Facility,Deployment of solar water pumping system and distribution cistern in Kalyanpur,600000.0,600000.0,579000.0,21000.0,Completed,2023-10-16,2023-11-28,2024-03-06,2023-24,25.7965,91.97301,True
MPLADS-2023-KA-0590,Capt. Brijesh Chowta,Lok Sabha,Dakshina Kannada (Lok Sabha),Karnataka,Dakshina Kannada,Sullia,Khadki,Mangaluru Smart City,Community Infrastructure,Construction of cremation ground covered shed (Shmashan Ghat) with solar lights in Khadki,4910000.0,4910000.0,4880000.0,30000.0,Completed,2023-07-24,2023-09-20,2024-05-31,2023-24,13.00479,74.87327,True
MPLADS-2023-BI-0591,Gopal Jee Thakur,Lok Sabha,Darbhanga (Lok Sabha),Bihar,Darbhanga,Benipur,Rajendra Nagar,Darbhanga Municipal Corp,Drinking Water Facility,Provision of deep solar-powered borewell with 5000L elevated storage tank at Rajendra Nagar,1780000.0,1780000.0,1704000.0,76000.0,Completed,2023-09-01,2023-10-29,2023-12-19,2023-24,26.1899,86.18391,True
MPLADS-2023-RA-0592,Manju Sharma,Lok Sabha,Jaipur (Lok Sabha),Rajasthan,Jaipur,Chaksu,Nandgaon,Rajasthan PWD,Rural Road & Culvert,Laying of heavy-duty interlocking paver block street in Nandgaon settlement,2480000.0,2480000.0,2442000.0,38000.0,Completed,2023-08-08,2023-09-28,2023-12-31,2023-24,26.64215,75.9004,True
MPLADS-2023-MA-0593,Nitin Gadkari,Lok Sabha,Nagpur (Lok Sabha),Maharashtra,Nagpur,Katol,Devipura,Nagpur Improvement Trust,Drinking Water Facility,Upgradation of pipeline distribution and community water tap stands in Devipura,770000.0,770000.0,767000.0,3000.0,Completed,2023-11-17,2023-12-31,2024-03-08,2023-24,20.94355,78.79295,True
MPLADS-2023-KE-0594,M. K. Raghavan,Lok Sabha,Kozhikode (Lok Sabha),Kerala,Kozhikode,Vadakara,Ambedkar Basti,Kerala Local Self Govt Dept,Rural Road & Culvert,Construction of cement concrete (CC) internal village road at Ambedkar Basti,1680000.0,1680000.0,1619000.0,61000.0,Completed,2023-06-27,2023-07-12,2024-02-11,2023-24,11.12076,75.99959,True
MPLADS-2023-KE-0595,M. K. Raghavan,Lok Sabha,Kozhikode (Lok Sabha),Kerala,Kozhikode,Balussery,Devipura,Kerala Local Self Govt Dept,Rural Road & Culvert,Bituminous road widening and storm-water drainage culvert in Devipura,540000.0,540000.0,508000.0,32000.0,Completed,2023-04-09,2023-05-01,2023-11-30,2023-24,11.36284,75.88522,True
MPLADS-2023-KA-0596,Capt. Brijesh Chowta,Lok Sabha,Dakshina Kannada (Lok Sabha),Karnataka,Dakshina Kannada,Moodbidri,Devipura,Mangaluru Smart City,Drinking Water Facility,Installation of fluorosis/arsenic filtration drinking water unit in Devipura school campus,520000.0,416000.0,225000.0,191000.0,In Progress,2021-12-04,2022-01-03,,2023-24,13.16596,74.91566,True
MPLADS-2023-WB-0597,Abu Taher Khan,Lok Sabha,Murshidabad (Lok Sabha),West Bengal,Murshidabad,Hariharpara,Chandrapur,PHE Dept WB,Drinking Water Facility,Installation of 1000 LPH RO drinking water purification kiosk in Chandrapur,450000.0,450000.0,352000.0,98000.0,In Progress,2023-11-08,2024-01-07,,2023-24,24.33675,88.62932,True
MPLADS-2023-UP-0598,Atul Garg,Lok Sabha,Ghaziabad (Lok Sabha),Uttar Pradesh,Ghaziabad,Razapur,Sardar Patel Nagar,UP Jal Nigam,School Classroom & Education,Upgradation of primary school infrastructure with disabled-friendly ramps and smart board in Sardar Patel Nagar,2380000.0,2380000.0,2295000.0,85000.0,Completed,2023-07-28,2023-09-12,2023-12-21,2023-24,28.70648,77.29129,True
MPLADS-2023-TE-0599,Bandi Sanjay Kumar,Lok Sabha,Karimnagar (Lok Sabha),Telangana,Karimnagar,Gangadhara,Vivekananda Nagar,Karimnagar Smart City,Solar & Public Lighting,Illumination of village approach road and panchayat center with dusk-to-dawn solar luminaires at Vivekananda Nagar,920000.0,920000.0,865000.0,55000.0,Completed,2023-04-11,2023-05-23,2023-07-06,2023-24,18.44395,79.19016,True
MPLADS-2023-ME-0600,Ricky Andrew Syngkon,Lok Sabha,Shillong (Lok Sabha),Meghalaya,East Khasi Hills,Pynursla,Patel Nagar,Meghalaya PWD,Primary Health Sub-Center & Medical,"Supply of medical diagnostics, vaccine cold chain refrigerator and emergency triage beds at Patel Nagar",3390000.0,3390000.0,3353000.0,37000.0,Completed,2023-10-02,2023-11-29,2024-09-03,2023-24,25.37385,92.02679,True
MPLADS-2023-UP-0601,Atul Garg,Lok Sabha,Ghaziabad (Lok Sabha),Uttar Pradesh,Ghaziabad,Loni,Gandhi Gram,Ghaziabad Development Authority,Rural Road & Culvert,Construction of reinforced concrete box culvert on arterial approach road at Gandhi Gram,1980000.0,1980000.0,1867000.0,113000.0,Completed,2023-12-09,2024-01-19,2024-04-22,2023-24,28.57035,77.28637,True
MPLADS-2023-AS-0602,Bijuli Kalita Medhi,Lok Sabha,Gauhati (Lok Sabha),Assam,Kamrup Metropolitan,Jalukbari,Khadki,DRDA Kamrup,Rural Road & Culvert,Inter-hamlet link road paving connecting agricultural mandi to Khadki,1790000.0,1432000.0,1000000.0,432000.0,In Progress,2021-11-23,2021-12-23,,2023-24,26.34392,91.92476,True
MPLADS-2023-JA-0603,Aga Syed Ruhullah Mehdi,Lok Sabha,Srinagar (Lok Sabha),Jammu & Kashmir,Srinagar,Batamaloo,Sardar Patel Nagar,Jal Shakti J&K,School Classroom & Education,"Construction of two additional smart classrooms in Zilla Parishad High School, Sardar Patel Nagar",1940000.0,1940000.0,1933000.0,7000.0,Completed,2023-11-21,2024-01-03,2024-06-11,2023-24,34.1611,74.99481,True
MPLADS-2023-UP-0604,Rajnath Singh,Lok Sabha,Lucknow (Lok Sabha),Uttar Pradesh,Lucknow,Chinhat,Hanuman Nagar,Lucknow Development Authority,Solar & Public Lighting,Installation of 30 standalone LED solar street lights across major junctions in Hanuman Nagar,1080000.0,1080000.0,1063000.0,17000.0,Completed,2023-06-20,2023-07-28,2023-09-27,2023-24,27.00949,80.66571,True
MPLADS-2023-TE-0605,Kadiyam Kavya,Lok Sabha,Warangal (Lok Sabha),Telangana,Warangal,Wardhannapet,Gopalganj,Greater Warangal Municipal Corp,Rural Road & Culvert,Laying of heavy-duty interlocking paver block street in Gopalganj settlement,3410000.0,3410000.0,3262000.0,148000.0,Completed,2023-08-04,2023-08-19,2023-12-30,2023-24,17.67856,79.50481,True
MPLADS-2023-UT-0606,Trivendra Singh Rawat,Lok Sabha,Haridwar (Lok Sabha),Uttarakhand,Haridwar,Laksar,Bhavani Peth,PWD Uttarakhand,Rural Road & Culvert,Construction of reinforced concrete box culvert on arterial approach road at Bhavani Peth,1770000.0,1770000.0,1706000.0,64000.0,Completed,2023-06-10,2023-07-09,2024-02-01,2023-24,30.26199,78.17551,True
MPLADS-2023-ME-0607,Ricky Andrew Syngkon,Lok Sabha,Shillong (Lok Sabha),Meghalaya,East Khasi Hills,Mylliem,Navi Vasti,Shillong Municipal Board,Sports & Youth Welfare,"Installation of open-air fitness gym equipment and rubberized track in public park, Navi Vasti",1160000.0,870000.0,366000.0,504000.0,In Progress,2023-05-06,2023-06-23,,2023-24,25.76946,91.84715,True
MPLADS-2023-MP-0608,Alok Sharma,Lok Sabha,Bhopal (Lok Sabha),Madhya Pradesh,Bhopal,Phanda,Chandrapur,PWD MP,Solar & Public Lighting,Illumination of village approach road and panchayat center with dusk-to-dawn solar luminaires at Chandrapur,650000.0,650000.0,623000.0,27000.0,Completed,2024-01-09,2024-03-07,2024-04-28,2023-24,22.91543,77.25845,True
MPLADS-2023-RA-0609,Arjun Ram Meghwal,Lok Sabha,Bikaner (Lok Sabha),Rajasthan,Bikaner,Kolayat,Balarampur,Rajasthan PWD,Community Infrastructure,Development of public cultural center and community shed at Balarampur,4610000.0,4610000.0,4571000.0,39000.0,Completed,2024-02-11,2024-04-05,2025-01-16,2023-24,27.95605,73.10001,True
MPLADS-2023-BI-0610,Jitan Ram Manjhi,Lok Sabha,Gaya (Lok Sabha),Bihar,Gaya,Bodh Gaya,Subhash Nagar,Rural Works Dept Bihar,Drinking Water Facility,Provision of deep solar-powered borewell with 5000L elevated storage tank at Subhash Nagar,1580000.0,1580000.0,1503000.0,77000.0,Completed,2023-08-24,2023-10-12,2023-12-16,2023-24,24.4578,85.27342,True
MPLADS-2023-AP-0611,Daggubati Purandeswari,Lok Sabha,Rajahmundry (Lok Sabha),Andhra Pradesh,East Godavari,Rajanagaram,Vikas Nagar,Godavari Urban Dev Authority,Primary Health Sub-Center & Medical,"Supply of medical diagnostics, vaccine cold chain refrigerator and emergency triage beds at Vikas Nagar",3460000.0,3460000.0,3354000.0,106000.0,Completed,2023-05-01,2023-05-23,2023-10-21,2023-24,16.68391,81.90967,True
MPLADS-2023-MA-0612,Praniti Shinde,Lok Sabha,Solapur (Lok Sabha),Maharashtra,Solapur,Mohol,Rampur,Solapur Municipal Corp,Community Infrastructure,Construction of cremation ground covered shed (Shmashan Ghat) with solar lights in Rampur,4940000.0,4940000.0,3817000.0,1123000.0,In Progress,2024-01-15,2024-03-07,,2023-24,17.72678,75.80164,True
MPLADS-2023-BI-0613,Raj Bhushan Choudhary,Lok Sabha,Muzaffarpur (Lok Sabha),Bihar,Muzaffarpur,Kurhani,Bhavani Peth,PHED Muzaffarpur,Rural Road & Culvert,Inter-hamlet link road paving connecting agricultural mandi to Bhavani Peth,2050000.0,2050000.0,1978000.0,72000.0,Completed,2023-10-02,2023-10-29,2024-05-11,2023-24,25.82826,85.05824,True
MPLADS-2023-MA-0614,Praniti Shinde,Lok Sabha,Solapur (Lok Sabha),Maharashtra,Solapur,South Solapur,Sundar Nagar,PWD Solapur,Drinking Water Facility,Deployment of solar water pumping system and distribution cistern in Sundar Nagar,900000.0,900000.0,688000.0,212000.0,In Progress,2023-12-22,2024-02-10,,2023-24,17.6063,75.86446,True
MPLADS-2023-GU-0615,Parshottam Rupala,Lok Sabha,Rajkot (Lok Sabha),Gujarat,Rajkot,Jasdan,Sardar Patel Nagar,Rajkot Urban Dev Authority (RUDA),Rural Road & Culvert,Laying of heavy-duty interlocking paver block street in Sardar Patel Nagar settlement,2630000.0,2630000.0,2505000.0,125000.0,Completed,2023-12-19,2024-01-11,2024-08-09,2023-24,21.97673,70.56199,True
MPLADS-2023-AP-0616,Pemmasani Chandra Sekhar,Lok Sabha,Guntur (Lok Sabha),Andhra Pradesh,Guntur,Mangalagiri,Nandgaon,AP PWD,Rural Road & Culvert,Construction of cement concrete (CC) internal village road at Nandgaon,1610000.0,1610000.0,1542000.0,68000.0,Completed,2023-04-21,2023-05-24,2023-11-25,2023-24,16.16898,80.42665,True
MPLADS-2023-MA-0617,Nitin Gadkari,Lok Sabha,Nagpur (Lok Sabha),Maharashtra,Nagpur,Ramtek,Chandrapur,PWD Nagpur,Drinking Water Facility,Upgradation of pipeline distribution and community water tap stands in Chandrapur,620000.0,465000.0,149000.0,316000.0,In Progress,2023-04-02,2023-05-18,,2023-24,20.82708,79.07502,True
MPLADS-2023-BI-0618,Gopal Jee Thakur,Lok Sabha,Darbhanga (Lok Sabha),Bihar,Darbhanga,Jale,Rajendra Nagar,Rural Works Dept,Primary Health Sub-Center & Medical,Procurement and fabrication of Advanced Life Support (ALS) mobile ambulance for Rajendra Nagar block,2860000.0,2860000.0,2713000.0,147000.0,Completed,2023-11-22,2024-01-08,2024-07-29,2023-24,25.86672,85.97914,True
MPLADS-2023-KE-0619,Suresh Gopi,Lok Sabha,Thrissur (Lok Sabha),Kerala,Thrissur,Chalakudy,Balarampur,Thrissur Corp,Drinking Water Facility,Deployment of solar water pumping system and distribution cistern in Balarampur,370000.0,370000.0,366000.0,4000.0,Completed,2023-11-13,2024-01-09,2024-02-26,2023-24,10.578,76.42171,True
MPLADS-2023-DE-0620,Bansuri Swaraj,Lok Sabha,New Delhi (Lok Sabha),Delhi,New Delhi,Connaught Place,Gandhi Gram,NDMC New Delhi,Solar & Public Lighting,Installation of 30 standalone LED solar street lights across major junctions in Gandhi Gram,1160000.0,1160000.0,1092000.0,68000.0,Completed,2023-07-06,2023-08-23,2023-11-03,2023-24,28.91923,76.98482,True
MPLADS-2023-UP-0621,Awadhesh Prasad,Lok Sabha,Faizabad (Lok Sabha),Uttar Pradesh,Ayodhya,Maya Bazar,Panchavati,Ayodhya Development Authority,Community Infrastructure,Construction of multipurpose community hall / Barat Ghar in Panchavati,4320000.0,4320000.0,4277000.0,43000.0,Completed,2023-09-12,2023-11-04,2024-03-08,2023-24,26.66147,81.92236,True
MPLADS-2023-UP-0622,Anurag Sharma,Lok Sabha,Jhansi (Lok Sabha),Uttar Pradesh,Jhansi,Moth,Devipura,UP Jal Nigam Jhansi,Rural Road & Culvert,Construction of cement concrete (CC) internal village road at Devipura,2130000.0,1704000.0,1168000.0,536000.0,In Progress,2022-02-16,2022-03-18,,2023-24,25.57343,78.25974,True
MPLADS-2023-TN-0623,Su. Venkatesan,Lok Sabha,Madurai (Lok Sabha),Tamil Nadu,Madurai,Madurai East,Chandrapur,DRDA Madurai,Drinking Water Facility,Installation of fluorosis/arsenic filtration drinking water unit in Chandrapur school campus,450000.0,450000.0,448000.0,2000.0,Completed,2023-10-29,2023-11-22,2024-01-21,2023-24,9.61151,77.93754,True
MPLADS-2023-OD-0624,Bhartruhari Mahtab,Lok Sabha,Cuttack (Lok Sabha),Odisha,Cuttack,Nischintakoili,Sardar Patel Nagar,Odisha Works Dept,Drinking Water Facility,Installation of 1000 LPH RO drinking water purification kiosk in Sardar Patel Nagar,700000.0,700000.0,659000.0,41000.0,Completed,2023-11-24,2023-12-29,2024-03-12,2023-24,20.75211,85.54584,True
MPLADS-2023-AP-0625,Daggubati Purandeswari,Lok Sabha,Rajahmundry (Lok Sabha),Andhra Pradesh,East Godavari,Kovvur,Tagore Pally,Godavari Urban Dev Authority,Solar & Public Lighting,Erection of high-mast 16-meter LED solar illumination tower near market square in Tagore Pally,780000.0,780000.0,754000.0,26000.0,Completed,2023-11-15,2023-12-26,2024-02-03,2023-24,16.91181,82.14372,True
MPLADS-2023-WB-0626,June Malia,Lok Sabha,Medinipur (Lok Sabha),West Bengal,Paschim Medinipur,Midnapore Sadar,Rampur,Paschim Medinipur Zilla Parishad,Community Infrastructure,Construction of multi-utility cyclone / flood safety community shelter at Rampur,2510000.0,1882000.0,719000.0,1163000.0,In Progress,2023-04-01,2023-04-26,,2023-24,22.25132,87.4459,True
MPLADS-2023-TN-0627,Robert Bruce,Lok Sabha,Tirunelveli (Lok Sabha),Tamil Nadu,Tirunelveli,Ambasamudram,Sardar Patel Nagar,TWAD Board Tirunelveli,Drinking Water Facility,Installation of 1000 LPH RO drinking water purification kiosk in Sardar Patel Nagar,540000.0,324000.0,210000.0,114000.0,In Progress,2021-12-16,2022-01-15,,2023-24,8.87145,78.10587,True
MPLADS-2023-KA-0628,Tejasvi Surya,Lok Sabha,Bangalore South (Lok Sabha),Karnataka,Bangalore Urban,BTM Layout,Subhash Nagar,Karnataka Urban Infra Dev Corp,Solar & Public Lighting,Illumination of village approach road and panchayat center with dusk-to-dawn solar luminaires at Subhash Nagar,1880000.0,1880000.0,1768000.0,112000.0,Completed,2023-11-18,2024-01-17,2024-03-16,2023-24,13.24619,77.46372,True
MPLADS-2023-MA-0629,Bimol Akoijam,Lok Sabha,Inner Manipur (Lok Sabha),Manipur,Imphal East,Keirao Bitra,Chitrakoot,Manipur PWD,Community Infrastructure,Construction of multipurpose community hall / Barat Ghar in Chitrakoot,4660000.0,4660000.0,3553000.0,1107000.0,In Progress,2023-06-28,2023-08-25,,2023-24,24.74195,93.6436,True
MPLADS-2023-TE-0630,Asaduddin Owaisi,Lok Sabha,Hyderabad (Lok Sabha),Telangana,Hyderabad,Charminar,Mahavir Nagar,Telangana PWD,Solar & Public Lighting,Installation of 30 standalone LED solar street lights across major junctions in Mahavir Nagar,590000.0,590000.0,581000.0,9000.0,Completed,2024-02-02,2024-03-12,2024-05-25,2023-24,17.72366,78.22403,True
MPLADS-2023-MP-0631,Shankar Lalwani,Lok Sabha,Indore (Lok Sabha),Madhya Pradesh,Indore,Rau,Indira Nagar,Indore Municipal Corp,Sanitation & Public Amenities,Construction of community sanitary complex with dedicated women hygiene cubicles at Indira Nagar,1720000.0,1720000.0,1666000.0,54000.0,Completed,2023-10-01,2023-11-28,2024-02-04,2023-24,22.53358,75.85337,True
MPLADS-2023-TN-0632,Ganapathi P. Rajkumar,Lok Sabha,Coimbatore (Lok Sabha),Tamil Nadu,Coimbatore,Mettupalayam,Chitrakoot,TWAD Board,Rural Road & Culvert,Construction of cement concrete (CC) internal village road at Chitrakoot,1090000.0,818000.0,385000.0,433000.0,In Progress,2023-10-20,2023-12-14,,2023-24,11.01261,76.99205,True
MPLADS-2023-AS-0633,Parimal Suklabaidya,Lok Sabha,Silchar (Lok Sabha),Assam,Cachar,Dholai,Panchavati,Cachar Zilla Parishad,Rural Road & Culvert,Construction of cement concrete (CC) internal village road at Panchavati,880000.0,880000.0,841000.0,39000.0,Completed,2023-07-26,2023-09-15,2023-12-19,2023-24,25.17767,92.91399,True
MPLADS-2023-AP-0634,Daggubati Purandeswari,Lok Sabha,Rajahmundry (Lok Sabha),Andhra Pradesh,East Godavari,Rajanagaram,Tagore Pally,AP Panchayat Raj,Community Infrastructure,Construction of multipurpose community hall / Barat Ghar in Tagore Pally,4780000.0,4780000.0,4727000.0,53000.0,Completed,2023-04-27,2023-06-22,2024-02-01,2023-24,16.84232,81.93012,True
MPLADS-2023-GU-0635,Parshottam Rupala,Lok Sabha,Rajkot (Lok Sabha),Gujarat,Rajkot,Dhoraji,Khadki,DRDA Rajkot,Primary Health Sub-Center & Medical,Procurement and fabrication of Advanced Life Support (ALS) mobile ambulance for Khadki block,930000.0,930000.0,885000.0,45000.0,Completed,2023-12-29,2024-02-08,2024-06-27,2023-24,22.56997,71.01757,True
MPLADS-2023-HA-0636,Rao Inderjit Singh,Lok Sabha,Gurgaon (Lok Sabha),Haryana,Gurugram,Farrukhnagar,Bhavani Peth,GMDA Gurugram,Rural Road & Culvert,Bituminous road widening and storm-water drainage culvert in Bhavani Peth,1490000.0,1490000.0,1438000.0,52000.0,Completed,2024-02-15,2024-03-05,2024-06-09,2023-24,28.52427,77.11501,True
MPLADS-2023-TN-0637,Robert Bruce,Lok Sabha,Tirunelveli (Lok Sabha),Tamil Nadu,Tirunelveli,Nanguneri,Kalyanpur,Tirunelveli City Corp,Community Infrastructure,Development of public cultural center and community shed at Kalyanpur,4860000.0,4860000.0,4589000.0,271000.0,Completed,2023-09-18,2023-10-06,2024-07-05,2023-24,8.7976,77.94157,True
MPLADS-2023-KE-0638,Suresh Gopi,Lok Sabha,Thrissur (Lok Sabha),Kerala,Thrissur,Ollur,Chandrapur,Thrissur Corp,Rural Road & Culvert,Laying of heavy-duty interlocking paver block street in Chandrapur settlement,1440000.0,1440000.0,1421000.0,19000.0,Completed,2023-05-04,2023-07-02,2023-10-14,2023-24,10.38863,76.30273,True
MPLADS-2023-UP-0639,Praveen Patel,Lok Sabha,Prayagraj (Lok Sabha),Uttar Pradesh,Prayagraj,Soraon,Patel Nagar,Prayagraj Vikas Pradhikaran,Drinking Water Facility,Installation of fluorosis/arsenic filtration drinking water unit in Patel Nagar school campus,440000.0,440000.0,430000.0,10000.0,Completed,2023-07-29,2023-09-08,2023-12-20,2023-24,25.35454,82.05292,True
MPLADS-2023-KE-0640,Shashi Tharoor,Lok Sabha,Thiruvananthapuram (Lok Sabha),Kerala,Thiruvananthapuram,Vattiyoorkavu,Shivpur,Kerala Water Authority,Community Infrastructure,Construction of multi-utility cyclone / flood safety community shelter at Shivpur,4010000.0,4010000.0,3832000.0,178000.0,Completed,2023-05-26,2023-06-22,2023-12-08,2023-24,8.80716,76.67479,True
MPLADS-2023-RA-0641,Om Birla,Lok Sabha,Kota (Lok Sabha),Rajasthan,Kota,Sangod,Rajendra Nagar,Rajasthan PWD,Primary Health Sub-Center & Medical,"Supply of medical diagnostics, vaccine cold chain refrigerator and emergency triage beds at Rajendra Nagar",1300000.0,975000.0,463000.0,512000.0,In Progress,2023-04-23,2023-05-16,,2023-24,25.22299,75.97099,True
MPLADS-2023-TN-0642,Dayanidhi Maran,Lok Sabha,Chennai Central (Lok Sabha),Tamil Nadu,Chennai,Harbour,Navi Vasti,TN PWD,Rural Road & Culvert,Laying of heavy-duty interlocking paver block street in Navi Vasti settlement,1430000.0,1430000.0,1393000.0,37000.0,Completed,2023-08-28,2023-10-03,2024-02-07,2023-24,12.77282,80.27568,True
MPLADS-2023-AP-0643,M. Sribharat,Lok Sabha,Visakhapatnam (Lok Sabha),Andhra Pradesh,Visakhapatnam,Gajuwaka,Gandhi Gram,AP PWD,Rural Road & Culvert,Bituminous road widening and storm-water drainage culvert in Gandhi Gram,2860000.0,2860000.0,2851000.0,9000.0,Completed,2023-07-06,2023-08-11,2024-02-01,2023-24,17.93321,83.26477,True
MPLADS-2023-TN-0644,T. M. Selvaganapathi,Lok Sabha,Salem (Lok Sabha),Tamil Nadu,Salem,Yercaud,Subhash Nagar,DRDA Salem,Rural Road & Culvert,Construction of cement concrete (CC) internal village road at Subhash Nagar,1860000.0,1116000.0,603000.0,513000.0,In Progress,2022-01-29,2022-02-28,,2023-24,11.4635,78.13252,True
MPLADS-2023-JA-0645,Aga Syed Ruhullah Mehdi,Lok Sabha,Srinagar (Lok Sabha),Jammu & Kashmir,Srinagar,Zadibal,Balarampur,Srinagar Municipal Corp,Rural Road & Culvert,Construction of cement concrete (CC) internal village road at Balarampur,3470000.0,3470000.0,2908000.0,562000.0,In Progress,2021-06-01,2021-07-01,,2023-24,34.3726,74.69924,True
MPLADS-2023-UP-0646,Arun Govil,Lok Sabha,Meerut (Lok Sabha),Uttar Pradesh,Meerut,Sardhana,Krishnapuram,UP Jal Nigam Meerut,Rural Road & Culvert,Inter-hamlet link road paving connecting agricultural mandi to Krishnapuram,2660000.0,1596000.0,1042000.0,554000.0,In Progress,2022-03-22,2022-04-21,,2023-24,29.27195,77.3711,True
MPLADS-2023-AS-0647,Bijuli Kalita Medhi,Lok Sabha,Gauhati (Lok Sabha),Assam,Kamrup Metropolitan,Boko,Gopalganj,DRDA Kamrup,Drinking Water Facility,Provision of deep solar-powered borewell with 5000L elevated storage tank at Gopalganj,760000.0,760000.0,756000.0,4000.0,Completed,2023-10-07,2023-11-06,2024-02-14,2023-24,26.40937,91.43196,True
MPLADS-2023-MA-0648,Nitin Gadkari,Lok Sabha,Nagpur (Lok Sabha),Maharashtra,Nagpur,Kamptee,Ambedkar Basti,Nagpur Improvement Trust,Drinking Water Facility,Upgradation of pipeline distribution and community water tap stands in Ambedkar Basti,780000.0,780000.0,760000.0,20000.0,Completed,2023-08-04,2023-09-15,2024-01-06,2023-24,21.00173,78.8422,True
MPLADS-2023-WB-0649,Jagannath Sarkar,Lok Sabha,Ranaghat (Lok Sabha),West Bengal,Nadia,Santipur,Sardar Patel Nagar,WB PWD Nadia,School Classroom & Education,"Installation of rooftop solar generation system and clean drinking facility in Govt School, Sardar Patel Nagar",1000000.0,1000000.0,950000.0,50000.0,Completed,2023-11-27,2023-12-17,2024-04-04,2023-24,23.35692,88.65805,True
MPLADS-2023-RA-0650,Om Birla,Lok Sabha,Kota (Lok Sabha),Rajasthan,Kota,Ramganj Mandi,Ganeshpur,DRDA Kota,Rural Road & Culvert,Inter-hamlet link road paving connecting agricultural mandi to Ganeshpur,2640000.0,2640000.0,2523000.0,117000.0,Completed,2023-12-04,2024-01-21,2024-07-31,2023-24,25.31047,76.06824,True
MPLADS-2023-TE-0651,Asaduddin Owaisi,Lok Sabha,Hyderabad (Lok Sabha),Telangana,Hyderabad,Chandrayangutta,Gandhi Gram,GHMC Hyderabad,Community Infrastructure,Development of public cultural center and community shed at Gandhi Gram,2890000.0,2890000.0,2873000.0,17000.0,Completed,2023-11-04,2023-12-08,2024-07-10,2023-24,17.21317,78.19603,True
MPLADS-2023-UT-0652,Trivendra Singh Rawat,Lok Sabha,Haridwar (Lok Sabha),Uttarakhand,Haridwar,Laksar,Tilak Nagar,Uttarakhand Peyjal Nigam,Drinking Water Facility,Provision of deep solar-powered borewell with 5000L elevated storage tank at Tilak Nagar,1180000.0,1180000.0,1141000.0,39000.0,Completed,2023-12-19,2024-02-01,2024-05-08,2023-24,29.85296,78.16248,True
MPLADS-2023-BI-0653,Rajiv Pratap Rudy,Lok Sabha,Saran (Lok Sabha),Bihar,Saran,Chhapra Sadar,Mahavir Nagar,Saran DRDA,Rural Road & Culvert,Inter-hamlet link road paving connecting agricultural mandi to Mahavir Nagar,2440000.0,2440000.0,2371000.0,69000.0,Completed,2023-05-13,2023-06-19,2023-10-07,2023-24,25.97971,85.04852,True
MPLADS-2023-UP-0654,Praveen Patel,Lok Sabha,Prayagraj (Lok Sabha),Uttar Pradesh,Prayagraj,Soraon,Khadki,UP Jal Sansthan,School Classroom & Education,"Erection of protective boundary wall and main gate for Government Senior Secondary School, Khadki",1910000.0,1910000.0,1836000.0,74000.0,Completed,2023-09-16,2023-11-13,2024-02-16,2023-24,25.21925,81.91912,True
MPLADS-2023-MA-0655,Udayanraje Bhosale,Lok Sabha,Satara (Lok Sabha),Maharashtra,Satara,Koregaon,Vikas Nagar,Zilla Parishad Satara,Drinking Water Facility,Upgradation of pipeline distribution and community water tap stands in Vikas Nagar,1470000.0,1470000.0,1383000.0,87000.0,Completed,2023-10-25,2023-12-04,2024-03-23,2023-24,18.02299,74.31574,True
MPLADS-2023-MP-0656,Shankar Lalwani,Lok Sabha,Indore (Lok Sabha),Madhya Pradesh,Indore,Depalpur,Kaveri Nagar,PWD Indore,Community Infrastructure,Development of public cultural center and community shed at Kaveri Nagar,3310000.0,3310000.0,3263000.0,47000.0,Completed,2023-11-26,2024-01-15,2024-08-02,2023-24,22.96166,75.80786,True
MPLADS-2023-DE-0657,Bansuri Swaraj,Lok Sabha,New Delhi (Lok Sabha),Delhi,New Delhi,Chanakyapuri,Mahavir Nagar,Delhi Jal Board,School Classroom & Education,"Construction of two additional smart classrooms in Zilla Parishad High School, Mahavir Nagar",1310000.0,1310000.0,1269000.0,41000.0,Completed,2023-06-05,2023-07-26,2023-12-17,2023-24,28.84791,77.09688,True
MPLADS-2023-KA-0658,Pralhad Joshi,Lok Sabha,Dharwad (Lok Sabha),Karnataka,Dharwad,Navalgund,Ambedkar Basti,Zilla Panchayat Dharwad,Drinking Water Facility,Upgradation of pipeline distribution and community water tap stands in Ambedkar Basti,1180000.0,1180000.0,1174000.0,6000.0,Completed,2023-04-17,2023-06-07,2023-09-02,2023-24,15.50663,75.2172,True
MPLADS-2023-KE-0659,Suresh Gopi,Lok Sabha,Thrissur (Lok Sabha),Kerala,Thrissur,Chalakudy,Balarampur,Thrissur Corp,Rural Road & Culvert,Construction of reinforced concrete box culvert on arterial approach road at Balarampur,1660000.0,1660000.0,1421000.0,239000.0,In Progress,2023-05-26,2023-07-10,,2023-24,10.24287,75.93742,True
MPLADS-2023-AP-0660,Kesineni Sivanath,Lok Sabha,Vijayawada (Lok Sabha),Andhra Pradesh,NTR / Krishna,Gannavaram,Chitrakoot,AP Panchayat Raj Dept,Community Infrastructure,Construction of multipurpose community hall / Barat Ghar in Chitrakoot,2150000.0,2150000.0,2103000.0,47000.0,Completed,2023-10-15,2023-11-03,2024-03-19,2023-24,16.47446,80.55606,True
MPLADS-2023-UP-0661,S. P. Singh Baghel,Lok Sabha,Agra (Lok Sabha),Uttar Pradesh,Agra,Kheragarh,Balarampur,DRDA Agra,Rural Road & Culvert,Construction of cement concrete (CC) internal village road at Balarampur,890000.0,890000.0,883000.0,7000.0,Completed,2023-12-01,2024-01-11,2024-06-01,2023-24,26.91765,77.80207,True
MPLADS-2023-KA-0662,Capt. Brijesh Chowta,Lok Sabha,Dakshina Kannada (Lok Sabha),Karnataka,Dakshina Kannada,Sullia,Chitrakoot,Mangaluru Smart City,School Classroom & Education,"Provision of STEM science laboratory equipment, computer lab furniture and student desks at Chitrakoot",1720000.0,1720000.0,1631000.0,89000.0,Completed,2023-11-21,2024-01-07,2024-03-15,2023-24,13.14131,74.92939,True
MPLADS-2023-WB-0663,Shatrughan Sinha,Lok Sabha,Asansol (Lok Sabha),West Bengal,Paschim Bardhaman,Barabani,Ganeshpur,WB PWD,School Classroom & Education,"Construction of two additional smart classrooms in Zilla Parishad High School, Ganeshpur",2000000.0,1500000.0,1110000.0,390000.0,In Progress,2023-11-20,2023-12-23,,2023-24,23.9003,87.19729,True
MPLADS-2023-KA-0664,Tejasvi Surya,Lok Sabha,Bangalore South (Lok Sabha),Karnataka,Bangalore Urban,Padmanabhanagar,Shanti Nagar,Karnataka Urban Infra Dev Corp,Community Infrastructure,Renovation and structural expansion of Gram Panchayat community auditorium in Shanti Nagar,7420000.0,7420000.0,6933000.0,487000.0,Completed,2024-01-17,2024-02-12,2024-07-21,2023-24,12.76654,77.67346,True
MPLADS-2023-BI-0665,Jitan Ram Manjhi,Lok Sabha,Gaya (Lok Sabha),Bihar,Gaya,Sherghati,Nandgaon,PHED Bihar,Sanitation & Public Amenities,Construction of community sanitary complex with dedicated women hygiene cubicles at Nandgaon,1400000.0,1400000.0,1349000.0,51000.0,Completed,2023-05-24,2023-06-12,2023-08-12,2023-24,24.61834,85.00445,True
MPLADS-2023-GU-0666,Hasmukh Patel,Lok Sabha,Ahmedabad East (Lok Sabha),Gujarat,Ahmedabad,Nikol,Ganeshpur,R&B Dept Gujarat,Drinking Water Facility,Upgradation of pipeline distribution and community water tap stands in Ganeshpur,1420000.0,1065000.0,356000.0,709000.0,In Progress,2023-10-21,2023-11-17,,2023-24,23.3145,72.45038,True
MPLADS-2023-UT-0667,Trivendra Singh Rawat,Lok Sabha,Haridwar (Lok Sabha),Uttarakhand,Haridwar,Bahadrabad,Sundar Nagar,Uttarakhand Peyjal Nigam,Rural Road & Culvert,Construction of reinforced concrete box culvert on arterial approach road at Sundar Nagar,2470000.0,1852000.0,1023000.0,829000.0,In Progress,2023-11-11,2024-01-10,,2023-24,29.71511,77.82685,True
MPLADS-2023-UP-0668,S. P. Singh Baghel,Lok Sabha,Agra (Lok Sabha),Uttar Pradesh,Agra,Kheragarh,Ambedkar Basti,Agra Development Authority,Sanitation & Public Amenities,Provision of solid-liquid waste collection shed and composting unit at Gram Panchayat Ambedkar Basti,570000.0,570000.0,548000.0,22000.0,Completed,2023-04-06,2023-06-02,2023-08-08,2023-24,27.32679,78.28298,True
MPLADS-2023-AP-0669,Kesineni Sivanath,Lok Sabha,Vijayawada (Lok Sabha),Andhra Pradesh,NTR / Krishna,Kanchikacherla,Chandrapur,AP Panchayat Raj Dept,Solar & Public Lighting,Installation of 30 standalone LED solar street lights across major junctions in Chandrapur,620000.0,496000.0,313000.0,183000.0,In Progress,2022-03-15,2022-04-14,,2023-24,16.80637,80.56025,True
MPLADS-2023-WB-0670,Raju Bista,Lok Sabha,Darjeeling (Lok Sabha),West Bengal,Darjeeling,Kurseong,Nandgaon,Gorkhaland Territorial Admin,Rural Road & Culvert,Construction of cement concrete (CC) internal village road at Nandgaon,1510000.0,906000.0,374000.0,532000.0,In Progress,2022-02-13,2022-03-15,,2023-24,27.04975,88.48724,True
MPLADS-2023-TN-0671,T. M. Selvaganapathi,Lok Sabha,Salem (Lok Sabha),Tamil Nadu,Salem,Attur,Kaveri Nagar,TN PWD Salem,School Classroom & Education,"Installation of rooftop solar generation system and clean drinking facility in Govt School, Kaveri Nagar",2380000.0,1785000.0,709000.0,1076000.0,In Progress,2023-07-28,2023-08-19,,2023-24,11.3248,78.25379,True
MPLADS-2023-UP-0672,Satish Kumar Gautam,Lok Sabha,Aligarh (Lok Sabha),Uttar Pradesh,Aligarh,Lodha,Indira Nagar,PWD Aligarh,Rural Road & Culvert,Inter-hamlet link road paving connecting agricultural mandi to Indira Nagar,2450000.0,1960000.0,1235000.0,725000.0,In Progress,2021-12-12,2022-01-11,,2023-24,27.8971,78.43133,True
MPLADS-2023-PU-0673,Gurjeet Singh Aujla,Lok Sabha,Amritsar (Lok Sabha),Punjab,Amritsar,Attari,Chitrakoot,Amritsar Municipal Corp,Drinking Water Facility,Installation of fluorosis/arsenic filtration drinking water unit in Chitrakoot school campus,1320000.0,1320000.0,1308000.0,12000.0,Completed,2023-06-08,2023-08-06,2023-10-30,2023-24,31.96862,74.98876,True
MPLADS-2023-UP-0674,Anurag Sharma,Lok Sabha,Jhansi (Lok Sabha),Uttar Pradesh,Jhansi,Babina,Panchavati,PWD Jhansi,Community Infrastructure,Renovation and structural expansion of Gram Panchayat community auditorium in Panchavati,3290000.0,1645000.0,1077000.0,568000.0,In Progress,2023-12-14,2024-01-12,,2023-24,25.62966,78.30534,True
MPLADS-2023-WB-0675,June Malia,Lok Sabha,Medinipur (Lok Sabha),West Bengal,Paschim Medinipur,Salboni,Chandrapur,Paschim Medinipur Zilla Parishad,Rural Road & Culvert,Inter-hamlet link road paving connecting agricultural mandi to Chandrapur,2000000.0,2000000.0,1908000.0,92000.0,Completed,2023-06-17,2023-07-14,2024-02-02,2023-24,22.59318,87.19998,True
MPLADS-2023-BI-0676,Pappu Yadav,Lok Sabha,Purnia (Lok Sabha),Bihar,Purnia,Kasba,Nandgaon,PHED Purnia,Solar & Public Lighting,Illumination of village approach road and panchayat center with dusk-to-dawn solar luminaires at Nandgaon,960000.0,960000.0,905000.0,55000.0,Completed,2023-09-17,2023-10-16,2024-01-12,2023-24,25.8926,87.29914,True
MPLADS-2023-ME-0677,Ricky Andrew Syngkon,Lok Sabha,Shillong (Lok Sabha),Meghalaya,East Khasi Hills,Pynursla,Shivaji Nagar,DRDA East Khasi Hills,Rural Road & Culvert,Laying of heavy-duty interlocking paver block street in Shivaji Nagar settlement,2390000.0,1434000.0,977000.0,457000.0,In Progress,2022-03-14,2022-04-13,,2023-24,25.31669,91.66487,True
MPLADS-2023-AP-0678,Kesineni Sivanath,Lok Sabha,Vijayawada (Lok Sabha),Andhra Pradesh,NTR / Krishna,Mylavaram,Devipura,AP Panchayat Raj Dept,Community Infrastructure,Renovation and structural expansion of Gram Panchayat community auditorium in Devipura,2590000.0,2590000.0,2480000.0,110000.0,Completed,2023-08-04,2023-08-31,2024-05-24,2023-24,16.46999,80.74292,True
MPLADS-2023-BI-0679,Gopal Jee Thakur,Lok Sabha,Darbhanga (Lok Sabha),Bihar,Darbhanga,Bahadurpur,Balarampur,Rural Works Dept,Drinking Water Facility,Provision of deep solar-powered borewell with 5000L elevated storage tank at Balarampur,1010000.0,1010000.0,959000.0,51000.0,Completed,2023-12-15,2024-01-26,2024-05-11,2023-24,25.81807,85.80879,True
MPLADS-2023-UP-0680,Chhatrapal Singh Gangwar,Lok Sabha,Bareilly (Lok Sabha),Uttar Pradesh,Bareilly,Mirganj,Navi Vasti,DRDA Bareilly,School Classroom & Education,"Erection of protective boundary wall and main gate for Government Senior Secondary School, Navi Vasti",1090000.0,1090000.0,1063000.0,27000.0,Completed,2023-09-04,2023-10-18,2023-12-26,2023-24,28.25026,79.5808,True
MPLADS-2023-WB-0681,Prasun Banerjee,Lok Sabha,Howrah (Lok Sabha),West Bengal,Howrah,Uluberia,Rampur,Howrah Municipal Corp,Community Infrastructure,Construction of cremation ground covered shed (Shmashan Ghat) with solar lights in Rampur,3220000.0,3220000.0,3118000.0,102000.0,Completed,2023-10-20,2023-11-30,2024-09-09,2023-24,22.93707,87.96346,True
MPLADS-2023-UP-0682,Praveen Patel,Lok Sabha,Prayagraj (Lok Sabha),Uttar Pradesh,Prayagraj,Meja,Gandhi Gram,PWD Prayagraj,Sanitation & Public Amenities,Provision of solid-liquid waste collection shed and composting unit at Gram Panchayat Gandhi Gram,1360000.0,1360000.0,1307000.0,53000.0,Completed,2023-12-17,2024-01-23,2024-03-10,2023-24,25.54143,82.14486,True
MPLADS-2023-HA-0683,Rao Inderjit Singh,Lok Sabha,Gurgaon (Lok Sabha),Haryana,Gurugram,Pataudi,Khadki,Haryana PWD (B&R),Drinking Water Facility,Installation of 1000 LPH RO drinking water purification kiosk in Khadki,1350000.0,1012000.0,590000.0,422000.0,In Progress,2023-06-15,2023-08-10,,2023-24,28.21266,76.84979,True
MPLADS-2023-OD-0684,Bhartruhari Mahtab,Lok Sabha,Cuttack (Lok Sabha),Odisha,Cuttack,Salepur,Devipura,Cuttack Municipal Corp,Solar & Public Lighting,Installation of solar mini-grid powered street lighting and battery bank at Devipura,630000.0,630000.0,608000.0,22000.0,Completed,2023-05-12,2023-07-03,2023-09-24,2023-24,20.41131,86.01709,True
MPLADS-2023-RA-0685,Arjun Ram Meghwal,Lok Sabha,Bikaner (Lok Sabha),Rajasthan,Bikaner,Khajuwala,Vikas Nagar,Rajasthan PWD,Primary Health Sub-Center & Medical,"Supply of medical diagnostics, vaccine cold chain refrigerator and emergency triage beds at Vikas Nagar",2830000.0,2830000.0,2717000.0,113000.0,Completed,2023-05-26,2023-06-15,2023-11-18,2023-24,27.86121,73.10857,True
MPLADS-2023-UT-0686,Trivendra Singh Rawat,Lok Sabha,Haridwar (Lok Sabha),Uttarakhand,Haridwar,Laksar,Hanuman Nagar,Haridwar Roorkee Dev Authority,Community Infrastructure,Construction of multipurpose community hall / Barat Ghar in Hanuman Nagar,1840000.0,1840000.0,1808000.0,32000.0,Completed,2023-10-31,2023-12-29,2024-06-09,2023-24,29.71918,77.94468,True
MPLADS-2023-MA-0687,Arvind Sawant,Lok Sabha,Mumbai South (Lok Sabha),Maharashtra,Mumbai South,Worli,Sardar Patel Nagar,BMC Mumbai,Rural Road & Culvert,Laying of heavy-duty interlocking paver block street in Sardar Patel Nagar settlement,2980000.0,2980000.0,2877000.0,103000.0,Completed,2023-07-05,2023-08-02,2024-01-05,2023-24,19.27686,73.09553,True
MPLADS-2023-KA-0688,Capt. Brijesh Chowta,Lok Sabha,Dakshina Kannada (Lok Sabha),Karnataka,Dakshina Kannada,Moodbidri,Sitarampur,Mangaluru Smart City,Rural Road & Culvert,Construction of cement concrete (CC) internal village road at Sitarampur,1380000.0,1380000.0,1344000.0,36000.0,Completed,2023-06-03,2023-07-12,2024-02-09,2023-24,12.90374,75.03837,True
MPLADS-2023-UP-0689,Rajnath Singh,Lok Sabha,Lucknow (Lok Sabha),Uttar Pradesh,Lucknow,Sarojini Nagar,Panchavati,Lucknow Development Authority,Rural Road & Culvert,Construction of cement concrete (CC) internal village road at Panchavati,1130000.0,848000.0,733000.0,115000.0,In Progress,2023-10-10,2023-10-25,,2023-24,26.82796,80.83212,True
MPLADS-2023-KA-0690,Yaduveer Krishnadatta Chamaraja Wadiyar,Lok Sabha,Mysore (Lok Sabha),Karnataka,Mysuru,T. Narasipura,Subhash Nagar,Mysore Urban Dev Authority,Drinking Water Facility,Provision of deep solar-powered borewell with 5000L elevated storage tank at Subhash Nagar,1710000.0,1710000.0,1643000.0,67000.0,Completed,2023-10-22,2023-12-18,2024-03-14,2023-24,12.51019,76.29156,True
MPLADS-2023-DE-0691,Bansuri Swaraj,Lok Sabha,New Delhi (Lok Sabha),Delhi,New Delhi,Chanakyapuri,Chitrakoot,NDMC New Delhi,Rural Road & Culvert,Construction of reinforced concrete box culvert on arterial approach road at Chitrakoot,1340000.0,1340000.0,1311000.0,29000.0,Completed,2023-08-06,2023-10-04,2024-05-02,2023-24,28.62434,77.32116,True
MPLADS-2023-UP-0692,Anurag Sharma,Lok Sabha,Jhansi (Lok Sabha),Uttar Pradesh,Jhansi,Babina,Surya Nagar,PWD Jhansi,Rural Road & Culvert,Inter-hamlet link road paving connecting agricultural mandi to Surya Nagar,2530000.0,2530000.0,2495000.0,35000.0,Completed,2024-02-05,2024-03-05,2024-08-31,2023-24,25.39794,78.87054,True
MPLADS-2023-GU-0693,Hasmukh Patel,Lok Sabha,Ahmedabad East (Lok Sabha),Gujarat,Ahmedabad,Asarwa,Chitrakoot,Gujarat Water Supply Board (GWSSB),Rural Road & Culvert,Bituminous road widening and storm-water drainage culvert in Chitrakoot,7460000.0,7460000.0,1342000.0,6118000.0,Stalled,2021-06-10,2021-07-27,,2023-24,22.99926,72.84889,True
MPLADS-2023-UP-0694,Atul Garg,Lok Sabha,Ghaziabad (Lok Sabha),Uttar Pradesh,Ghaziabad,Loni,Kaveri Nagar,Ghaziabad Development Authority,Rural Road & Culvert,Construction of cement concrete (CC) internal village road at Kaveri Nagar,820000.0,615000.0,351000.0,264000.0,In Progress,2023-04-15,2023-06-14,,2023-24,28.85562,77.25806,True
MPLADS-2023-BI-0695,Gopal Jee Thakur,Lok Sabha,Darbhanga (Lok Sabha),Bihar,Darbhanga,Bahadurpur,Adarsh Nagar,PHED Darbhanga,School Classroom & Education,"Installation of rooftop solar generation system and clean drinking facility in Govt School, Adarsh Nagar",770000.0,770000.0,512000.0,258000.0,In Progress,2023-09-18,2023-11-16,,2023-24,26.04446,86.17892,True
MPLADS-2023-UT-0696,Trivendra Singh Rawat,Lok Sabha,Haridwar (Lok Sabha),Uttarakhand,Haridwar,Bahadrabad,Indira Nagar,Haridwar Roorkee Dev Authority,Rural Road & Culvert,Construction of cement concrete (CC) internal village road at Indira Nagar,1370000.0,1370000.0,1303000.0,67000.0,Completed,2023-05-16,2023-06-07,2023-10-04,2023-24,29.99669,77.90339,True
MPLADS-2023-TN-0697,S. Murasoli,Lok Sabha,Thanjavur (Lok Sabha),Tamil Nadu,Thanjavur,Kumbakonam,Chandrapur,Tamil Nadu TWAD Board,School Classroom & Education,Upgradation of primary school infrastructure with disabled-friendly ramps and smart board in Chandrapur,960000.0,960000.0,940000.0,20000.0,Completed,2023-11-03,2023-12-12,2024-05-21,2023-24,10.52542,79.25242,True
MPLADS-2023-OD-0698,Bhartruhari Mahtab,Lok Sabha,Cuttack (Lok Sabha),Odisha,Cuttack,Salepur,Rampur,Odisha Panchayati Raj Dept,School Classroom & Education,"Installation of rooftop solar generation system and clean drinking facility in Govt School, Rampur",1200000.0,1200000.0,1170000.0,30000.0,Completed,2023-07-22,2023-08-24,2023-11-10,2023-24,20.63544,86.12719,True
MPLADS-2023-DE-0699,Bansuri Swaraj,Lok Sabha,New Delhi (Lok Sabha),Delhi,New Delhi,Karol Bagh,Sardar Patel Nagar,DDA Delhi,Primary Health Sub-Center & Medical,Upgradation of Primary Health Sub-Center with maternity care and diagnostics room at Sardar Patel Nagar,1540000.0,1155000.0,828000.0,327000.0,In Progress,2024-01-19,2024-03-19,,2023-24,28.94045,76.90017,True
MPLADS-2023-TN-0700,Su. Venkatesan,Lok Sabha,Madurai (Lok Sabha),Tamil Nadu,Madurai,Madurai West,Indira Nagar,DRDA Madurai,Primary Health Sub-Center & Medical,Upgradation of Primary Health Sub-Center with maternity care and diagnostics room at Indira Nagar,3290000.0,3290000.0,3248000.0,42000.0,Completed,2023-12-06,2024-01-01,2024-06-09,2023-24,10.26894,78.15336,True
MPLADS-2023-TN-0701,S. Murasoli,Lok Sabha,Thanjavur (Lok Sabha),Tamil Nadu,Thanjavur,Pattukkottai,Balarampur,Tamil Nadu TWAD Board,Drinking Water Facility,Installation of 1000 LPH RO drinking water purification kiosk in Balarampur,1090000.0,1090000.0,1079000.0,11000.0,Completed,2023-08-23,2023-09-25,2023-12-29,2023-24,10.50512,79.01419,True
MPLADS-2023-OD-0702,Aparajita Sarangi,Lok Sabha,Bhubaneswar (Lok Sabha),Odisha,Khurda,Jatni,Madhavpuram,Odisha Works Dept,Rural Road & Culvert,Construction of reinforced concrete box culvert on arterial approach road at Madhavpuram,910000.0,910000.0,867000.0,43000.0,Completed,2023-12-04,2024-02-01,2024-06-20,2023-24,20.46082,85.48089,True
MPLADS-2023-PU-0703,Gurjeet Singh Aujla,Lok Sabha,Amritsar (Lok Sabha),Punjab,Amritsar,Majitha,Shanti Nagar,Punjab Mandi Board,Solar & Public Lighting,Erection of high-mast 16-meter LED solar illumination tower near market square in Shanti Nagar,1130000.0,1130000.0,1066000.0,64000.0,Completed,2023-09-30,2023-10-21,2023-12-22,2023-24,31.73907,74.93767,True
MPLADS-2023-MA-0704,Sandipan Bhumre,Lok Sabha,Aurangabad (Lok Sabha),Maharashtra,Chhatrapati Sambhajinagar,Gangapur,Gopalganj,Aurangabad Smart City,Rural Road & Culvert,Laying of heavy-duty interlocking paver block street in Gopalganj settlement,1970000.0,1970000.0,1895000.0,75000.0,Completed,2024-01-31,2024-03-30,2024-07-20,2023-24,20.07061,75.59873,True
MPLADS-2023-TE-0705,Bandi Sanjay Kumar,Lok Sabha,Karimnagar (Lok Sabha),Telangana,Karimnagar,Huzurabad,Madhavpuram,DRDA Karimnagar,Community Infrastructure,Construction of cremation ground covered shed (Shmashan Ghat) with solar lights in Madhavpuram,2310000.0,2310000.0,2196000.0,114000.0,Completed,2023-05-13,2023-06-04,2023-10-07,2023-24,18.4994,79.46994,True
MPLADS-2023-GU-0706,Hemang Joshi,Lok Sabha,Vadodara (Lok Sabha),Gujarat,Vadodara,Padra,Krishnapuram,R&B Vadodara,Drinking Water Facility,Installation of fluorosis/arsenic filtration drinking water unit in Krishnapuram school campus,1800000.0,1800000.0,1726000.0,74000.0,Completed,2023-11-09,2024-01-07,2024-04-29,2023-24,22.08662,73.40021,True
MPLADS-2023-UP-0707,Satish Kumar Gautam,Lok Sabha,Aligarh (Lok Sabha),Uttar Pradesh,Aligarh,Khair,Tilak Nagar,UP Jal Nigam,Community Infrastructure,Construction of multipurpose community hall / Barat Ghar in Tilak Nagar,3320000.0,3320000.0,3145000.0,175000.0,Completed,2024-01-01,2024-02-22,2024-08-13,2023-24,28.22338,78.36632,True
MPLADS-2023-MA-0708,Balwant Wankhade,Lok Sabha,Amravati (Lok Sabha),Maharashtra,Amravati,Chandur Railway,Tagore Pally,Zilla Parishad Amravati,Community Infrastructure,Construction of cremation ground covered shed (Shmashan Ghat) with solar lights in Tagore Pally,1930000.0,1544000.0,1012000.0,532000.0,In Progress,2022-03-05,2022-04-04,,2023-24,20.6119,78.11555,True
MPLADS-2023-RA-0709,Om Birla,Lok Sabha,Kota (Lok Sabha),Rajasthan,Kota,Sangod,Hanuman Nagar,DRDA Kota,Community Infrastructure,Construction of multipurpose community hall / Barat Ghar in Hanuman Nagar,2370000.0,2370000.0,2301000.0,69000.0,Completed,2023-12-22,2024-01-08,2024-06-11,2023-24,25.26775,76.00137,True
MPLADS-2023-RA-0710,Om Birla,Lok Sabha,Kota (Lok Sabha),Rajasthan,Kota,Itawa,Sardar Patel Nagar,DRDA Kota,Rural Road & Culvert,Construction of cement concrete (CC) internal village road at Sardar Patel Nagar,2490000.0,1494000.0,1027000.0,467000.0,In Progress,2022-01-10,2022-02-09,,2023-24,25.2853,75.66603,True
MPLADS-2023-TN-0711,Dayanidhi Maran,Lok Sabha,Chennai Central (Lok Sabha),Tamil Nadu,Chennai,Thousand Lights,Govindpur,TN PWD,Community Infrastructure,Construction of multipurpose community hall / Barat Ghar in Govindpur,3420000.0,3420000.0,3305000.0,115000.0,Completed,2023-10-13,2023-11-13,2024-05-16,2023-24,13.20627,80.57884,True
MPLADS-2023-MA-0712,Udayanraje Bhosale,Lok Sabha,Satara (Lok Sabha),Maharashtra,Satara,Wai,Sitarampur,Zilla Parishad Satara,Primary Health Sub-Center & Medical,Civil construction of Ayushman Bharat Health & Wellness Centre dispensary in Sitarampur,3490000.0,3490000.0,3412000.0,78000.0,Completed,2023-07-08,2023-09-05,2024-05-12,2023-24,17.75396,73.94348,True
MPLADS-2023-MA-0713,Shahu Chhatrapati,Lok Sabha,Kolhapur (Lok Sabha),Maharashtra,Kolhapur,Panhala,Shivpur,PWD Kolhapur,School Classroom & Education,"Erection of protective boundary wall and main gate for Government Senior Secondary School, Shivpur",1060000.0,1060000.0,996000.0,64000.0,Completed,2023-12-29,2024-01-20,2024-03-31,2023-24,16.60897,74.12676,True
MPLADS-2023-BI-0714,Raj Bhushan Choudhary,Lok Sabha,Muzaffarpur (Lok Sabha),Bihar,Muzaffarpur,Motipur,Rampur,Rural Works Dept Bihar,Rural Road & Culvert,Laying of heavy-duty interlocking paver block street in Rampur settlement,3440000.0,3440000.0,3258000.0,182000.0,Completed,2023-10-11,2023-11-09,2024-06-20,2023-24,26.28073,85.22928,True
MPLADS-2023-GU-0715,Hasmukh Patel,Lok Sabha,Ahmedabad East (Lok Sabha),Gujarat,Ahmedabad,Daskroi,Anand Vihar,Gujarat Water Supply Board (GWSSB),Drinking Water Facility,Deployment of solar water pumping system and distribution cistern in Anand Vihar,710000.0,532000.0,188000.0,344000.0,In Progress,2023-04-25,2023-05-16,,2023-24,23.23676,72.69587,True
MPLADS-2023-AP-0716,Daggubati Purandeswari,Lok Sabha,Rajahmundry (Lok Sabha),Andhra Pradesh,East Godavari,Anaparthy,Panchavati,AP PWD,Rural Road & Culvert,Inter-hamlet link road paving connecting agricultural mandi to Panchavati,530000.0,530000.0,516000.0,14000.0,Completed,2023-06-19,2023-08-05,2024-01-10,2023-24,16.68751,81.96179,True
MPLADS-2023-MP-0717,Lata Wankhede,Lok Sabha,Sagar (Lok Sabha),Madhya Pradesh,Sagar,Khurai,Chitrakoot,DRDA Sagar,Drinking Water Facility,Installation of fluorosis/arsenic filtration drinking water unit in Chitrakoot school campus,570000.0,570000.0,550000.0,20000.0,Completed,2023-11-26,2024-01-02,2024-03-16,2023-24,23.70243,78.98835,True
MPLADS-2023-BI-0718,Rajiv Pratap Rudy,Lok Sabha,Saran (Lok Sabha),Bihar,Saran,Dighwara,Sitarampur,Saran DRDA,Rural Road & Culvert,Construction of cement concrete (CC) internal village road at Sitarampur,2690000.0,2690000.0,2573000.0,117000.0,Completed,2023-06-24,2023-07-14,2024-02-15,2023-24,25.99544,84.40739,True
MPLADS-2023-KA-0719,Capt. Brijesh Chowta,Lok Sabha,Dakshina Kannada (Lok Sabha),Karnataka,Dakshina Kannada,Moodbidri,Adarsh Nagar,Zilla Panchayat Mangaluru,Community Infrastructure,Renovation and structural expansion of Gram Panchayat community auditorium in Adarsh Nagar,3300000.0,3300000.0,3220000.0,80000.0,Completed,2023-12-29,2024-02-25,2024-06-25,2023-24,13.06401,74.99781,True
MPLADS-2023-UT-0720,Trivendra Singh Rawat,Lok Sabha,Haridwar (Lok Sabha),Uttarakhand,Haridwar,Bhagwanpur,Tilak Nagar,PWD Uttarakhand,Solar & Public Lighting,Installation of 30 standalone LED solar street lights across major junctions in Tilak Nagar,830000.0,830000.0,798000.0,32000.0,Completed,2023-12-25,2024-01-19,2024-02-26,2023-24,29.95528,78.48094,True
MPLADS-2023-KA-0721,Pralhad Joshi,Lok Sabha,Dharwad (Lok Sabha),Karnataka,Dharwad,Navalgund,Surya Nagar,Hubballi-Dharwad Smart City,Rural Road & Culvert,Inter-hamlet link road paving connecting agricultural mandi to Surya Nagar,3240000.0,2430000.0,1747000.0,683000.0,In Progress,2024-01-02,2024-02-01,,2023-24,15.31438,74.80695,True
MPLADS-2023-HA-0722,Rao Inderjit Singh,Lok Sabha,Gurgaon (Lok Sabha),Haryana,Gurugram,Pataudi,Madhavpuram,Haryana PWD (B&R),Community Infrastructure,Construction of multipurpose community hall / Barat Ghar in Madhavpuram,4770000.0,3816000.0,1868000.0,1948000.0,In Progress,2021-11-30,2021-12-30,,2023-24,28.18451,76.92141,True
MPLADS-2023-PU-0723,Gurjeet Singh Aujla,Lok Sabha,Amritsar (Lok Sabha),Punjab,Amritsar,Jandiala,Rampur,Punjab Mandi Board,Rural Road & Culvert,Laying of heavy-duty interlocking paver block street in Rampur settlement,1980000.0,1980000.0,1875000.0,105000.0,Completed,2023-12-27,2024-01-16,2024-08-17,2023-24,31.28884,75.06091,True
MPLADS-2023-BI-0724,Ajay Kumar Mandal,Lok Sabha,Bhagalpur (Lok Sabha),Bihar,Bhagalpur,Kahalgaon,Surya Nagar,PWD Bhagalpur,Drinking Water Facility,Upgradation of pipeline distribution and community water tap stands in Surya Nagar,940000.0,940000.0,908000.0,32000.0,Completed,2023-12-31,2024-01-26,2024-05-06,2023-24,25.00578,86.88182,True
MPLADS-2023-KA-0725,Dr. C. N. Manjunath,Lok Sabha,Bangalore Rural (Lok Sabha),Karnataka,Bangalore Rural,Hosakote,Gandhi Gram,PWD Karnataka,Rural Road & Culvert,Bituminous road widening and storm-water drainage culvert in Gandhi Gram,1350000.0,1350000.0,1271000.0,79000.0,Completed,2023-10-20,2023-11-12,2024-03-31,2023-24,13.60646,77.86679,True
MPLADS-2023-BI-0726,Jitan Ram Manjhi,Lok Sabha,Gaya (Lok Sabha),Bihar,Gaya,Wazirganj,Tagore Pally,PHED Bihar,Community Infrastructure,Development of public cultural center and community shed at Tagore Pally,2640000.0,2640000.0,2608000.0,32000.0,Completed,2023-12-13,2024-01-22,2024-06-23,2023-24,24.51821,84.72572,True
MPLADS-2023-UP-0727,Ramesh Awasthi,Lok Sabha,Kanpur (Lok Sabha),Uttar Pradesh,Kanpur Nagar,Bidhnu,Sardar Patel Nagar,Kanpur Development Authority,Rural Road & Culvert,Bituminous road widening and storm-water drainage culvert in Sardar Patel Nagar,660000.0,660000.0,637000.0,23000.0,Completed,2023-11-06,2023-12-12,2024-05-24,2023-24,26.29746,80.03973,True
MPLADS-2023-KA-0728,Tejasvi Surya,Lok Sabha,Bangalore South (Lok Sabha),Karnataka,Bangalore Urban,Padmanabhanagar,Sardar Patel Nagar,Karnataka Urban Infra Dev Corp,Rural Road & Culvert,Bituminous road widening and storm-water drainage culvert in Sardar Patel Nagar,1340000.0,1340000.0,1323000.0,17000.0,Completed,2023-08-13,2023-09-04,2024-01-22,2023-24,12.90662,77.7817,True
MPLADS-2023-UP-0729,S. P. Singh Baghel,Lok Sabha,Agra (Lok Sabha),Uttar Pradesh,Agra,Fatehabad,Indira Nagar,UP Jal Nigam,Rural Road & Culvert,Bituminous road widening and storm-water drainage culvert in Indira Nagar,1700000.0,1700000.0,1659000.0,41000.0,Completed,2023-07-08,2023-08-09,2023-11-30,2023-24,27.43175,77.92435,True
MPLADS-2023-RA-0730,Om Birla,Lok Sabha,Kota (Lok Sabha),Rajasthan,Kota,Digod,Subhash Nagar,Urban Improvement Trust Kota,Community Infrastructure,Renovation and structural expansion of Gram Panchayat community auditorium in Subhash Nagar,1710000.0,1710000.0,1635000.0,75000.0,Completed,2023-04-27,2023-06-08,2024-01-03,2023-24,25.36191,75.68768,True
MPLADS-2023-UP-0731,S. P. Singh Baghel,Lok Sabha,Agra (Lok Sabha),Uttar Pradesh,Agra,Bichpuri,Chandrapur,Agra Development Authority,Solar & Public Lighting,Illumination of village approach road and panchayat center with dusk-to-dawn solar luminaires at Chandrapur,450000.0,450000.0,428000.0,22000.0,Completed,2023-08-22,2023-10-06,2024-01-04,2023-24,27.1706,77.8921,True
MPLADS-2023-UP-0732,Praveen Patel,Lok Sabha,Prayagraj (Lok Sabha),Uttar Pradesh,Prayagraj,Soraon,Subhash Nagar,PWD Prayagraj,Drinking Water Facility,Upgradation of pipeline distribution and community water tap stands in Subhash Nagar,1410000.0,1410000.0,1348000.0,62000.0,Completed,2023-12-27,2024-02-17,2024-06-15,2023-24,25.35463,82.11734,True
MPLADS-2023-MA-0733,Balwant Wankhade,Lok Sabha,Amravati (Lok Sabha),Maharashtra,Amravati,Achalpur,Panchavati,Zilla Parishad Amravati,Solar & Public Lighting,Erection of high-mast 16-meter LED solar illumination tower near market square in Panchavati,640000.0,640000.0,600000.0,40000.0,Completed,2023-05-21,2023-07-03,2023-09-01,2023-24,21.28015,77.571,True
MPLADS-2023-PU-0734,Gurjeet Singh Aujla,Lok Sabha,Amritsar (Lok Sabha),Punjab,Amritsar,Ajnala,Gandhi Gram,Amritsar Municipal Corp,Drinking Water Facility,Deployment of solar water pumping system and distribution cistern in Gandhi Gram,1370000.0,1370000.0,1345000.0,25000.0,Completed,2023-09-25,2023-11-14,2024-02-22,2023-24,31.3314,74.8156,True
MPLADS-2023-RA-0735,Manju Sharma,Lok Sabha,Jaipur (Lok Sabha),Rajasthan,Jaipur,Amer,Green Park,PHED Rajasthan,Primary Health Sub-Center & Medical,Procurement and fabrication of Advanced Life Support (ALS) mobile ambulance for Green Park block,1580000.0,1580000.0,1553000.0,27000.0,Completed,2023-05-02,2023-06-22,2024-01-29,2023-24,26.90892,75.81003,True
MPLADS-2023-RA-0736,Manju Sharma,Lok Sabha,Jaipur (Lok Sabha),Rajasthan,Jaipur,Amer,Sardar Patel Nagar,Rajasthan PWD,Drinking Water Facility,Deployment of solar water pumping system and distribution cistern in Sardar Patel Nagar,1470000.0,882000.0,504000.0,378000.0,In Progress,2022-03-27,2022-04-26,,2023-24,26.97688,75.4435,True
MPLADS-2023-RA-0737,Manna Lal Rawat,Lok Sabha,Udaipur (Lok Sabha),Rajasthan,Udaipur,Kherwara,Tilak Nagar,PWD Udaipur,Rural Road & Culvert,Inter-hamlet link road paving connecting agricultural mandi to Tilak Nagar,3060000.0,3060000.0,2884000.0,176000.0,Completed,2023-08-16,2023-09-18,2024-02-15,2023-24,24.43969,73.81023,True
MPLADS-2023-BI-0738,Raj Bhushan Choudhary,Lok Sabha,Muzaffarpur (Lok Sabha),Bihar,Muzaffarpur,Sakra,Madhavpuram,Muzaffarpur Zilla Parishad,Rural Road & Culvert,Bituminous road widening and storm-water drainage culvert in Madhavpuram,2100000.0,1575000.0,1054000.0,521000.0,In Progress,2023-09-25,2023-10-10,,2023-24,26.26472,85.39919,True
MPLADS-2023-PU-0739,Gurjeet Singh Aujla,Lok Sabha,Amritsar (Lok Sabha),Punjab,Amritsar,Jandiala,Patel Nagar,Punjab PWD,Drinking Water Facility,Installation of 1000 LPH RO drinking water purification kiosk in Patel Nagar,1240000.0,930000.0,328000.0,602000.0,In Progress,2023-09-30,2023-10-15,,2023-24,31.96412,74.89847,True
MPLADS-2023-GO-0740,Shripad Yesso Naik,Lok Sabha,North Goa (Lok Sabha),Goa,North Goa,Sattari,Lakshmipuram,DRDA North Goa,Solar & Public Lighting,Erection of high-mast 16-meter LED solar illumination tower near market square in Lakshmipuram,1530000.0,1530000.0,1486000.0,44000.0,Completed,2023-09-14,2023-10-13,2023-12-07,2023-24,15.24985,73.64001,True
MPLADS-2023-PU-0741,Gurjeet Singh Aujla,Lok Sabha,Amritsar (Lok Sabha),Punjab,Amritsar,Attari,Rajendra Nagar,Amritsar Municipal Corp,Rural Road & Culvert,Laying of heavy-duty interlocking paver block street in Rajendra Nagar settlement,1040000.0,780000.0,455000.0,325000.0,In Progress,2023-06-30,2023-07-26,,2023-24,31.41028,74.71973,True
MPLADS-2023-BI-0742,Raj Bhushan Choudhary,Lok Sabha,Muzaffarpur (Lok Sabha),Bihar,Muzaffarpur,Motipur,Chitrakoot,Rural Works Dept Bihar,Rural Road & Culvert,Construction of cement concrete (CC) internal village road at Chitrakoot,930000.0,930000.0,896000.0,34000.0,Completed,2023-08-04,2023-09-15,2024-04-26,2023-24,25.867,85.54001,True
MPLADS-2023-UP-0743,Praveen Patel,Lok Sabha,Prayagraj (Lok Sabha),Uttar Pradesh,Prayagraj,Meja,Shivpur,DRDA Prayagraj,Rural Road & Culvert,Construction of cement concrete (CC) internal village road at Shivpur,2790000.0,1674000.0,1141000.0,533000.0,In Progress,2022-01-18,2022-02-17,,2023-24,25.50555,82.05098,True
MPLADS-2023-UP-0744,Praveen Patel,Lok Sabha,Prayagraj (Lok Sabha),Uttar Pradesh,Prayagraj,Jasra,Devipura,UP Jal Sansthan,Rural Road & Culvert,Bituminous road widening and storm-water drainage culvert in Devipura,1940000.0,1940000.0,1877000.0,63000.0,Completed,2023-11-14,2024-01-04,2024-06-04,2023-24,25.12491,81.98073,True
MPLADS-2023-KE-0745,Shashi Tharoor,Lok Sabha,Thiruvananthapuram (Lok Sabha),Kerala,Thiruvananthapuram,Nemom,Kalyanpur,Thiruvananthapuram Corp,School Classroom & Education,"Provision of STEM science laboratory equipment, computer lab furniture and student desks at Kalyanpur",1680000.0,1680000.0,1404000.0,276000.0,In Progress,2021-09-21,2021-10-21,,2023-24,8.42142,76.78739,True
MPLADS-2023-ME-0746,Ricky Andrew Syngkon,Lok Sabha,Shillong (Lok Sabha),Meghalaya,East Khasi Hills,Mylliem,Hanuman Nagar,Shillong Municipal Board,Rural Road & Culvert,Bituminous road widening and storm-water drainage culvert in Hanuman Nagar,810000.0,608000.0,204000.0,404000.0,In Progress,2023-09-30,2023-11-02,,2023-24,25.87512,92.18721,True
MPLADS-2023-UP-0747,Ramesh Awasthi,Lok Sabha,Kanpur (Lok Sabha),Uttar Pradesh,Kanpur Nagar,Bidhnu,Tilak Nagar,Kanpur Development Authority,Drinking Water Facility,Deployment of solar water pumping system and distribution cistern in Tilak Nagar,570000.0,570000.0,556000.0,14000.0,Completed,2023-06-16,2023-07-28,2023-10-17,2023-24,26.34377,80.05465,True
MPLADS-2023-RA-0748,Om Birla,Lok Sabha,Kota (Lok Sabha),Rajasthan,Kota,Sangod,Sundar Nagar,DRDA Kota,Rural Road & Culvert,Bituminous road widening and storm-water drainage culvert in Sundar Nagar,2830000.0,2122000.0,1096000.0,1026000.0,In Progress,2023-09-11,2023-10-05,,2023-24,25.41368,75.8497,True
MPLADS-2023-UP-0749,Praveen Patel,Lok Sabha,Prayagraj (Lok Sabha),Uttar Pradesh,Prayagraj,Jasra,Green Park,DRDA Prayagraj,Rural Road & Culvert,Construction of cement concrete (CC) internal village road at Green Park,1470000.0,1470000.0,1424000.0,46000.0,Completed,2023-07-03,2023-07-26,2024-02-24,2023-24,25.57119,81.78606,True
MPLADS-2023-TE-0750,Kadiyam Kavya,Lok Sabha,Warangal (Lok Sabha),Telangana,Warangal,Kazipet,Bhavani Peth,Mission Bhagiratha,Drinking Water Facility,Installation of fluorosis/arsenic filtration drinking water unit in Bhavani Peth school campus,1120000.0,1120000.0,1068000.0,52000.0,Completed,2023-12-30,2024-02-17,2024-04-12,2023-24,18.02557,79.53939,True
MPLADS-2023-OD-0751,Bhartruhari Mahtab,Lok Sabha,Cuttack (Lok Sabha),Odisha,Cuttack,Salepur,Surya Nagar,Cuttack Municipal Corp,Rural Road & Culvert,Bituminous road widening and storm-water drainage culvert in Surya Nagar,3480000.0,1740000.0,1155000.0,585000.0,In Progress,2023-10-03,2023-10-19,,2023-24,20.35704,86.12693,True
MPLADS-2023-GO-0752,Shripad Yesso Naik,Lok Sabha,North Goa (Lok Sabha),Goa,North Goa,Pernem,Navi Vasti,Goa Waste Management Corp,School Classroom & Education,"Installation of rooftop solar generation system and clean drinking facility in Govt School, Navi Vasti",1060000.0,1060000.0,1039000.0,21000.0,Completed,2023-04-29,2023-05-28,2023-08-14,2023-24,15.40512,73.49624,True
MPLADS-2023-KA-0753,Yaduveer Krishnadatta Chamaraja Wadiyar,Lok Sabha,Mysore (Lok Sabha),Karnataka,Mysuru,Hunsur,Kalyanpur,Mysore Urban Dev Authority,Solar & Public Lighting,Installation of 30 standalone LED solar street lights across major junctions in Kalyanpur,1460000.0,1095000.0,98000.0,997000.0,Stalled,2021-06-05,2021-07-21,,2023-24,12.5154,76.3942,True
MPLADS-2023-MA-0754,Praniti Shinde,Lok Sabha,Solapur (Lok Sabha),Maharashtra,Solapur,South Solapur,Tilak Nagar,Solapur Municipal Corp,Primary Health Sub-Center & Medical,Civil construction of Ayushman Bharat Health & Wellness Centre dispensary in Tilak Nagar,2070000.0,2070000.0,1980000.0,90000.0,Completed,2023-11-14,2023-12-20,2024-05-27,2023-24,17.3519,76.00612,True
MPLADS-2023-KE-0755,Hibi Eden,Lok Sabha,Ernakulam (Lok Sabha),Kerala,Ernakulam,Angamaly,Rampur,Kochi Municipal Corp,Drinking Water Facility,Installation of fluorosis/arsenic filtration drinking water unit in Rampur school campus,1320000.0,1320000.0,1285000.0,35000.0,Completed,2024-01-09,2024-02-22,2024-05-16,2023-24,10.12815,76.24647,True
MPLADS-2023-MA-0756,Naresh Mhaske,Lok Sabha,Thane (Lok Sabha),Maharashtra,Thane,Thane Rural,Adarsh Nagar,Zilla Parishad Thane,Sanitation & Public Amenities,Modern Sulabh-type public sanitation facility with running water and septic tank in Adarsh Nagar bus stand,800000.0,800000.0,631000.0,169000.0,In Progress,2023-07-22,2023-08-09,,2023-24,18.92235,73.1128,True
MPLADS-2023-GU-0757,Hemang Joshi,Lok Sabha,Vadodara (Lok Sabha),Gujarat,Vadodara,Karjan,Hanuman Nagar,Gujarat Urban Dev Mission,Rural Road & Culvert,Inter-hamlet link road paving connecting agricultural mandi to Hanuman Nagar,2440000.0,1952000.0,797000.0,1155000.0,In Progress,2021-12-25,2022-01-24,,2023-24,22.15474,73.2103,True
MPLADS-2023-UP-0758,Arun Govil,Lok Sabha,Meerut (Lok Sabha),Uttar Pradesh,Meerut,Rajpura,Vikas Nagar,Meerut Development Authority,Rural Road & Culvert,Construction of reinforced concrete box culvert on arterial approach road at Vikas Nagar,1620000.0,1620000.0,1545000.0,75000.0,Completed,2023-08-02,2023-08-19,2024-03-19,2023-24,28.66648,77.57661,True
MPLADS-2023-BI-0759,Ravi Shankar Prasad,Lok Sabha,Patna Sahib (Lok Sabha),Bihar,Patna,Phulwari Sharif,Balarampur,Bihar Rajya Pul Nirman Nigam,Community Infrastructure,Development of public cultural center and community shed at Balarampur,2600000.0,2600000.0,2459000.0,141000.0,Completed,2023-09-30,2023-11-09,2024-06-20,2023-24,25.87166,85.1401,True
MPLADS-2023-RA-0760,Gajendra Singh Shekhawat,Lok Sabha,Jodhpur (Lok Sabha),Rajasthan,Jodhpur,Luni,Rajendra Nagar,Rajasthan PWD,School Classroom & Education,"Construction of two additional smart classrooms in Zilla Parishad High School, Rajendra Nagar",1530000.0,1530000.0,1474000.0,56000.0,Completed,2023-11-24,2023-12-18,2024-06-08,2023-24,26.03985,73.15132,True
MPLADS-2023-MA-0761,Nitin Gadkari,Lok Sabha,Nagpur (Lok Sabha),Maharashtra,Nagpur,Ramtek,Chitrakoot,Zilla Parishad Nagpur,Solar & Public Lighting,Illumination of village approach road and panchayat center with dusk-to-dawn solar luminaires at Chitrakoot,680000.0,680000.0,676000.0,4000.0,Completed,2023-09-21,2023-10-14,2023-11-15,2023-24,21.41928,79.28012,True
MPLADS-2023-MP-0762,Shankar Lalwani,Lok Sabha,Indore (Lok Sabha),Madhya Pradesh,Indore,Depalpur,Chitrakoot,PWD Indore,Rural Road & Culvert,Bituminous road widening and storm-water drainage culvert in Chitrakoot,2200000.0,2200000.0,2179000.0,21000.0,Completed,2023-05-20,2023-07-05,2024-02-20,2023-24,22.97687,76.06587,True
MPLADS-2023-UP-0763,Atul Garg,Lok Sabha,Ghaziabad (Lok Sabha),Uttar Pradesh,Ghaziabad,Muradnagar,Shivaji Nagar,UP Jal Nigam,Rural Road & Culvert,Inter-hamlet link road paving connecting agricultural mandi to Shivaji Nagar,980000.0,980000.0,931000.0,49000.0,Completed,2024-01-21,2024-02-22,2024-09-16,2023-24,28.49976,77.43508,True
MPLADS-2023-BI-0764,Gopal Jee Thakur,Lok Sabha,Darbhanga (Lok Sabha),Bihar,Darbhanga,Keoti,Anand Vihar,Darbhanga Municipal Corp,Community Infrastructure,Construction of multipurpose community hall / Barat Ghar in Anand Vihar,2770000.0,2770000.0,2713000.0,57000.0,Completed,2023-10-23,2023-11-25,2024-07-14,2023-24,26.06091,86.13318,True
MPLADS-2023-TN-0765,Dayanidhi Maran,Lok Sabha,Chennai Central (Lok Sabha),Tamil Nadu,Chennai,Anna Nagar,Nandgaon,TN PWD,Community Infrastructure,Renovation and structural expansion of Gram Panchayat community auditorium in Nandgaon,2420000.0,2420000.0,2379000.0,41000.0,Completed,2023-04-22,2023-06-19,2023-12-18,2023-24,13.22252,80.31326,True
MPLADS-2023-MA-0766,Rajabhau Waje,Lok Sabha,Nashik (Lok Sabha),Maharashtra,Nashik,Sinnar,Hanuman Nagar,DRDA Nashik,School Classroom & Education,"Installation of rooftop solar generation system and clean drinking facility in Govt School, Hanuman Nagar",2220000.0,2220000.0,2132000.0,88000.0,Completed,2023-10-16,2023-11-14,2024-03-12,2023-24,20.09724,74.06989,True
MPLADS-2023-GU-0767,Hasmukh Patel,Lok Sabha,Ahmedabad East (Lok Sabha),Gujarat,Ahmedabad,Nikol,Kalyanpur,Ahmedabad Municipal Corp (AMC),Drinking Water Facility,Installation of fluorosis/arsenic filtration drinking water unit in Kalyanpur school campus,600000.0,450000.0,315000.0,135000.0,In Progress,2023-05-04,2023-06-09,,2023-24,23.1914,72.30143,True
MPLADS-2023-GU-0768,Hasmukh Patel,Lok Sabha,Ahmedabad East (Lok Sabha),Gujarat,Ahmedabad,Daskroi,Rajendra Nagar,Ahmedabad Municipal Corp (AMC),Rural Road & Culvert,Bituminous road widening and storm-water drainage culvert in Rajendra Nagar,1460000.0,1460000.0,1441000.0,19000.0,Completed,2024-02-02,2024-02-19,2024-09-06,2023-24,23.35749,72.37079,True
MPLADS-2023-WB-0769,Jagannath Sarkar,Lok Sabha,Ranaghat (Lok Sabha),West Bengal,Nadia,Hanskhali,Lakshmipuram,Zilla Parishad Nadia,Solar & Public Lighting,Erection of high-mast 16-meter LED solar illumination tower near market square in Lakshmipuram,330000.0,330000.0,324000.0,6000.0,Completed,2023-08-19,2023-09-07,2023-12-01,2023-24,23.12481,88.35637,True
MPLADS-2023-BI-0770,Raj Bhushan Choudhary,Lok Sabha,Muzaffarpur (Lok Sabha),Bihar,Muzaffarpur,Kanti,Shanti Nagar,Muzaffarpur Zilla Parishad,Drinking Water Facility,Upgradation of pipeline distribution and community water tap stands in Shanti Nagar,550000.0,550000.0,542000.0,8000.0,Completed,2023-11-01,2023-12-08,2024-03-17,2023-24,26.01918,85.49973,True
MPLADS-2023-MP-0771,Alok Sharma,Lok Sabha,Bhopal (Lok Sabha),Madhya Pradesh,Bhopal,Phanda,Panchavati,Bhopal Municipal Corp,School Classroom & Education,"Erection of protective boundary wall and main gate for Government Senior Secondary School, Panchavati",1220000.0,915000.0,531000.0,384000.0,In Progress,2023-04-08,2023-05-13,,2023-24,23.25951,77.28409,True
MPLADS-2023-AS-0772,Sarbananda Sonowal,Lok Sabha,Dibrugarh (Lok Sabha),Assam,Dibrugarh,Naharkatia,Rampur,DRDA Dibrugarh,Community Infrastructure,Development of public cultural center and community shed at Rampur,3720000.0,2976000.0,1812000.0,1164000.0,In Progress,2022-02-07,2022-03-09,,2023-24,27.66487,94.98266,True
MPLADS-2023-WB-0773,Shatrughan Sinha,Lok Sabha,Asansol (Lok Sabha),West Bengal,Paschim Bardhaman,Kulti,Anand Vihar,Asansol Durgapur Dev Authority,Rural Road & Culvert,Inter-hamlet link road paving connecting agricultural mandi to Anand Vihar,2940000.0,2940000.0,2912000.0,28000.0,Completed,2023-09-02,2023-09-18,2024-04-22,2023-24,23.77814,86.9216,True
MPLADS-2023-MP-0774,Ashish Dubey,Lok Sabha,Jabalpur (Lok Sabha),Madhya Pradesh,Jabalpur,Patan,Shanti Nagar,DRDA Jabalpur,Community Infrastructure,Construction of cremation ground covered shed (Shmashan Ghat) with solar lights in Shanti Nagar,1900000.0,1900000.0,1852000.0,48000.0,Completed,2023-11-21,2023-12-17,2024-08-31,2023-24,23.13661,79.83592,True
MPLADS-2023-AS-0775,Parimal Suklabaidya,Lok Sabha,Silchar (Lok Sabha),Assam,Cachar,Udharbond,Patel Nagar,Assam PWD,Primary Health Sub-Center & Medical,Upgradation of Primary Health Sub-Center with maternity care and diagnostics room at Patel Nagar,3490000.0,3490000.0,3364000.0,126000.0,Completed,2023-05-16,2023-06-06,2024-02-08,2023-24,25.00826,92.86558,True
MPLADS-2023-AP-0776,M. Sribharat,Lok Sabha,Visakhapatnam (Lok Sabha),Andhra Pradesh,Visakhapatnam,Gajuwaka,Panchavati,AP RWS,Rural Road & Culvert,Inter-hamlet link road paving connecting agricultural mandi to Panchavati,3060000.0,3060000.0,2897000.0,163000.0,Completed,2023-07-24,2023-08-21,2024-03-18,2023-24,18.00219,83.11393,True
MPLADS-2023-GU-0777,Parshottam Rupala,Lok Sabha,Rajkot (Lok Sabha),Gujarat,Rajkot,Jetpur,Surya Nagar,Rajkot Urban Dev Authority (RUDA),Rural Road & Culvert,Construction of reinforced concrete box culvert on arterial approach road at Surya Nagar,1350000.0,1012000.0,815000.0,197000.0,In Progress,2023-08-14,2023-10-10,,2023-24,21.95681,71.08854,True
MPLADS-2023-UP-0778,Narendra Modi,Lok Sabha,Varanasi (Lok Sabha),Uttar Pradesh,Varanasi,Sevapuri,Surya Nagar,PWD Varanasi,Community Infrastructure,Construction of multi-utility cyclone / flood safety community shelter at Surya Nagar,2610000.0,2610000.0,2601000.0,9000.0,Completed,2024-01-18,2024-02-12,2024-07-30,2023-24,25.39899,82.89922,True
MPLADS-2023-UP-0779,Hema Malini,Lok Sabha,Mathura (Lok Sabha),Uttar Pradesh,Mathura,Chaumuhan,Bhojpur,PWD Mathura,Primary Health Sub-Center & Medical,Procurement and fabrication of Advanced Life Support (ALS) mobile ambulance for Bhojpur block,1890000.0,1134000.0,625000.0,509000.0,In Progress,2022-03-02,2022-04-01,,2023-24,27.58441,77.8727,True
MPLADS-2023-HP-0780,Suresh Kumar Kashyap,Lok Sabha,Shimla (Lok Sabha),Himachal Pradesh,Shimla,Kasumpti,Kaveri Nagar,HP Jal Shakti Vibhag,Rural Road & Culvert,Construction of cement concrete (CC) internal village road at Kaveri Nagar,870000.0,870000.0,848000.0,22000.0,Completed,2024-01-29,2024-02-13,2024-06-02,2023-24,31.15506,76.8411,True
MPLADS-2023-HA-0781,Rao Inderjit Singh,Lok Sabha,Gurgaon (Lok Sabha),Haryana,Gurugram,Farrukhnagar,Sitarampur,Haryana Shehri Vikas Pradhikaran,Sports & Youth Welfare,Development of rural youth sports playground with multi-sport court and chain-link fencing at Sitarampur,520000.0,520000.0,496000.0,24000.0,Completed,2023-07-23,2023-09-17,2023-12-19,2023-24,28.64877,77.13808,True
MPLADS-2023-BI-0782,Jitan Ram Manjhi,Lok Sabha,Gaya (Lok Sabha),Bihar,Gaya,Sherghati,Shivpur,Rural Works Dept Bihar,Solar & Public Lighting,Installation of 30 standalone LED solar street lights across major junctions in Shivpur,360000.0,270000.0,102000.0,168000.0,In Progress,2023-06-02,2023-07-25,,2023-24,24.56784,84.70437,True
MPLADS-2023-TN-0783,Robert Bruce,Lok Sabha,Tirunelveli (Lok Sabha),Tamil Nadu,Tirunelveli,Ambasamudram,Kalyanpur,DRDA Tirunelveli,Community Infrastructure,Construction of multipurpose community hall / Barat Ghar in Kalyanpur,4200000.0,4200000.0,4088000.0,112000.0,Completed,2024-02-15,2024-04-01,2025-01-08,2023-24,8.99971,77.97268,True
MPLADS-2023-MA-0784,Naresh Mhaske,Lok Sabha,Thane (Lok Sabha),Maharashtra,Thane,Thane Rural,Anand Vihar,MMRDA,Solar & Public Lighting,Installation of 30 standalone LED solar street lights across major junctions in Anand Vihar,360000.0,360000.0,350000.0,10000.0,Completed,2023-09-25,2023-10-31,2023-12-10,2023-24,19.23352,72.80625,True
MPLADS-2023-MA-0785,Arvind Sawant,Lok Sabha,Mumbai South (Lok Sabha),Maharashtra,Mumbai South,Sewri,Ambedkar Basti,BMC Mumbai,Rural Road & Culvert,Construction of reinforced concrete box culvert on arterial approach road at Ambedkar Basti,2040000.0,2040000.0,1943000.0,97000.0,Completed,2023-07-20,2023-08-13,2024-02-02,2023-24,18.6858,72.54381,True
MPLADS-2023-MA-0786,Bimol Akoijam,Lok Sabha,Inner Manipur (Lok Sabha),Manipur,Imphal East,Sawombung,Rajendra Nagar,Manipur DRDA,Rural Road & Culvert,Construction of cement concrete (CC) internal village road at Rajendra Nagar,1550000.0,1162000.0,892000.0,270000.0,In Progress,2023-08-29,2023-10-18,,2023-24,24.74696,93.72194,True
MPLADS-2023-MA-0787,Arvind Sawant,Lok Sabha,Mumbai South (Lok Sabha),Maharashtra,Mumbai South,Malabar Hill,Kalyanpur,MHADA,School Classroom & Education,Upgradation of primary school infrastructure with disabled-friendly ramps and smart board in Kalyanpur,1190000.0,1190000.0,1160000.0,30000.0,Completed,2023-12-06,2024-01-03,2024-04-06,2023-24,19.15992,72.92144,True
MPLADS-2023-KE-0788,Suresh Gopi,Lok Sabha,Thrissur (Lok Sabha),Kerala,Thrissur,Chalakudy,Anand Vihar,Thrissur Corp,Drinking Water Facility,Upgradation of pipeline distribution and community water tap stands in Anand Vihar,1650000.0,1320000.0,760000.0,560000.0,In Progress,2021-11-17,2021-12-17,,2023-24,10.38303,76.44308,True
MPLADS-2023-TE-0789,Kadiyam Kavya,Lok Sabha,Warangal (Lok Sabha),Telangana,Warangal,Parkal,Gopalganj,Greater Warangal Municipal Corp,Rural Road & Culvert,Inter-hamlet link road paving connecting agricultural mandi to Gopalganj,1790000.0,1432000.0,635000.0,797000.0,In Progress,2021-12-22,2022-01-21,,2023-24,17.83902,79.25084,True
MPLADS-2023-MA-0790,Bimol Akoijam,Lok Sabha,Inner Manipur (Lok Sabha),Manipur,Imphal East,Keirao Bitra,Kaveri Nagar,Manipur DRDA,Community Infrastructure,Construction of multi-utility cyclone / flood safety community shelter at Kaveri Nagar,4280000.0,3210000.0,1543000.0,1667000.0,In Progress,2024-01-13,2024-02-11,,2023-24,24.83608,93.65884,True
MPLADS-2023-BI-0791,Jitan Ram Manjhi,Lok Sabha,Gaya (Lok Sabha),Bihar,Gaya,Manpur,Nandgaon,Rural Works Dept Bihar,Solar & Public Lighting,Installation of solar mini-grid powered street lighting and battery bank at Nandgaon,550000.0,412000.0,185000.0,227000.0,In Progress,2023-07-11,2023-08-15,,2023-24,25.13458,84.94507,True
MPLADS-2023-MA-0792,Praniti Shinde,Lok Sabha,Solapur (Lok Sabha),Maharashtra,Solapur,South Solapur,Shivaji Nagar,Solapur Municipal Corp,School Classroom & Education,"Installation of rooftop solar generation system and clean drinking facility in Govt School, Shivaji Nagar",2620000.0,2620000.0,2587000.0,33000.0,Sanctioned,2021-08-17,2021-09-16,,2023-24,17.40164,76.2332,True
MPLADS-2023-UP-0793,Rajnath Singh,Lok Sabha,Lucknow (Lok Sabha),Uttar Pradesh,Lucknow,Sarojini Nagar,Sundar Nagar,Lucknow Development Authority,Community Infrastructure,Construction of multipurpose community hall / Barat Ghar in Sundar Nagar,4400000.0,3300000.0,1386000.0,1914000.0,In Progress,2023-09-02,2023-10-13,,2023-24,26.88622,80.81542,True
MPLADS-2023-KE-0794,Shashi Tharoor,Lok Sabha,Thiruvananthapuram (Lok Sabha),Kerala,Thiruvananthapuram,Neyyattinkara,Ganeshpur,Kerala PWD,Community Infrastructure,Construction of multipurpose community hall / Barat Ghar in Ganeshpur,11550000.0,11550000.0,8983000.0,2567000.0,In Progress,2021-08-07,2021-09-06,,2023-24,8.77707,77.09358,True
MPLADS-2023-WB-0795,Prasun Banerjee,Lok Sabha,Howrah (Lok Sabha),West Bengal,Howrah,Bally,Surya Nagar,Howrah Municipal Corp,School Classroom & Education,"Construction of two additional smart classrooms in Zilla Parishad High School, Surya Nagar",2370000.0,2370000.0,2234000.0,136000.0,Completed,2023-08-11,2023-08-29,2023-12-05,2023-24,22.29833,88.14413,True
MPLADS-2023-KE-0796,Suresh Gopi,Lok Sabha,Thrissur (Lok Sabha),Kerala,Thrissur,Kodungallur,Hanuman Nagar,Kerala Water Authority,Rural Road & Culvert,Construction of reinforced concrete box culvert on arterial approach road at Hanuman Nagar,1880000.0,1880000.0,1864000.0,16000.0,Completed,2023-09-11,2023-10-04,2024-04-16,2023-24,10.62343,76.33216,True
MPLADS-2023-RA-0797,Arjun Ram Meghwal,Lok Sabha,Bikaner (Lok Sabha),Rajasthan,Bikaner,Kolayat,Rajendra Nagar,Rajasthan PWD,Solar & Public Lighting,Installation of solar mini-grid powered street lighting and battery bank at Rajendra Nagar,1180000.0,885000.0,469000.0,416000.0,In Progress,2023-12-04,2024-01-08,,2023-24,28.17087,73.20901,True
MPLADS-2023-WB-0798,Raju Bista,Lok Sabha,Darjeeling (Lok Sabha),West Bengal,Darjeeling,Kurseong,Vivekananda Nagar,Gorkhaland Territorial Admin,Rural Road & Culvert,Bituminous road widening and storm-water drainage culvert in Vivekananda Nagar,540000.0,540000.0,511000.0,29000.0,Completed,2023-11-26,2023-12-24,2024-05-15,2023-24,27.2608,88.44942,True
MPLADS-2023-RA-0799,Om Birla,Lok Sabha,Kota (Lok Sabha),Rajasthan,Kota,Sangod,Ganeshpur,DRDA Kota,Solar & Public Lighting,Erection of high-mast 16-meter LED solar illumination tower near market square in Ganeshpur,1060000.0,795000.0,330000.0,465000.0,In Progress,2023-06-06,2023-06-27,,2023-24,25.1805,75.94913,True
MPLADS-2023-WB-0800,June Malia,Lok Sabha,Medinipur (Lok Sabha),West Bengal,Paschim Medinipur,Salboni,Green Park,Paschim Medinipur Zilla Parishad,Community Infrastructure,Development of public cultural center and community shed at Green Park,3900000.0,2340000.0,948000.0,1392000.0,In Progress,2022-02-27,2022-03-29,,2023-24,22.39829,87.15663,True
MPLADS-2023-GU-0801,Nimuben Bambhaniya,Lok Sabha,Bhavnagar (Lok Sabha),Gujarat,Bhavnagar,Talaja,Lakshmipuram,Gujarat PWD,Rural Road & Culvert,Construction of reinforced concrete box culvert on arterial approach road at Lakshmipuram,1080000.0,1080000.0,1015000.0,65000.0,Completed,2023-07-18,2023-08-29,2024-03-18,2023-24,21.60531,71.87037,True
MPLADS-2023-TE-0802,Bandi Sanjay Kumar,Lok Sabha,Karimnagar (Lok Sabha),Telangana,Karimnagar,Gangadhara,Patel Nagar,Karimnagar Smart City,Rural Road & Culvert,Laying of heavy-duty interlocking paver block street in Patel Nagar settlement,1030000.0,1030000.0,975000.0,55000.0,Completed,2023-12-28,2024-01-29,2024-05-10,2023-24,18.54104,79.45008,True
MPLADS-2023-WB-0803,Sudip Bandyopadhyay,Lok Sabha,Kolkata North (Lok Sabha),West Bengal,Kolkata,Shyampukur,Anand Vihar,Kolkata Municipal Corp,Rural Road & Culvert,Bituminous road widening and storm-water drainage culvert in Anand Vihar,1050000.0,1050000.0,991000.0,59000.0,Completed,2023-08-20,2023-09-10,2024-03-18,2023-24,22.30591,88.53375,True
MPLADS-2023-MA-0804,Bimol Akoijam,Lok Sabha,Inner Manipur (Lok Sabha),Manipur,Imphal East,Sawombung,Hanuman Nagar,Manipur PWD,Rural Road & Culvert,Inter-hamlet link road paving connecting agricultural mandi to Hanuman Nagar,2410000.0,2410000.0,2291000.0,119000.0,Completed,2024-01-31,2024-03-31,2024-10-29,2023-24,24.98436,94.18359,True
MPLADS-2023-MA-0805,Bimol Akoijam,Lok Sabha,Inner Manipur (Lok Sabha),Manipur,Imphal East,Porompat,Sundar Nagar,Manipur DRDA,Rural Road & Culvert,Bituminous road widening and storm-water drainage culvert in Sundar Nagar,1500000.0,1500000.0,1447000.0,53000.0,Completed,2023-06-12,2023-07-26,2023-10-29,2023-24,24.59126,93.77148,True
MPLADS-2023-UP-0806,S. P. Singh Baghel,Lok Sabha,Agra (Lok Sabha),Uttar Pradesh,Agra,Bichpuri,Rajendra Nagar,PWD Agra,School Classroom & Education,"Construction of two additional smart classrooms in Zilla Parishad High School, Rajendra Nagar",1530000.0,918000.0,512000.0,406000.0,In Progress,2022-01-12,2022-02-11,,2023-24,26.94381,77.76071,True
MPLADS-2023-UP-0807,Praveen Patel,Lok Sabha,Prayagraj (Lok Sabha),Uttar Pradesh,Prayagraj,Karchhana,Mahavir Nagar,UP Jal Sansthan,Community Infrastructure,Construction of cremation ground covered shed (Shmashan Ghat) with solar lights in Mahavir Nagar,4960000.0,3720000.0,1131000.0,2589000.0,In Progress,2023-12-06,2024-01-06,,2023-24,25.33264,81.99341,True
MPLADS-2023-RA-0808,Arjun Ram Meghwal,Lok Sabha,Bikaner (Lok Sabha),Rajasthan,Bikaner,Khajuwala,Green Park,Bikaner Municipal Corp,Solar & Public Lighting,Installation of 30 standalone LED solar street lights across major junctions in Green Park,390000.0,390000.0,378000.0,12000.0,Completed,2023-07-22,2023-09-01,2023-10-16,2023-24,28.07721,73.44896,True
MPLADS-2023-KA-0809,Yaduveer Krishnadatta Chamaraja Wadiyar,Lok Sabha,Mysore (Lok Sabha),Karnataka,Mysuru,Nanjangud,Devipura,Mysore Urban Dev Authority,Rural Road & Culvert,Laying of heavy-duty interlocking paver block street in Devipura settlement,2420000.0,1815000.0,1592000.0,223000.0,In Progress,2024-02-15,2024-03-18,,2023-24,12.55906,76.41187,True
MPLADS-2023-AS-0810,Sarbananda Sonowal,Lok Sabha,Dibrugarh (Lok Sabha),Assam,Dibrugarh,Naharkatia,Panchavati,Assam PWD Roads,Drinking Water Facility,Upgradation of pipeline distribution and community water tap stands in Panchavati,760000.0,760000.0,741000.0,19000.0,Completed,2024-01-22,2024-02-08,2024-05-18,2023-24,27.67953,94.95866,True
MPLADS-2023-TN-0811,Dayanidhi Maran,Lok Sabha,Chennai Central (Lok Sabha),Tamil Nadu,Chennai,Anna Nagar,Vivekananda Nagar,Greater Chennai Corporation,Solar & Public Lighting,Erection of high-mast 16-meter LED solar illumination tower near market square in Vivekananda Nagar,690000.0,690000.0,675000.0,15000.0,Completed,2023-12-24,2024-01-17,2024-03-06,2023-24,13.07348,79.96593,True
MPLADS-2023-BI-0812,Ravi Shankar Prasad,Lok Sabha,Patna Sahib (Lok Sabha),Bihar,Patna,Fatuha,Kaveri Nagar,Patna Municipal Corp,Drinking Water Facility,Deployment of solar water pumping system and distribution cistern in Kaveri Nagar,1130000.0,848000.0,73000.0,775000.0,Stalled,2021-09-23,2021-10-24,,2023-24,25.85921,85.33728,True
MPLADS-2023-RA-0813,Arjun Ram Meghwal,Lok Sabha,Bikaner (Lok Sabha),Rajasthan,Bikaner,Kolayat,Green Park,Bikaner Municipal Corp,Rural Road & Culvert,Bituminous road widening and storm-water drainage culvert in Green Park,1800000.0,1350000.0,783000.0,567000.0,In Progress,2023-08-27,2023-09-16,,2023-24,27.84701,73.43685,True
MPLADS-2023-MP-0814,Bharat Singh Kushwah,Lok Sabha,Gwalior (Lok Sabha),Madhya Pradesh,Gwalior,Ghatigaon,Lakshmipuram,Gwalior Municipal Corp,Drinking Water Facility,Deployment of solar water pumping system and distribution cistern in Lakshmipuram,770000.0,770000.0,750000.0,20000.0,Completed,2023-11-10,2023-12-31,2024-03-10,2023-24,26.04331,78.12422,True
MPLADS-2023-WB-0815,Abu Taher Khan,Lok Sabha,Murshidabad (Lok Sabha),West Bengal,Murshidabad,Domkal,Vikas Nagar,Zilla Parishad Murshidabad,School Classroom & Education,"Installation of rooftop solar generation system and clean drinking facility in Govt School, Vikas Nagar",2350000.0,2350000.0,2206000.0,144000.0,Completed,2023-11-10,2023-12-19,2024-06-15,2023-24,24.30461,88.18029,True
MPLADS-2023-TN-0816,S. Murasoli,Lok Sabha,Thanjavur (Lok Sabha),Tamil Nadu,Thanjavur,Pattukkottai,Nandgaon,Tamil Nadu TWAD Board,Community Infrastructure,Construction of multipurpose community hall / Barat Ghar in Nandgaon,4690000.0,2814000.0,1616000.0,1198000.0,In Progress,2022-01-09,2022-02-08,,2023-24,10.69818,79.22242,True
MPLADS-2023-AP-0817,Pemmasani Chandra Sekhar,Lok Sabha,Guntur (Lok Sabha),Andhra Pradesh,Guntur,Mangalagiri,Adarsh Nagar,AP Panchayat Raj Dept,Drinking Water Facility,Installation of 1000 LPH RO drinking water purification kiosk in Adarsh Nagar,990000.0,990000.0,946000.0,44000.0,Completed,2023-11-22,2024-01-09,2024-03-07,2023-24,16.19014,80.15468,True
MPLADS-2023-BI-0818,Gopal Jee Thakur,Lok Sabha,Darbhanga (Lok Sabha),Bihar,Darbhanga,Jale,Gopalganj,Darbhanga Municipal Corp,Sanitation & Public Amenities,Construction of community sanitary complex with dedicated women hygiene cubicles at Gopalganj,1100000.0,550000.0,386000.0,164000.0,In Progress,2023-06-13,2023-07-31,,2023-24,26.27718,86.13838,True
MPLADS-2023-BI-0819,Kaushlendra Kumar,Lok Sabha,Nalanda (Lok Sabha),Bihar,Nalanda,Biharsharif,Govindpur,PHED Bihar,Primary Health Sub-Center & Medical,Procurement and fabrication of Advanced Life Support (ALS) mobile ambulance for Govindpur block,1110000.0,1110000.0,1050000.0,60000.0,Completed,2023-06-18,2023-07-03,2023-12-22,2023-24,24.92072,85.18216,True
MPLADS-2023-RA-0820,Manna Lal Rawat,Lok Sabha,Udaipur (Lok Sabha),Rajasthan,Udaipur,Gogunda,Gopalganj,Udaipur Smart City,Drinking Water Facility,Installation of fluorosis/arsenic filtration drinking water unit in Gopalganj school campus,1030000.0,1030000.0,1017000.0,13000.0,Completed,2023-07-30,2023-08-25,2023-12-04,2023-24,24.83692,73.79451,True
MPLADS-2023-KA-0821,Tejasvi Surya,Lok Sabha,Bangalore South (Lok Sabha),Karnataka,Bangalore Urban,Basavanagudi,Navi Vasti,BBMP Bangalore,Sanitation & Public Amenities,Modern Sulabh-type public sanitation facility with running water and septic tank in Navi Vasti bus stand,570000.0,428000.0,166000.0,262000.0,In Progress,2024-01-05,2024-03-04,,2023-24,13.04217,77.90516,True
MPLADS-2023-RA-0822,Om Birla,Lok Sabha,Kota (Lok Sabha),Rajasthan,Kota,Sangod,Bhojpur,Rajasthan PWD,Primary Health Sub-Center & Medical,Upgradation of Primary Health Sub-Center with maternity care and diagnostics room at Bhojpur,4230000.0,4230000.0,344000.0,3886000.0,Stalled,2021-08-12,2021-09-02,,2023-24,25.31538,76.14005,True
MPLADS-2023-KE-0823,Suresh Gopi,Lok Sabha,Thrissur (Lok Sabha),Kerala,Thrissur,Ollur,Adarsh Nagar,Kerala PWD Roads,Community Infrastructure,Renovation and structural expansion of Gram Panchayat community auditorium in Adarsh Nagar,2470000.0,1235000.0,902000.0,333000.0,In Progress,2023-10-01,2023-10-26,,2023-24,10.67196,76.13784,True
MPLADS-2023-UP-0824,S. P. Singh Baghel,Lok Sabha,Agra (Lok Sabha),Uttar Pradesh,Agra,Fatehabad,Madhavpuram,PWD Agra,Primary Health Sub-Center & Medical,Civil construction of Ayushman Bharat Health & Wellness Centre dispensary in Madhavpuram,2040000.0,2040000.0,2027000.0,13000.0,Completed,2023-08-21,2023-09-13,2024-01-28,2023-24,27.46801,78.10969,True
MPLADS-2023-MP-0825,Bharat Singh Kushwah,Lok Sabha,Gwalior (Lok Sabha),Madhya Pradesh,Gwalior,Dabra,Sardar Patel Nagar,MPRRDA Gwalior,Sports & Youth Welfare,Construction of pavilion seating shed and sports training facility in Gram Panchayat Sardar Patel Nagar,930000.0,930000.0,906000.0,24000.0,Completed,2023-09-13,2023-10-06,2024-01-10,2023-24,25.9156,77.85347,True
MPLADS-2023-HA-0826,Rao Inderjit Singh,Lok Sabha,Gurgaon (Lok Sabha),Haryana,Gurugram,Pataudi,Kalyanpur,GMDA Gurugram,Community Infrastructure,Renovation and structural expansion of Gram Panchayat community auditorium in Kalyanpur,2630000.0,2104000.0,1424000.0,680000.0,In Progress,2021-12-19,2022-01-18,,2023-24,28.15285,76.85194,True
MPLADS-2023-UP-0827,Ravi Kishan,Lok Sabha,Gorakhpur (Lok Sabha),Uttar Pradesh,Gorakhpur,Bhathat,Chitrakoot,PWD Gorakhpur,Solar & Public Lighting,Installation of 30 standalone LED solar street lights across major junctions in Chitrakoot,1130000.0,1130000.0,1127000.0,3000.0,Completed,2023-05-26,2023-06-30,2023-09-04,2023-24,26.80013,83.1602,True
MPLADS-2023-GU-0828,Parshottam Rupala,Lok Sabha,Rajkot (Lok Sabha),Gujarat,Rajkot,Dhoraji,Gandhi Gram,Rajkot Urban Dev Authority (RUDA),Sanitation & Public Amenities,Modern Sulabh-type public sanitation facility with running water and septic tank in Gandhi Gram bus stand,830000.0,498000.0,204000.0,294000.0,In Progress,2022-03-03,2022-04-02,,2023-24,22.05229,70.45587,True
MPLADS-2023-GO-0829,Shripad Yesso Naik,Lok Sabha,North Goa (Lok Sabha),Goa,North Goa,Tiswadi,Sundar Nagar,DRDA North Goa,Drinking Water Facility,Provision of deep solar-powered borewell with 5000L elevated storage tank at Sundar Nagar,1320000.0,1320000.0,1109000.0,211000.0,In Progress,2023-12-27,2024-02-21,,2023-24,15.4915,73.72734,True
MPLADS-2023-AP-0830,Kesineni Sivanath,Lok Sabha,Vijayawada (Lok Sabha),Andhra Pradesh,NTR / Krishna,Gannavaram,Shanti Nagar,AP CRDA,Solar & Public Lighting,Installation of solar mini-grid powered street lighting and battery bank at Shanti Nagar,1500000.0,1500000.0,1391000.0,109000.0,Completed,2023-05-11,2023-07-01,2023-08-14,2023-24,16.19224,80.67638,True
MPLADS-2023-UP-0831,Kishori Lal Sharma,Lok Sabha,Amethi (Lok Sabha),Uttar Pradesh,Amethi,Musafirkhana,Bhojpur,PWD Amethi,Primary Health Sub-Center & Medical,Civil construction of Ayushman Bharat Health & Wellness Centre dispensary in Bhojpur,1350000.0,1350000.0,1284000.0,66000.0,Completed,2023-08-26,2023-09-20,2024-06-22,2023-24,26.15583,81.74505,True
MPLADS-2023-UP-0832,Praveen Patel,Lok Sabha,Prayagraj (Lok Sabha),Uttar Pradesh,Prayagraj,Jasra,Lakshmipuram,DRDA Prayagraj,Solar & Public Lighting,Installation of 30 standalone LED solar street lights across major junctions in Lakshmipuram,280000.0,168000.0,95000.0,73000.0,In Progress,2022-02-20,2022-03-22,,2023-24,25.59951,82.14322,True
MPLADS-2023-AS-0833,Bijuli Kalita Medhi,Lok Sabha,Gauhati (Lok Sabha),Assam,Kamrup Metropolitan,Jalukbari,Sundar Nagar,Assam PWD,School Classroom & Education,Upgradation of primary school infrastructure with disabled-friendly ramps and smart board in Sundar Nagar,1940000.0,1940000.0,1591000.0,349000.0,In Progress,2023-09-25,2023-10-12,,2023-24,26.44505,92.00746,True
MPLADS-2023-GU-0834,Mukesh Dalal,Lok Sabha,Surat (Lok Sabha),Gujarat,Surat,Bardoli,Khadki,DRDA Surat,Rural Road & Culvert,Construction of cement concrete (CC) internal village road at Khadki,1990000.0,1990000.0,1969000.0,21000.0,Completed,2023-09-27,2023-10-26,2024-03-22,2023-24,20.83521,72.51985,True
MPLADS-2023-GO-0835,Shripad Yesso Naik,Lok Sabha,North Goa (Lok Sabha),Goa,North Goa,Tiswadi,Bhojpur,DRDA North Goa,Solar & Public Lighting,Installation of 30 standalone LED solar street lights across major junctions in Bhojpur,770000.0,770000.0,743000.0,27000.0,Completed,2023-10-16,2023-11-03,2023-12-30,2023-24,15.52558,73.55871,True
MPLADS-2023-MA-0836,Balwant Wankhade,Lok Sabha,Amravati (Lok Sabha),Maharashtra,Amravati,Morshi,Gandhi Gram,PWD Amravati,Drinking Water Facility,Installation of fluorosis/arsenic filtration drinking water unit in Gandhi Gram school campus,1680000.0,1344000.0,839000.0,505000.0,In Progress,2022-01-28,2022-02-27,,2023-24,21.20923,77.98483,True
MPLADS-2023-AP-0837,M. Sribharat,Lok Sabha,Visakhapatnam (Lok Sabha),Andhra Pradesh,Visakhapatnam,Anandapuram,Bhavani Peth,AP RWS,Rural Road & Culvert,Construction of cement concrete (CC) internal village road at Bhavani Peth,670000.0,670000.0,653000.0,17000.0,Completed,2023-07-02,2023-08-14,2024-01-13,2023-24,18.03546,82.9593,True
MPLADS-2023-MP-0838,Bharat Singh Kushwah,Lok Sabha,Gwalior (Lok Sabha),Madhya Pradesh,Gwalior,Morar,Sundar Nagar,MPRRDA Gwalior,Rural Road & Culvert,Inter-hamlet link road paving connecting agricultural mandi to Sundar Nagar,3320000.0,1660000.0,1248000.0,412000.0,In Progress,2023-12-10,2024-01-07,,2023-24,26.0802,78.08965,True
MPLADS-2023-AP-0839,Pemmasani Chandra Sekhar,Lok Sabha,Guntur (Lok Sabha),Andhra Pradesh,Guntur,Tadepalle,Green Park,AP PWD,Drinking Water Facility,Deployment of solar water pumping system and distribution cistern in Green Park,1060000.0,1060000.0,1035000.0,25000.0,Completed,2023-09-25,2023-10-13,2024-01-01,2023-24,16.01161,80.72493,True
MPLADS-2023-RA-0840,Gajendra Singh Shekhawat,Lok Sabha,Jodhpur (Lok Sabha),Rajasthan,Jodhpur,Osian,Gopalganj,PHED Rajasthan,Drinking Water Facility,Provision of deep solar-powered borewell with 5000L elevated storage tank at Gopalganj,350000.0,350000.0,331000.0,19000.0,Completed,2023-11-12,2023-12-12,2024-03-29,2023-24,26.47433,72.86351,True
MPLADS-2023-OD-0841,Dharmendra Pradhan,Lok Sabha,Sambalpur (Lok Sabha),Odisha,Sambalpur,Kuchinda,Chandrapur,Sambalpur Municipal Corp,Rural Road & Culvert,Construction of reinforced concrete box culvert on arterial approach road at Chandrapur,1650000.0,1650000.0,1571000.0,79000.0,Completed,2023-10-13,2023-10-29,2024-03-14,2023-24,21.57885,84.00394,True
MPLADS-2023-AS-0842,Sarbananda Sonowal,Lok Sabha,Dibrugarh (Lok Sabha),Assam,Dibrugarh,Moran,Nehru Colony,DRDA Dibrugarh,Rural Road & Culvert,Construction of reinforced concrete box culvert on arterial approach road at Nehru Colony,2760000.0,2760000.0,2716000.0,44000.0,Completed,2023-08-13,2023-09-18,2024-03-13,2023-24,27.63085,94.99707,True
MPLADS-2023-KA-0843,Capt. Brijesh Chowta,Lok Sabha,Dakshina Kannada (Lok Sabha),Karnataka,Dakshina Kannada,Bantwal,Tagore Pally,Mangaluru Smart City,Drinking Water Facility,Upgradation of pipeline distribution and community water tap stands in Tagore Pally,1590000.0,1590000.0,1566000.0,24000.0,Completed,2023-11-24,2024-01-12,2024-03-30,2023-24,12.67788,74.7729,True
MPLADS-2023-UT-0844,Trivendra Singh Rawat,Lok Sabha,Haridwar (Lok Sabha),Uttarakhand,Haridwar,Bhagwanpur,Green Park,Haridwar Roorkee Dev Authority,Solar & Public Lighting,Illumination of village approach road and panchayat center with dusk-to-dawn solar luminaires at Green Park,330000.0,330000.0,311000.0,19000.0,Completed,2024-01-03,2024-02-02,2024-03-20,2023-24,29.84889,78.27566,True
MPLADS-2023-TE-0845,Asaduddin Owaisi,Lok Sabha,Hyderabad (Lok Sabha),Telangana,Hyderabad,Charminar,Anand Vihar,Hyderabad Metro Water (HMWSSB),Solar & Public Lighting,Illumination of village approach road and panchayat center with dusk-to-dawn solar luminaires at Anand Vihar,1040000.0,1040000.0,1006000.0,34000.0,Completed,2023-11-14,2023-12-10,2024-01-31,2023-24,17.37115,78.72773,True
MPLADS-2023-WB-0846,June Malia,Lok Sabha,Medinipur (Lok Sabha),West Bengal,Paschim Medinipur,Kharagpur Rural,Green Park,Paschim Medinipur Zilla Parishad,School Classroom & Education,Upgradation of primary school infrastructure with disabled-friendly ramps and smart board in Green Park,1200000.0,900000.0,340000.0,560000.0,In Progress,2023-11-12,2023-12-01,,2023-24,22.42215,87.12909,True
MPLADS-2023-MA-0847,Nitin Gadkari,Lok Sabha,Nagpur (Lok Sabha),Maharashtra,Nagpur,Ramtek,Chandrapur,Zilla Parishad Nagpur,Rural Road & Culvert,Construction of cement concrete (CC) internal village road at Chandrapur,2460000.0,2460000.0,2318000.0,142000.0,Completed,2023-12-16,2024-01-11,2024-06-07,2023-24,20.83837,79.23838,True
MPLADS-2023-BI-0848,Kaushlendra Kumar,Lok Sabha,Nalanda (Lok Sabha),Bihar,Nalanda,Biharsharif,Nehru Colony,Rural Works Dept Nalanda,School Classroom & Education,"Construction of two additional smart classrooms in Zilla Parishad High School, Nehru Colony",1740000.0,1305000.0,436000.0,869000.0,In Progress,2023-05-26,2023-07-02,,2023-24,24.90242,85.30773,True
MPLADS-2023-OD-0849,Sambit Patra,Lok Sabha,Puri (Lok Sabha),Odisha,Puri,Kanas,Madhavpuram,Puri Municipality,Community Infrastructure,Construction of cremation ground covered shed (Shmashan Ghat) with solar lights in Madhavpuram,2000000.0,2000000.0,1927000.0,73000.0,Completed,2024-02-05,2024-03-11,2024-12-22,2023-24,19.7258,86.14094,True
MPLADS-2023-BI-0850,Ravi Shankar Prasad,Lok Sabha,Patna Sahib (Lok Sabha),Bihar,Patna,Danapur,Khadki,Bihar Rajya Pul Nirman Nigam,Drinking Water Facility,Provision of deep solar-powered borewell with 5000L elevated storage tank at Khadki,1670000.0,1670000.0,1360000.0,310000.0,In Progress,2023-05-25,2023-06-10,,2023-24,25.76353,85.33603,True
MPLADS-2023-PU-0851,Gurjeet Singh Aujla,Lok Sabha,Amritsar (Lok Sabha),Punjab,Amritsar,Majitha,Panchavati,Punjab Mandi Board,Rural Road & Culvert,Bituminous road widening and storm-water drainage culvert in Panchavati,1640000.0,820000.0,640000.0,180000.0,In Progress,2023-05-11,2023-07-06,,2023-24,31.98247,74.96353,True
MPLADS-2023-HA-0852,Rao Inderjit Singh,Lok Sabha,Gurgaon (Lok Sabha),Haryana,Gurugram,Badshahpur,Chandrapur,Haryana Shehri Vikas Pradhikaran,School Classroom & Education,"Installation of rooftop solar generation system and clean drinking facility in Govt School, Chandrapur",1850000.0,1850000.0,1801000.0,49000.0,Completed,2023-11-12,2023-12-30,2024-06-23,2023-24,28.28032,76.84675,True
MPLADS-2023-JA-0853,Aga Syed Ruhullah Mehdi,Lok Sabha,Srinagar (Lok Sabha),Jammu & Kashmir,Srinagar,Batamaloo,Shivaji Nagar,J&K R&B Dept,Sanitation & Public Amenities,Construction of community sanitary complex with dedicated women hygiene cubicles at Shivaji Nagar,1090000.0,1090000.0,1057000.0,33000.0,Completed,2023-10-27,2023-12-09,2024-03-04,2023-24,34.19103,74.87095,True
MPLADS-2023-KA-0854,Pralhad Joshi,Lok Sabha,Dharwad (Lok Sabha),Karnataka,Dharwad,Kalghatgi,Adarsh Nagar,Zilla Panchayat Dharwad,School Classroom & Education,"Erection of protective boundary wall and main gate for Government Senior Secondary School, Adarsh Nagar",2080000.0,2080000.0,2051000.0,29000.0,Completed,2024-01-25,2024-03-06,2024-06-17,2023-24,15.32859,74.71485,True
MPLADS-2023-KA-0855,Jagadish Shettar,Lok Sabha,Belagavi (Lok Sabha),Karnataka,Belagavi,Chikkodi,Vivekananda Nagar,PWD Karnataka,Solar & Public Lighting,Erection of high-mast 16-meter LED solar illumination tower near market square in Vivekananda Nagar,1100000.0,825000.0,313000.0,512000.0,In Progress,2023-04-08,2023-05-22,,2023-24,15.88791,74.79879,True
MPLADS-2023-UT-0856,Trivendra Singh Rawat,Lok Sabha,Haridwar (Lok Sabha),Uttarakhand,Haridwar,Bhagwanpur,Shanti Nagar,Haridwar Roorkee Dev Authority,Rural Road & Culvert,Bituminous road widening and storm-water drainage culvert in Shanti Nagar,3470000.0,2602000.0,1903000.0,699000.0,In Progress,2023-12-20,2024-01-12,,2023-24,29.87732,78.20406,True
MPLADS-2023-PU-0857,Gurjeet Singh Aujla,Lok Sabha,Amritsar (Lok Sabha),Punjab,Amritsar,Ajnala,Subhash Nagar,Punjab Mandi Board,School Classroom & Education,Upgradation of primary school infrastructure with disabled-friendly ramps and smart board in Subhash Nagar,1770000.0,1770000.0,1710000.0,60000.0,Completed,2023-05-08,2023-05-25,2023-09-14,2023-24,31.72558,75.04079,True
MPLADS-2023-KA-0858,Yaduveer Krishnadatta Chamaraja Wadiyar,Lok Sabha,Mysore (Lok Sabha),Karnataka,Mysuru,K.R. Nagar,Adarsh Nagar,Mysore Urban Dev Authority,Primary Health Sub-Center & Medical,Procurement and fabrication of Advanced Life Support (ALS) mobile ambulance for Adarsh Nagar block,2750000.0,2200000.0,1130000.0,1070000.0,In Progress,2021-12-23,2022-01-22,,2023-24,12.25281,76.64547,True
MPLADS-2023-OD-0859,Sambit Patra,Lok Sabha,Puri (Lok Sabha),Odisha,Puri,Pipili,Vikas Nagar,Puri Municipality,Community Infrastructure,Construction of cremation ground covered shed (Shmashan Ghat) with solar lights in Vikas Nagar,1670000.0,1252000.0,896000.0,356000.0,In Progress,2023-12-25,2024-02-11,,2023-24,19.73235,86.01131,True
MPLADS-2023-MA-0860,Murlidhar Mohol,Lok Sabha,Pune (Lok Sabha),Maharashtra,Pune,Baramati,Tilak Nagar,MSEDCL Maharashtra,Rural Road & Culvert,Construction of reinforced concrete box culvert on arterial approach road at Tilak Nagar,3140000.0,3140000.0,3004000.0,136000.0,Completed,2023-05-21,2023-06-25,2024-01-25,2023-24,18.47764,74.12644,True
MPLADS-2023-BI-0861,Kaushlendra Kumar,Lok Sabha,Nalanda (Lok Sabha),Bihar,Nalanda,Harnaut,Indira Nagar,DRDA Nalanda,Solar & Public Lighting,Illumination of village approach road and panchayat center with dusk-to-dawn solar luminaires at Indira Nagar,380000.0,380000.0,358000.0,22000.0,Completed,2024-01-08,2024-02-05,2024-05-02,2023-24,24.87602,85.78835,True
MPLADS-2023-AP-0862,Kesineni Sivanath,Lok Sabha,Vijayawada (Lok Sabha),Andhra Pradesh,NTR / Krishna,Gannavaram,Shivpur,AP CRDA,Drinking Water Facility,Provision of deep solar-powered borewell with 5000L elevated storage tank at Shivpur,720000.0,720000.0,712000.0,8000.0,Completed,2023-11-05,2023-12-26,2024-03-17,2023-24,16.7988,80.79938,True
MPLADS-2023-MA-0863,Praniti Shinde,Lok Sabha,Solapur (Lok Sabha),Maharashtra,Solapur,Barshi,Lakshmipuram,PWD Solapur,Rural Road & Culvert,Bituminous road widening and storm-water drainage culvert in Lakshmipuram,3480000.0,3480000.0,2897000.0,583000.0,In Progress,2023-05-30,2023-07-26,,2023-24,17.81905,75.78538,True
MPLADS-2023-RA-0864,Om Birla,Lok Sabha,Kota (Lok Sabha),Rajasthan,Kota,Sangod,Sitarampur,Rajasthan PWD,Sanitation & Public Amenities,Construction of community sanitary complex with dedicated women hygiene cubicles at Sitarampur,1110000.0,1110000.0,803000.0,307000.0,In Progress,2023-04-20,2023-05-25,,2023-24,25.4528,75.97759,True
MPLADS-2023-KE-0865,Shashi Tharoor,Lok Sabha,Thiruvananthapuram (Lok Sabha),Kerala,Thiruvananthapuram,Nemom,Adarsh Nagar,Thiruvananthapuram Corp,School Classroom & Education,"Installation of rooftop solar generation system and clean drinking facility in Govt School, Adarsh Nagar",2260000.0,1356000.0,841000.0,515000.0,In Progress,2021-11-23,2021-12-23,,2023-24,8.37192,76.7256,True
MPLADS-2023-UP-0866,Arun Govil,Lok Sabha,Meerut (Lok Sabha),Uttar Pradesh,Meerut,Mawana,Sundar Nagar,UP Jal Nigam Meerut,Community Infrastructure,Construction of multi-utility cyclone / flood safety community shelter at Sundar Nagar,5020000.0,5020000.0,4733000.0,287000.0,Completed,2023-07-01,2023-08-30,2024-05-25,2023-24,28.7988,77.60049,True
MPLADS-2023-RA-0867,Gajendra Singh Shekhawat,Lok Sabha,Jodhpur (Lok Sabha),Rajasthan,Jodhpur,Osian,Patel Nagar,PHED Rajasthan,Solar & Public Lighting,Installation of solar mini-grid powered street lighting and battery bank at Patel Nagar,720000.0,720000.0,689000.0,31000.0,Completed,2023-10-18,2023-12-12,2024-01-25,2023-24,25.96756,73.29093,True
MPLADS-2023-UT-0868,Trivendra Singh Rawat,Lok Sabha,Haridwar (Lok Sabha),Uttarakhand,Haridwar,Bahadrabad,Shivaji Nagar,Uttarakhand Peyjal Nigam,Rural Road & Culvert,Laying of heavy-duty interlocking paver block street in Shivaji Nagar settlement,850000.0,850000.0,819000.0,31000.0,Completed,2023-09-11,2023-10-25,2024-02-24,2023-24,30.13728,78.15282,True
MPLADS-2023-GU-0869,Nimuben Bambhaniya,Lok Sabha,Bhavnagar (Lok Sabha),Gujarat,Bhavnagar,Talaja,Bhavani Peth,DRDA Bhavnagar,Rural Road & Culvert,Inter-hamlet link road paving connecting agricultural mandi to Bhavani Peth,1300000.0,975000.0,369000.0,606000.0,In Progress,2023-10-27,2023-11-24,,2023-24,21.63683,72.07586,True
MPLADS-2023-KA-0870,Pralhad Joshi,Lok Sabha,Dharwad (Lok Sabha),Karnataka,Dharwad,Navalgund,Chandrapur,PWD Karnataka,Rural Road & Culvert,Laying of heavy-duty interlocking paver block street in Chandrapur settlement,2680000.0,2680000.0,2608000.0,72000.0,Completed,2023-04-24,2023-05-30,2023-10-09,2023-24,15.48411,75.20349,True
MPLADS-2023-UP-0871,Anurag Sharma,Lok Sabha,Jhansi (Lok Sabha),Uttar Pradesh,Jhansi,Baragaon,Ambedkar Basti,PWD Jhansi,Rural Road & Culvert,Construction of cement concrete (CC) internal village road at Ambedkar Basti,2910000.0,2910000.0,2829000.0,81000.0,Completed,2023-09-18,2023-10-08,2024-01-18,2023-24,25.46145,78.47197,True
MPLADS-2023-WB-0872,Prasun Banerjee,Lok Sabha,Howrah (Lok Sabha),West Bengal,Howrah,Panchla,Indira Nagar,Zilla Parishad Howrah,Drinking Water Facility,Provision of deep solar-powered borewell with 5000L elevated storage tank at Indira Nagar,2290000.0,2290000.0,2109000.0,181000.0,Completed,2023-10-29,2023-12-04,2024-01-20,2023-24,22.77439,88.28219,True
MPLADS-2023-RA-0873,Manna Lal Rawat,Lok Sabha,Udaipur (Lok Sabha),Rajasthan,Udaipur,Gogunda,Hanuman Nagar,Udaipur Smart City,Drinking Water Facility,Upgradation of pipeline distribution and community water tap stands in Hanuman Nagar,690000.0,690000.0,679000.0,11000.0,Sanctioned,2021-07-18,2021-08-17,,2023-24,24.32724,73.88087,True
MPLADS-2023-BI-0874,Jitan Ram Manjhi,Lok Sabha,Gaya (Lok Sabha),Bihar,Gaya,Bodh Gaya,Sardar Patel Nagar,District Rural Dev Agency Gaya,Primary Health Sub-Center & Medical,"Supply of medical diagnostics, vaccine cold chain refrigerator and emergency triage beds at Sardar Patel Nagar",850000.0,850000.0,828000.0,22000.0,Completed,2024-02-04,2024-03-24,2024-10-30,2023-24,24.5774,85.07418,True
MPLADS-2023-BI-0875,Pappu Yadav,Lok Sabha,Purnia (Lok Sabha),Bihar,Purnia,Dhamdaha,Shivpur,PHED Purnia,Drinking Water Facility,Upgradation of pipeline distribution and community water tap stands in Shivpur,990000.0,990000.0,952000.0,38000.0,Completed,2023-08-14,2023-09-04,2023-12-12,2023-24,25.49224,87.80212,True
MPLADS-2023-AP-0876,Pemmasani Chandra Sekhar,Lok Sabha,Guntur (Lok Sabha),Andhra Pradesh,Guntur,Ponnur,Ambedkar Basti,AP Panchayat Raj Dept,Community Infrastructure,Development of public cultural center and community shed at Ambedkar Basti,2840000.0,2840000.0,2787000.0,53000.0,Completed,2023-10-19,2023-12-04,2024-07-26,2023-24,16.11354,80.76913,True
MPLADS-2023-MP-0877,Shankar Lalwani,Lok Sabha,Indore (Lok Sabha),Madhya Pradesh,Indore,Rau,Rajendra Nagar,Indore Dev Authority,School Classroom & Education,"Construction of two additional smart classrooms in Zilla Parishad High School, Rajendra Nagar",1820000.0,910000.0,709000.0,201000.0,In Progress,2023-06-13,2023-07-19,,2023-24,22.51498,76.16717,True
MPLADS-2023-OD-0878,Bhartruhari Mahtab,Lok Sabha,Cuttack (Lok Sabha),Odisha,Cuttack,Salepur,Balarampur,Cuttack Municipal Corp,School Classroom & Education,"Installation of rooftop solar generation system and clean drinking facility in Govt School, Balarampur",1590000.0,1192000.0,448000.0,744000.0,In Progress,2023-07-29,2023-09-18,,2023-24,20.33052,85.76931,True
MPLADS-2023-MA-0879,Murlidhar Mohol,Lok Sabha,Pune (Lok Sabha),Maharashtra,Pune,Shirur,Rampur,MSEDCL Maharashtra,Rural Road & Culvert,Bituminous road widening and storm-water drainage culvert in Rampur,2770000.0,1385000.0,1003000.0,382000.0,In Progress,2024-01-05,2024-02-20,,2023-24,18.66661,73.8668,True
MPLADS-2023-HA-0880,Rao Inderjit Singh,Lok Sabha,Gurgaon (Lok Sabha),Haryana,Gurugram,Badshahpur,Sundar Nagar,Haryana PWD (B&R),Drinking Water Facility,Provision of deep solar-powered borewell with 5000L elevated storage tank at Sundar Nagar,1440000.0,1440000.0,1390000.0,50000.0,Completed,2023-12-23,2024-01-17,2024-03-16,2023-24,28.13684,76.97353,True
MPLADS-2023-MA-0881,Udayanraje Bhosale,Lok Sabha,Satara (Lok Sabha),Maharashtra,Satara,Phaltan,Tagore Pally,Zilla Parishad Satara,Drinking Water Facility,Installation of fluorosis/arsenic filtration drinking water unit in Tagore Pally school campus,310000.0,310000.0,307000.0,3000.0,Completed,2023-11-09,2023-12-01,2024-02-18,2023-24,17.69624,74.08027,True
MPLADS-2023-MP-0882,Anil Firojiya,Lok Sabha,Ujjain (Lok Sabha),Madhya Pradesh,Ujjain,Tarana,Patel Nagar,Ujjain Smart City,Community Infrastructure,Development of public cultural center and community shed at Patel Nagar,4310000.0,4310000.0,4167000.0,143000.0,Completed,2023-10-08,2023-12-07,2024-06-28,2023-24,23.47546,75.94259,True
MPLADS-2023-MA-0883,Nitin Gadkari,Lok Sabha,Nagpur (Lok Sabha),Maharashtra,Nagpur,Ramtek,Rajendra Nagar,Zilla Parishad Nagpur,Rural Road & Culvert,Inter-hamlet link road paving connecting agricultural mandi to Rajendra Nagar,1750000.0,1050000.0,483000.0,567000.0,In Progress,2022-01-07,2022-02-06,,2023-24,20.86149,79.05922,True
MPLADS-2023-UP-0884,Rajnath Singh,Lok Sabha,Lucknow (Lok Sabha),Uttar Pradesh,Lucknow,Chinhat,Chitrakoot,Jal Sansthan Lucknow,Rural Road & Culvert,Construction of cement concrete (CC) internal village road at Chitrakoot,1550000.0,1550000.0,1474000.0,76000.0,Completed,2023-07-25,2023-09-13,2024-02-22,2023-24,27.07123,81.20387,True
MPLADS-2023-OD-0885,Sambit Patra,Lok Sabha,Puri (Lok Sabha),Odisha,Puri,Brahmagiri,Balarampur,RWSS Puri,Rural Road & Culvert,Construction of reinforced concrete box culvert on arterial approach road at Balarampur,2120000.0,1272000.0,616000.0,656000.0,In Progress,2022-03-01,2022-03-31,,2023-24,19.64756,85.55283,True
MPLADS-2023-RA-0886,Arjun Ram Meghwal,Lok Sabha,Bikaner (Lok Sabha),Rajasthan,Bikaner,Khajuwala,Anand Vihar,PHED Rajasthan,Sports & Youth Welfare,Construction of pavilion seating shed and sports training facility in Gram Panchayat Anand Vihar,1030000.0,618000.0,264000.0,354000.0,In Progress,2022-01-27,2022-02-26,,2023-24,28.23525,73.06444,True
MPLADS-2023-MA-0887,Praniti Shinde,Lok Sabha,Solapur (Lok Sabha),Maharashtra,Solapur,North Solapur,Sundar Nagar,PWD Solapur,Rural Road & Culvert,Bituminous road widening and storm-water drainage culvert in Sundar Nagar,2040000.0,2040000.0,1977000.0,63000.0,Completed,2023-11-04,2023-12-17,2024-04-15,2023-24,17.47844,75.83167,True
MPLADS-2023-GO-0888,Shripad Yesso Naik,Lok Sabha,North Goa (Lok Sabha),Goa,North Goa,Sattari,Vikas Nagar,Goa Waste Management Corp,Community Infrastructure,Construction of cremation ground covered shed (Shmashan Ghat) with solar lights in Vikas Nagar,3360000.0,2520000.0,2050000.0,470000.0,In Progress,2023-07-19,2023-09-10,,2023-24,15.72881,73.87014,True
MPLADS-2023-GU-0889,Hemang Joshi,Lok Sabha,Vadodara (Lok Sabha),Gujarat,Vadodara,Padra,Shanti Nagar,R&B Vadodara,Solar & Public Lighting,Illumination of village approach road and panchayat center with dusk-to-dawn solar luminaires at Shanti Nagar,420000.0,420000.0,405000.0,15000.0,Completed,2023-11-25,2024-01-02,2024-03-11,2023-24,22.34906,73.52973,True
MPLADS-2023-WB-0890,June Malia,Lok Sabha,Medinipur (Lok Sabha),West Bengal,Paschim Medinipur,Keshpur,Rampur,Paschim Medinipur Zilla Parishad,Rural Road & Culvert,Laying of heavy-duty interlocking paver block street in Rampur settlement,1580000.0,1580000.0,1569000.0,11000.0,Completed,2023-04-03,2023-04-30,2023-10-01,2023-24,22.42766,86.979,True
MPLADS-2023-BI-0891,Ravi Shankar Prasad,Lok Sabha,Patna Sahib (Lok Sabha),Bihar,Patna,Phulwari Sharif,Rajendra Nagar,Rural Works Dept Bihar,Drinking Water Facility,Installation of 1000 LPH RO drinking water purification kiosk in Rajendra Nagar,1790000.0,1432000.0,1001000.0,431000.0,In Progress,2022-03-20,2022-04-19,,2023-24,25.68667,85.13081,True
MPLADS-2023-GU-0892,Nimuben Bambhaniya,Lok Sabha,Bhavnagar (Lok Sabha),Gujarat,Bhavnagar,Sihor,Surya Nagar,Bhavnagar Municipal Corp,Rural Road & Culvert,Construction of reinforced concrete box culvert on arterial approach road at Surya Nagar,3180000.0,3180000.0,3067000.0,113000.0,Completed,2023-06-30,2023-07-24,2023-11-21,2023-24,21.45373,72.24813,True
MPLADS-2023-UP-0893,Anurag Sharma,Lok Sabha,Jhansi (Lok Sabha),Uttar Pradesh,Jhansi,Babina,Green Park,PWD Jhansi,Rural Road & Culvert,Construction of reinforced concrete box culvert on arterial approach road at Green Park,2710000.0,2710000.0,2702000.0,8000.0,Completed,2023-09-10,2023-10-16,2024-04-16,2023-24,25.45984,78.87688,True
MPLADS-2023-MP-0894,Bharat Singh Kushwah,Lok Sabha,Gwalior (Lok Sabha),Madhya Pradesh,Gwalior,Morar,Gandhi Gram,Gwalior Municipal Corp,Sanitation & Public Amenities,Modern Sulabh-type public sanitation facility with running water and septic tank in Gandhi Gram bus stand,1130000.0,1130000.0,1075000.0,55000.0,Completed,2023-06-28,2023-07-18,2023-10-30,2023-24,26.15478,78.27751,True
MPLADS-2023-UP-0895,Chhatrapal Singh Gangwar,Lok Sabha,Bareilly (Lok Sabha),Uttar Pradesh,Bareilly,Faridpur,Nehru Colony,DRDA Bareilly,Rural Road & Culvert,Inter-hamlet link road paving connecting agricultural mandi to Nehru Colony,1900000.0,1900000.0,1799000.0,101000.0,Completed,2023-05-15,2023-07-13,2023-11-03,2023-24,28.14475,79.14089,True
MPLADS-2023-TN-0896,T. M. Selvaganapathi,Lok Sabha,Salem (Lok Sabha),Tamil Nadu,Salem,Omalur,Rampur,Salem Municipal Corp,Rural Road & Culvert,Inter-hamlet link road paving connecting agricultural mandi to Rampur,1880000.0,1880000.0,1865000.0,15000.0,Completed,2023-09-05,2023-10-05,2024-02-20,2023-24,11.83749,78.31268,True
MPLADS-2023-BI-0897,Ravi Shankar Prasad,Lok Sabha,Patna Sahib (Lok Sabha),Bihar,Patna,Fatuha,Patel Nagar,Rural Works Dept Bihar,Rural Road & Culvert,Inter-hamlet link road paving connecting agricultural mandi to Patel Nagar,920000.0,552000.0,250000.0,302000.0,In Progress,2022-01-17,2022-02-16,,2023-24,25.45055,85.27589,True
MPLADS-2023-BI-0898,Jitan Ram Manjhi,Lok Sabha,Gaya (Lok Sabha),Bihar,Gaya,Wazirganj,Panchavati,PHED Bihar,Drinking Water Facility,Upgradation of pipeline distribution and community water tap stands in Panchavati,1460000.0,1460000.0,1387000.0,73000.0,Completed,2023-11-17,2024-01-04,2024-05-02,2023-24,24.71138,85.02676,True
MPLADS-2023-WB-0899,June Malia,Lok Sabha,Medinipur (Lok Sabha),West Bengal,Paschim Medinipur,Keshpur,Kaveri Nagar,WB PWD Medinipur,Drinking Water Facility,Deployment of solar water pumping system and distribution cistern in Kaveri Nagar,1130000.0,1130000.0,1077000.0,53000.0,Completed,2023-05-17,2023-06-18,2023-09-04,2023-24,22.09771,87.05061,True
MPLADS-2023-AS-0900,Parimal Suklabaidya,Lok Sabha,Silchar (Lok Sabha),Assam,Cachar,Dholai,Adarsh Nagar,Assam PHE Dept,Community Infrastructure,Construction of multi-utility cyclone / flood safety community shelter at Adarsh Nagar,2630000.0,1972000.0,1600000.0,372000.0,In Progress,2023-10-11,2023-12-01,,2023-24,24.92393,93.03743,True
MPLADS-2023-UP-0901,S. P. Singh Baghel,Lok Sabha,Agra (Lok Sabha),Uttar Pradesh,Agra,Barauli Ahir,Subhash Nagar,DRDA Agra,Drinking Water Facility,Installation of 1000 LPH RO drinking water purification kiosk in Subhash Nagar,790000.0,790000.0,728000.0,62000.0,Completed,2023-09-04,2023-10-11,2024-01-22,2023-24,27.2422,78.14425,True
MPLADS-2023-HA-0902,Rao Inderjit Singh,Lok Sabha,Gurgaon (Lok Sabha),Haryana,Gurugram,Farrukhnagar,Lakshmipuram,GMDA Gurugram,Primary Health Sub-Center & Medical,Civil construction of Ayushman Bharat Health & Wellness Centre dispensary in Lakshmipuram,2420000.0,1210000.0,999000.0,211000.0,In Progress,2023-10-23,2023-12-07,,2023-24,28.74011,77.03147,True
MPLADS-2023-KA-0903,Pralhad Joshi,Lok Sabha,Dharwad (Lok Sabha),Karnataka,Dharwad,Kundgol,Balarampur,Zilla Panchayat Dharwad,School Classroom & Education,"Construction of two additional smart classrooms in Zilla Parishad High School, Balarampur",910000.0,910000.0,633000.0,277000.0,In Progress,2023-09-01,2023-09-26,,2023-24,15.7896,75.1841,True
MPLADS-2023-MA-0904,Shahu Chhatrapati,Lok Sabha,Kolhapur (Lok Sabha),Maharashtra,Kolhapur,Karveer,Vikas Nagar,Zilla Parishad Kolhapur,Sports & Youth Welfare,"Installation of open-air fitness gym equipment and rubberized track in public park, Vikas Nagar",1260000.0,756000.0,503000.0,253000.0,In Progress,2022-02-18,2022-03-20,,2023-24,16.5659,73.94956,True
MPLADS-2023-WB-0905,Raju Bista,Lok Sabha,Darjeeling (Lok Sabha),West Bengal,Darjeeling,Siliguri Rural,Bhavani Peth,Gorkhaland Territorial Admin,Rural Road & Culvert,Construction of reinforced concrete box culvert on arterial approach road at Bhavani Peth,3040000.0,3040000.0,2941000.0,99000.0,Completed,2023-04-03,2023-05-11,2023-11-17,2023-24,27.18015,88.55528,True
MPLADS-2023-AS-0906,Sarbananda Sonowal,Lok Sabha,Dibrugarh (Lok Sabha),Assam,Dibrugarh,Duliajan,Bhavani Peth,DRDA Dibrugarh,Sanitation & Public Amenities,Construction of community sanitary complex with dedicated women hygiene cubicles at Bhavani Peth,790000.0,790000.0,756000.0,34000.0,Completed,2023-06-08,2023-07-13,2023-10-15,2023-24,27.54066,94.93588,True
MPLADS-2023-TN-0907,S. Murasoli,Lok Sabha,Thanjavur (Lok Sabha),Tamil Nadu,Thanjavur,Kumbakonam,Chitrakoot,Thanjavur City Corp,Rural Road & Culvert,Bituminous road widening and storm-water drainage culvert in Chitrakoot,1610000.0,1610000.0,1584000.0,26000.0,Completed,2023-12-13,2024-01-18,2024-05-06,2023-24,10.8889,78.88446,True
MPLADS-2023-WB-0908,Jagannath Sarkar,Lok Sabha,Ranaghat (Lok Sabha),West Bengal,Nadia,Ranaghat-II,Shanti Nagar,Zilla Parishad Nadia,Rural Road & Culvert,Inter-hamlet link road paving connecting agricultural mandi to Shanti Nagar,1650000.0,1238000.0,515000.0,723000.0,In Progress,2023-11-04,2023-11-30,,2023-24,23.40589,88.23088,True
MPLADS-2023-KA-0909,Tejasvi Surya,Lok Sabha,Bangalore South (Lok Sabha),Karnataka,Bangalore Urban,Padmanabhanagar,Tilak Nagar,BWSSB Karnataka,Rural Road & Culvert,Laying of heavy-duty interlocking paver block street in Tilak Nagar settlement,2920000.0,2920000.0,2881000.0,39000.0,Completed,2023-05-22,2023-06-28,2023-11-06,2023-24,12.79822,77.63608,True
MPLADS-2023-MP-0910,Lata Wankhede,Lok Sabha,Sagar (Lok Sabha),Madhya Pradesh,Sagar,Rahatgarh,Vivekananda Nagar,Sagar Smart City,Solar & Public Lighting,Installation of solar mini-grid powered street lighting and battery bank at Vivekananda Nagar,650000.0,650000.0,615000.0,35000.0,Completed,2023-09-03,2023-09-21,2023-12-11,2023-24,24.05049,78.70299,True
MPLADS-2023-MP-0911,Bharat Singh Kushwah,Lok Sabha,Gwalior (Lok Sabha),Madhya Pradesh,Gwalior,Bhitarwar,Surya Nagar,MPRRDA Gwalior,Rural Road & Culvert,Bituminous road widening and storm-water drainage culvert in Surya Nagar,3440000.0,3440000.0,3235000.0,205000.0,Completed,2023-10-14,2023-12-02,2024-05-06,2023-24,26.00663,78.40178,True
MPLADS-2023-HA-0912,Rao Inderjit Singh,Lok Sabha,Gurgaon (Lok Sabha),Haryana,Gurugram,Farrukhnagar,Ganeshpur,GMDA Gurugram,Drinking Water Facility,Installation of 1000 LPH RO drinking water purification kiosk in Ganeshpur,480000.0,480000.0,353000.0,127000.0,In Progress,2023-11-22,2024-01-07,,2023-24,28.40749,77.1491,True
MPLADS-2023-JA-0913,Aga Syed Ruhullah Mehdi,Lok Sabha,Srinagar (Lok Sabha),Jammu & Kashmir,Srinagar,Khanyar,Patel Nagar,Srinagar Municipal Corp,Drinking Water Facility,Installation of fluorosis/arsenic filtration drinking water unit in Patel Nagar school campus,330000.0,330000.0,317000.0,13000.0,Completed,2023-08-31,2023-10-05,2023-11-23,2023-24,34.10559,74.72465,True
MPLADS-2023-MA-0914,Rajabhau Waje,Lok Sabha,Nashik (Lok Sabha),Maharashtra,Nashik,Trimbak,Adarsh Nagar,Nashik Municipal Corp,Primary Health Sub-Center & Medical,Procurement and fabrication of Advanced Life Support (ALS) mobile ambulance for Adarsh Nagar block,2510000.0,2510000.0,2449000.0,61000.0,Completed,2023-08-19,2023-09-30,2024-06-10,2023-24,20.04585,73.46825,True
MPLADS-2023-TN-0915,Dayanidhi Maran,Lok Sabha,Chennai Central (Lok Sabha),Tamil Nadu,Chennai,Anna Nagar,Chitrakoot,Greater Chennai Corporation,Primary Health Sub-Center & Medical,Upgradation of Primary Health Sub-Center with maternity care and diagnostics room at Chitrakoot,1830000.0,1830000.0,1765000.0,65000.0,Completed,2023-09-20,2023-10-10,2024-02-12,2023-24,12.86145,80.44344,True
MPLADS-2023-PU-0916,Gurjeet Singh Aujla,Lok Sabha,Amritsar (Lok Sabha),Punjab,Amritsar,Jandiala,Gandhi Gram,Amritsar Municipal Corp,School Classroom & Education,"Provision of STEM science laboratory equipment, computer lab furniture and student desks at Gandhi Gram",2490000.0,2490000.0,2441000.0,49000.0,Completed,2023-12-20,2024-02-12,2024-04-18,2023-24,31.54597,74.85334,True
MPLADS-2023-HP-0917,Suresh Kumar Kashyap,Lok Sabha,Shimla (Lok Sabha),Himachal Pradesh,Shimla,Rohru,Krishnapuram,DRDA Shimla,Rural Road & Culvert,Construction of reinforced concrete box culvert on arterial approach road at Krishnapuram,2510000.0,2510000.0,2399000.0,111000.0,Completed,2023-10-22,2023-12-14,2024-06-25,2023-24,30.8998,77.37084,True
MPLADS-2023-AS-0918,Bijuli Kalita Medhi,Lok Sabha,Gauhati (Lok Sabha),Assam,Kamrup Metropolitan,Hajo,Ganeshpur,Assam PWD,School Classroom & Education,"Provision of STEM science laboratory equipment, computer lab furniture and student desks at Ganeshpur",780000.0,780000.0,761000.0,19000.0,Completed,2023-04-10,2023-05-09,2023-10-09,2023-24,26.29292,91.96508,True
MPLADS-2023-OD-0919,Dharmendra Pradhan,Lok Sabha,Sambalpur (Lok Sabha),Odisha,Sambalpur,Kuchinda,Bhojpur,Odisha Works Dept,Community Infrastructure,Construction of multi-utility cyclone / flood safety community shelter at Bhojpur,1540000.0,1540000.0,1489000.0,51000.0,Completed,2023-09-11,2023-10-17,2024-06-20,2023-24,21.26435,84.11961,True
MPLADS-2023-AS-0920,Sarbananda Sonowal,Lok Sabha,Dibrugarh (Lok Sabha),Assam,Dibrugarh,Naharkatia,Khadki,Assam PWD Roads,Solar & Public Lighting,Installation of 30 standalone LED solar street lights across major junctions in Khadki,1360000.0,1360000.0,1281000.0,79000.0,Completed,2023-09-24,2023-11-13,2023-12-31,2023-24,27.6484,94.87805,True
MPLADS-2023-GU-0921,Hasmukh Patel,Lok Sabha,Ahmedabad East (Lok Sabha),Gujarat,Ahmedabad,Naroda,Panchavati,R&B Dept Gujarat,Rural Road & Culvert,Construction of reinforced concrete box culvert on arterial approach road at Panchavati,1550000.0,1550000.0,1545000.0,5000.0,Completed,2023-10-30,2023-12-11,2024-07-30,2023-24,23.19334,72.91418,True
MPLADS-2023-MP-0922,Anil Firojiya,Lok Sabha,Ujjain (Lok Sabha),Madhya Pradesh,Ujjain,Tarana,Chitrakoot,MP Jal Nigam,Rural Road & Culvert,Construction of cement concrete (CC) internal village road at Chitrakoot,1690000.0,1690000.0,1604000.0,86000.0,Completed,2023-05-27,2023-06-24,2024-01-02,2023-24,23.21155,75.68492,True
MPLADS-2023-WB-0923,June Malia,Lok Sabha,Medinipur (Lok Sabha),West Bengal,Paschim Medinipur,Keshpur,Surya Nagar,WB PWD Medinipur,Solar & Public Lighting,Installation of 30 standalone LED solar street lights across major junctions in Surya Nagar,880000.0,880000.0,839000.0,41000.0,Completed,2023-09-10,2023-11-07,2024-01-01,2023-24,22.42208,87.29464,True
MPLADS-2023-KA-0924,Tejasvi Surya,Lok Sabha,Bangalore South (Lok Sabha),Karnataka,Bangalore Urban,Padmanabhanagar,Patel Nagar,BWSSB Karnataka,Rural Road & Culvert,Construction of reinforced concrete box culvert on arterial approach road at Patel Nagar,2990000.0,2990000.0,2911000.0,79000.0,Completed,2023-06-28,2023-08-11,2024-02-24,2023-24,13.25687,77.52101,True
MPLADS-2023-TE-0925,Asaduddin Owaisi,Lok Sabha,Hyderabad (Lok Sabha),Telangana,Hyderabad,Chandrayangutta,Govindpur,GHMC Hyderabad,Solar & Public Lighting,Installation of 30 standalone LED solar street lights across major junctions in Govindpur,820000.0,820000.0,798000.0,22000.0,Completed,2023-04-12,2023-05-23,2023-07-22,2023-24,17.51405,78.80299,True
MPLADS-2023-UP-0926,Satish Kumar Gautam,Lok Sabha,Aligarh (Lok Sabha),Uttar Pradesh,Aligarh,Khair,Gandhi Gram,UP Jal Nigam,Rural Road & Culvert,Laying of heavy-duty interlocking paver block street in Gandhi Gram settlement,1610000.0,1610000.0,1532000.0,78000.0,Completed,2023-06-29,2023-07-29,2023-11-29,2023-24,27.75249,78.36411,True
MPLADS-2023-WB-0927,Kirti Azad,Lok Sabha,Bardhaman-Durgapur (Lok Sabha),West Bengal,Purba Bardhaman,Durgapur Rural,Chitrakoot,Purba Bardhaman Zilla Parishad,Community Infrastructure,Development of public cultural center and community shed at Chitrakoot,4290000.0,3218000.0,2737000.0,481000.0,In Progress,2023-12-13,2024-01-26,,2023-24,23.51862,87.6829,True
MPLADS-2023-PU-0928,Gurjeet Singh Aujla,Lok Sabha,Amritsar (Lok Sabha),Punjab,Amritsar,Ajnala,Khadki,Punjab PWD,Solar & Public Lighting,Installation of solar mini-grid powered street lighting and battery bank at Khadki,1070000.0,802000.0,471000.0,331000.0,In Progress,2023-10-15,2023-11-29,,2023-24,31.90235,74.89844,True
MPLADS-2023-PU-0929,Gurjeet Singh Aujla,Lok Sabha,Amritsar (Lok Sabha),Punjab,Amritsar,Jandiala,Chandrapur,Punjab Mandi Board,Drinking Water Facility,Installation of fluorosis/arsenic filtration drinking water unit in Chandrapur school campus,1540000.0,1540000.0,1231000.0,309000.0,In Progress,2023-10-04,2023-10-21,,2023-24,31.58401,74.60914,True
MPLADS-2023-MA-0930,Naresh Mhaske,Lok Sabha,Thane (Lok Sabha),Maharashtra,Thane,Thane Rural,Surya Nagar,MMRDA,Drinking Water Facility,Upgradation of pipeline distribution and community water tap stands in Surya Nagar,510000.0,306000.0,164000.0,142000.0,In Progress,2022-01-02,2022-02-01,,2023-24,19.36466,73.15485,True
MPLADS-2023-UT-0931,Trivendra Singh Rawat,Lok Sabha,Haridwar (Lok Sabha),Uttarakhand,Haridwar,Laksar,Mahavir Nagar,Uttarakhand Peyjal Nigam,Drinking Water Facility,Installation of fluorosis/arsenic filtration drinking water unit in Mahavir Nagar school campus,1350000.0,1350000.0,1281000.0,69000.0,Completed,2023-08-19,2023-10-09,2023-12-29,2023-24,29.61386,78.43032,True
MPLADS-2023-AP-0932,Pemmasani Chandra Sekhar,Lok Sabha,Guntur (Lok Sabha),Andhra Pradesh,Guntur,Tenali,Hanuman Nagar,AP Panchayat Raj Dept,School Classroom & Education,"Provision of STEM science laboratory equipment, computer lab furniture and student desks at Hanuman Nagar",2010000.0,2010000.0,1922000.0,88000.0,Completed,2023-08-29,2023-10-11,2024-03-28,2023-24,16.22566,80.53223,True
MPLADS-2023-UP-0933,Arun Govil,Lok Sabha,Meerut (Lok Sabha),Uttar Pradesh,Meerut,Rajpura,Navi Vasti,UP Jal Nigam Meerut,School Classroom & Education,"Construction of two additional smart classrooms in Zilla Parishad High School, Navi Vasti",1090000.0,1090000.0,1035000.0,55000.0,Completed,2023-12-21,2024-02-06,2024-05-20,2023-24,29.0852,77.76739,True
MPLADS-2023-RA-0934,Om Birla,Lok Sabha,Kota (Lok Sabha),Rajasthan,Kota,Itawa,Bhojpur,Rajasthan PWD,Community Infrastructure,Development of public cultural center and community shed at Bhojpur,4550000.0,4550000.0,4453000.0,97000.0,Completed,2023-06-29,2023-08-13,2023-12-27,2023-24,25.10346,75.73132,True
MPLADS-2023-WB-0935,Prasun Banerjee,Lok Sabha,Howrah (Lok Sabha),West Bengal,Howrah,Domjur,Gopalganj,Zilla Parishad Howrah,Solar & Public Lighting,Erection of high-mast 16-meter LED solar illumination tower near market square in Gopalganj,590000.0,590000.0,498000.0,92000.0,In Progress,2024-01-17,2024-03-01,,2023-24,22.79396,88.28048,True
MPLADS-2023-WB-0936,Raju Bista,Lok Sabha,Darjeeling (Lok Sabha),West Bengal,Darjeeling,Mirik,Khadki,WB PWD,Drinking Water Facility,Installation of 1000 LPH RO drinking water purification kiosk in Khadki,2690000.0,2690000.0,2562000.0,128000.0,Completed,2023-05-05,2023-06-21,2023-08-15,2023-24,27.37031,87.95548,True
MPLADS-2023-AP-0937,Daggubati Purandeswari,Lok Sabha,Rajahmundry (Lok Sabha),Andhra Pradesh,East Godavari,Nidadavole,Lakshmipuram,Godavari Urban Dev Authority,Sanitation & Public Amenities,Modern Sulabh-type public sanitation facility with running water and septic tank in Lakshmipuram bus stand,1570000.0,1570000.0,1448000.0,122000.0,Completed,2023-08-04,2023-09-29,2024-01-24,2023-24,16.83653,81.64823,True
MPLADS-2023-UT-0938,Trivendra Singh Rawat,Lok Sabha,Haridwar (Lok Sabha),Uttarakhand,Haridwar,Roorkee,Tilak Nagar,Haridwar Roorkee Dev Authority,Drinking Water Facility,Installation of 1000 LPH RO drinking water purification kiosk in Tilak Nagar,610000.0,610000.0,577000.0,33000.0,Completed,2024-01-25,2024-02-24,2024-04-15,2023-24,29.8189,78.25793,True
MPLADS-2023-WB-0939,Kirti Azad,Lok Sabha,Bardhaman-Durgapur (Lok Sabha),West Bengal,Purba Bardhaman,Galsi,Devipura,WB PWD,Community Infrastructure,Development of public cultural center and community shed at Devipura,1850000.0,1850000.0,1740000.0,110000.0,Completed,2023-07-20,2023-09-10,2024-04-27,2023-24,23.4852,87.58957,True
MPLADS-2023-KA-0940,Capt. Brijesh Chowta,Lok Sabha,Dakshina Kannada (Lok Sabha),Karnataka,Dakshina Kannada,Belthangady,Sitarampur,Zilla Panchayat Mangaluru,School Classroom & Education,"Installation of rooftop solar generation system and clean drinking facility in Govt School, Sitarampur",2490000.0,2490000.0,2366000.0,124000.0,Completed,2023-10-26,2023-11-26,2024-03-29,2023-24,12.9024,74.70463,True
MPLADS-2023-TE-0941,Kadiyam Kavya,Lok Sabha,Warangal (Lok Sabha),Telangana,Warangal,Wardhannapet,Bhavani Peth,Mission Bhagiratha,Drinking Water Facility,Upgradation of pipeline distribution and community water tap stands in Bhavani Peth,1320000.0,1320000.0,1299000.0,21000.0,Completed,2023-09-06,2023-10-23,2023-12-30,2023-24,17.96021,79.46755,True
MPLADS-2023-RA-0942,Manna Lal Rawat,Lok Sabha,Udaipur (Lok Sabha),Rajasthan,Udaipur,Gogunda,Krishnapuram,Udaipur Smart City,Rural Road & Culvert,Laying of heavy-duty interlocking paver block street in Krishnapuram settlement,2520000.0,2520000.0,2489000.0,31000.0,Completed,2023-11-13,2023-12-04,2024-04-21,2023-24,24.78055,73.8965,True
MPLADS-2023-WB-0943,Abu Taher Khan,Lok Sabha,Murshidabad (Lok Sabha),West Bengal,Murshidabad,Hariharpara,Shivaji Nagar,PHE Dept WB,Sports & Youth Welfare,Construction of pavilion seating shed and sports training facility in Gram Panchayat Shivaji Nagar,870000.0,870000.0,852000.0,18000.0,Completed,2023-09-01,2023-10-29,2024-01-23,2023-24,23.93447,88.46648,True
MPLADS-2023-MA-0944,Nitin Gadkari,Lok Sabha,Nagpur (Lok Sabha),Maharashtra,Nagpur,Ramtek,Hanuman Nagar,Zilla Parishad Nagpur,Drinking Water Facility,Deployment of solar water pumping system and distribution cistern in Hanuman Nagar,1770000.0,1770000.0,1691000.0,79000.0,Completed,2024-01-30,2024-03-26,2024-06-12,2023-24,21.12619,79.33757,True
MPLADS-2023-BI-0945,Pappu Yadav,Lok Sabha,Purnia (Lok Sabha),Bihar,Purnia,Banmankhi,Subhash Nagar,Rural Works Dept Bihar,Primary Health Sub-Center & Medical,Civil construction of Ayushman Bharat Health & Wellness Centre dispensary in Subhash Nagar,3040000.0,3040000.0,2992000.0,48000.0,Completed,2023-11-17,2023-12-22,2024-04-21,2023-24,25.96066,87.40816,True
MPLADS-2023-MP-0946,Ashish Dubey,Lok Sabha,Jabalpur (Lok Sabha),Madhya Pradesh,Jabalpur,Sihora,Green Park,MPRRDA,Rural Road & Culvert,Bituminous road widening and storm-water drainage culvert in Green Park,1130000.0,1130000.0,1083000.0,47000.0,Completed,2023-08-10,2023-10-09,2024-04-13,2023-24,23.05948,80.02838,True
MPLADS-2023-WB-0947,Raju Bista,Lok Sabha,Darjeeling (Lok Sabha),West Bengal,Darjeeling,Siliguri Rural,Kalyanpur,Siliguri Jalpaiguri Dev Authority,Rural Road & Culvert,Bituminous road widening and storm-water drainage culvert in Kalyanpur,980000.0,490000.0,407000.0,83000.0,In Progress,2024-01-29,2024-03-14,,2023-24,26.96404,88.58811,True
MPLADS-2023-DE-0948,Bansuri Swaraj,Lok Sabha,New Delhi (Lok Sabha),Delhi,New Delhi,Chanakyapuri,Chitrakoot,DDA Delhi,School Classroom & Education,"Installation of rooftop solar generation system and clean drinking facility in Govt School, Chitrakoot",710000.0,710000.0,705000.0,5000.0,Completed,2023-09-23,2023-10-11,2023-12-24,2023-24,28.59419,77.47559,True
MPLADS-2023-UP-0949,Anurag Sharma,Lok Sabha,Jhansi (Lok Sabha),Uttar Pradesh,Jhansi,Moth,Navi Vasti,Bundelkhand Vikas Pradhikaran,School Classroom & Education,"Provision of STEM science laboratory equipment, computer lab furniture and student desks at Navi Vasti",1690000.0,1690000.0,1642000.0,48000.0,Completed,2023-05-16,2023-07-05,2023-11-26,2023-24,25.2809,78.59022,True
MPLADS-2023-BI-0950,Ravi Shankar Prasad,Lok Sabha,Patna Sahib (Lok Sabha),Bihar,Patna,Danapur,Shivaji Nagar,Patna Municipal Corp,Drinking Water Facility,Installation of fluorosis/arsenic filtration drinking water unit in Shivaji Nagar school campus,1420000.0,1420000.0,1365000.0,55000.0,Completed,2023-07-04,2023-08-01,2023-10-10,2023-24,25.71847,85.28044,True
MPLADS-2023-BI-0951,Ravi Shankar Prasad,Lok Sabha,Patna Sahib (Lok Sabha),Bihar,Patna,Danapur,Madhavpuram,Patna Municipal Corp,Drinking Water Facility,Installation of fluorosis/arsenic filtration drinking water unit in Madhavpuram school campus,890000.0,890000.0,888000.0,2000.0,Completed,2023-04-25,2023-06-10,2023-09-10,2023-24,25.25544,85.09364,True
MPLADS-2023-UP-0952,Anurag Sharma,Lok Sabha,Jhansi (Lok Sabha),Uttar Pradesh,Jhansi,Mauranipur,Patel Nagar,UP Jal Nigam Jhansi,School Classroom & Education,"Provision of STEM science laboratory equipment, computer lab furniture and student desks at Patel Nagar",2770000.0,2770000.0,2637000.0,133000.0,Completed,2024-01-15,2024-02-03,2024-07-14,2023-24,25.45785,78.81454,True
MPLADS-2023-OD-0953,Dharmendra Pradhan,Lok Sabha,Sambalpur (Lok Sabha),Odisha,Sambalpur,Jujomura,Shanti Nagar,Sambalpur Municipal Corp,Rural Road & Culvert,Laying of heavy-duty interlocking paver block street in Shanti Nagar settlement,2730000.0,2730000.0,2586000.0,144000.0,Completed,2023-09-17,2023-10-11,2024-04-28,2023-24,21.73948,83.91223,True
MPLADS-2023-BI-0954,Ravi Shankar Prasad,Lok Sabha,Patna Sahib (Lok Sabha),Bihar,Patna,Bakhtiarpur,Shivpur,Bihar Rajya Pul Nirman Nigam,Rural Road & Culvert,Bituminous road widening and storm-water drainage culvert in Shivpur,1470000.0,1470000.0,1447000.0,23000.0,Completed,2023-08-11,2023-09-04,2024-04-17,2023-24,25.56453,85.25338,True
MPLADS-2023-JA-0955,Aga Syed Ruhullah Mehdi,Lok Sabha,Srinagar (Lok Sabha),Jammu & Kashmir,Srinagar,Batamaloo,Navi Vasti,Srinagar Municipal Corp,Rural Road & Culvert,Inter-hamlet link road paving connecting agricultural mandi to Navi Vasti,1040000.0,520000.0,403000.0,117000.0,In Progress,2023-12-30,2024-01-15,,2023-24,34.40196,74.67652,True
MPLADS-2023-TN-0956,Su. Venkatesan,Lok Sabha,Madurai (Lok Sabha),Tamil Nadu,Madurai,Madurai West,Vikas Nagar,Madurai Municipal Corp,Rural Road & Culvert,Laying of heavy-duty interlocking paver block street in Vikas Nagar settlement,3470000.0,3470000.0,3438000.0,32000.0,Completed,2023-07-21,2023-08-19,2024-03-08,2023-24,9.66138,78.43341,True
MPLADS-2023-UP-0957,Imran Masood,Lok Sabha,Saharanpur (Lok Sabha),Uttar Pradesh,Saharanpur,Rampur Maniharan,Chandrapur,PWD Saharanpur,Community Infrastructure,Renovation and structural expansion of Gram Panchayat community auditorium in Chandrapur,2900000.0,2900000.0,2889000.0,11000.0,Completed,2023-10-12,2023-11-09,2024-07-15,2023-24,30.2572,77.70236,True
MPLADS-2023-MA-0958,Nitin Gadkari,Lok Sabha,Nagpur (Lok Sabha),Maharashtra,Nagpur,Kamptee,Vivekananda Nagar,Nagpur Improvement Trust,Sanitation & Public Amenities,Construction of passenger waiting shelter and public utility block near bus stop in Vivekananda Nagar,1150000.0,920000.0,500000.0,420000.0,In Progress,2021-11-18,2021-12-18,,2023-24,21.15191,79.39963,True
MPLADS-2023-UP-0959,Narendra Modi,Lok Sabha,Varanasi (Lok Sabha),Uttar Pradesh,Varanasi,Kashi Vidyapeeth,Balarampur,Varanasi Nagar Nigam,Rural Road & Culvert,Inter-hamlet link road paving connecting agricultural mandi to Balarampur,1580000.0,1185000.0,833000.0,352000.0,In Progress,2023-05-04,2023-06-07,,2023-24,25.45845,83.0792,True
MPLADS-2023-MP-0960,Bharat Singh Kushwah,Lok Sabha,Gwalior (Lok Sabha),Madhya Pradesh,Gwalior,Morar,Madhavpuram,MP PWD,Drinking Water Facility,Installation of 1000 LPH RO drinking water purification kiosk in Madhavpuram,510000.0,510000.0,484000.0,26000.0,Completed,2023-06-30,2023-07-30,2023-11-12,2023-24,26.4019,77.87563,True
MPLADS-2023-WB-0961,Abu Taher Khan,Lok Sabha,Murshidabad (Lok Sabha),West Bengal,Murshidabad,Domkal,Nandgaon,WB PWD,Rural Road & Culvert,Laying of heavy-duty interlocking paver block street in Nandgaon settlement,1020000.0,510000.0,374000.0,136000.0,In Progress,2023-06-17,2023-08-04,,2023-24,24.47247,88.48059,True
MPLADS-2023-UP-0962,Atul Garg,Lok Sabha,Ghaziabad (Lok Sabha),Uttar Pradesh,Ghaziabad,Loni,Balarampur,UP Jal Nigam,Solar & Public Lighting,Illumination of village approach road and panchayat center with dusk-to-dawn solar luminaires at Balarampur,1110000.0,1110000.0,1065000.0,45000.0,Completed,2024-02-13,2024-03-15,2024-06-09,2023-24,28.64855,77.61827,True
MPLADS-2023-MA-0963,Sandipan Bhumre,Lok Sabha,Aurangabad (Lok Sabha),Maharashtra,Chhatrapati Sambhajinagar,Paithan,Bhojpur,Zilla Parishad Aurangabad,Sanitation & Public Amenities,Modern Sulabh-type public sanitation facility with running water and septic tank in Bhojpur bus stand,560000.0,560000.0,558000.0,2000.0,Completed,2023-09-26,2023-10-11,2023-12-04,2023-24,20.20431,75.3184,True
MPLADS-2023-KA-0964,Jagadish Shettar,Lok Sabha,Belagavi (Lok Sabha),Karnataka,Belagavi,Khanapur,Chitrakoot,Belagavi City Corp,Solar & Public Lighting,Installation of 30 standalone LED solar street lights across major junctions in Chitrakoot,800000.0,800000.0,782000.0,18000.0,Completed,2023-08-10,2023-09-24,2023-12-05,2023-24,16.00112,74.48215,True
MPLADS-2023-UT-0965,Trivendra Singh Rawat,Lok Sabha,Haridwar (Lok Sabha),Uttarakhand,Haridwar,Bhagwanpur,Sardar Patel Nagar,Haridwar Roorkee Dev Authority,Rural Road & Culvert,Bituminous road widening and storm-water drainage culvert in Sardar Patel Nagar,1180000.0,1180000.0,1151000.0,29000.0,Completed,2023-05-19,2023-06-08,2023-11-08,2023-24,29.75406,77.94344,True
MPLADS-2023-AS-0966,Sarbananda Sonowal,Lok Sabha,Dibrugarh (Lok Sabha),Assam,Dibrugarh,Naharkatia,Ganeshpur,DRDA Dibrugarh,Solar & Public Lighting,Illumination of village approach road and panchayat center with dusk-to-dawn solar luminaires at Ganeshpur,970000.0,970000.0,944000.0,26000.0,Completed,2023-09-15,2023-10-08,2024-01-05,2023-24,27.71832,95.08556,True
MPLADS-2023-MP-0967,Lata Wankhede,Lok Sabha,Sagar (Lok Sabha),Madhya Pradesh,Sagar,Bina,Krishnapuram,Sagar Smart City,Rural Road & Culvert,Bituminous road widening and storm-water drainage culvert in Krishnapuram,2400000.0,2400000.0,2323000.0,77000.0,Completed,2023-06-22,2023-07-22,2024-01-16,2023-24,23.62022,78.99647,True
MPLADS-2023-OD-0968,Dharmendra Pradhan,Lok Sabha,Sambalpur (Lok Sabha),Odisha,Sambalpur,Jamankira,Ganeshpur,Sambalpur Municipal Corp,Solar & Public Lighting,Illumination of village approach road and panchayat center with dusk-to-dawn solar luminaires at Ganeshpur,770000.0,770000.0,739000.0,31000.0,Completed,2023-08-22,2023-09-13,2023-12-09,2023-24,21.24732,83.86989,True
MPLADS-2023-GU-0969,Nimuben Bambhaniya,Lok Sabha,Bhavnagar (Lok Sabha),Gujarat,Bhavnagar,Talaja,Kalyanpur,DRDA Bhavnagar,Solar & Public Lighting,Illumination of village approach road and panchayat center with dusk-to-dawn solar luminaires at Kalyanpur,980000.0,980000.0,923000.0,57000.0,Completed,2023-05-03,2023-06-03,2023-08-06,2023-24,21.50286,71.96089,True
MPLADS-2023-GU-0970,Hasmukh Patel,Lok Sabha,Ahmedabad East (Lok Sabha),Gujarat,Ahmedabad,Nikol,Patel Nagar,R&B Dept Gujarat,Rural Road & Culvert,Inter-hamlet link road paving connecting agricultural mandi to Patel Nagar,1420000.0,1420000.0,1406000.0,14000.0,Completed,2024-01-09,2024-02-20,2024-09-26,2023-24,22.80033,72.79542,True
MPLADS-2023-RA-0971,Gajendra Singh Shekhawat,Lok Sabha,Jodhpur (Lok Sabha),Rajasthan,Jodhpur,Bilara,Shivpur,PHED Rajasthan,Rural Road & Culvert,Inter-hamlet link road paving connecting agricultural mandi to Shivpur,2080000.0,2080000.0,2052000.0,28000.0,Completed,2024-01-14,2024-02-07,2024-08-07,2023-24,26.26652,73.15989,True
MPLADS-2023-RA-0972,Gajendra Singh Shekhawat,Lok Sabha,Jodhpur (Lok Sabha),Rajasthan,Jodhpur,Osian,Kalyanpur,PHED Rajasthan,Solar & Public Lighting,Erection of high-mast 16-meter LED solar illumination tower near market square in Kalyanpur,850000.0,850000.0,806000.0,44000.0,Completed,2023-07-25,2023-09-17,2023-12-16,2023-24,26.55749,72.97111,True
MPLADS-2023-WB-0973,Abu Taher Khan,Lok Sabha,Murshidabad (Lok Sabha),West Bengal,Murshidabad,Berhampore,Patel Nagar,PHE Dept WB,Drinking Water Facility,Deployment of solar water pumping system and distribution cistern in Patel Nagar,1760000.0,1760000.0,1685000.0,75000.0,Completed,2023-11-26,2024-01-10,2024-03-04,2023-24,24.00093,88.31903,True
MPLADS-2023-BI-0974,Ajay Kumar Mandal,Lok Sabha,Bhagalpur (Lok Sabha),Bihar,Bhagalpur,Pirpainti,Sundar Nagar,Rural Works Dept Bihar,Rural Road & Culvert,Laying of heavy-duty interlocking paver block street in Sundar Nagar settlement,920000.0,460000.0,340000.0,120000.0,In Progress,2023-06-22,2023-08-06,,2023-24,25.00411,86.92751,True
MPLADS-2023-OD-0975,Bhartruhari Mahtab,Lok Sabha,Cuttack (Lok Sabha),Odisha,Cuttack,Mahanga,Sundar Nagar,Odisha Panchayati Raj Dept,Rural Road & Culvert,Inter-hamlet link road paving connecting agricultural mandi to Sundar Nagar,920000.0,920000.0,901000.0,19000.0,Completed,2023-06-03,2023-07-13,2023-12-02,2023-24,20.42287,86.00337,True
MPLADS-2023-HP-0976,Suresh Kumar Kashyap,Lok Sabha,Shimla (Lok Sabha),Himachal Pradesh,Shimla,Theog,Gopalganj,DRDA Shimla,Community Infrastructure,Construction of cremation ground covered shed (Shmashan Ghat) with solar lights in Gopalganj,3330000.0,3330000.0,3188000.0,142000.0,Completed,2024-02-01,2024-03-27,2024-08-25,2023-24,31.13368,77.25042,True
MPLADS-2023-MA-0977,Rajabhau Waje,Lok Sabha,Nashik (Lok Sabha),Maharashtra,Nashik,Sinnar,Khadki,PWD Nashik,Drinking Water Facility,Upgradation of pipeline distribution and community water tap stands in Khadki,470000.0,470000.0,399000.0,71000.0,In Progress,2023-11-05,2023-12-19,,2023-24,19.98861,73.64357,True
MPLADS-2023-RA-0978,Manju Sharma,Lok Sabha,Jaipur (Lok Sabha),Rajasthan,Jaipur,Sanganer,Chitrakoot,PHED Rajasthan,School Classroom & Education,"Provision of STEM science laboratory equipment, computer lab furniture and student desks at Chitrakoot",1060000.0,795000.0,527000.0,268000.0,In Progress,2023-12-10,2024-02-05,,2023-24,26.63603,75.97626,True
MPLADS-2023-PU-0979,Gurjeet Singh Aujla,Lok Sabha,Amritsar (Lok Sabha),Punjab,Amritsar,Attari,Sardar Patel Nagar,Punjab PWD,Drinking Water Facility,Installation of fluorosis/arsenic filtration drinking water unit in Sardar Patel Nagar school campus,1300000.0,780000.0,449000.0,331000.0,In Progress,2021-11-23,2021-12-23,,2023-24,31.43897,74.82594,True
MPLADS-2023-BI-0980,Jitan Ram Manjhi,Lok Sabha,Gaya (Lok Sabha),Bihar,Gaya,Wazirganj,Chitrakoot,Rural Works Dept Bihar,School Classroom & Education,"Installation of rooftop solar generation system and clean drinking facility in Govt School, Chitrakoot",1750000.0,1050000.0,457000.0,593000.0,In Progress,2022-03-02,2022-04-01,,2023-24,24.97622,84.90269,True
MPLADS-2023-AS-0981,Parimal Suklabaidya,Lok Sabha,Silchar (Lok Sabha),Assam,Cachar,Udharbond,Khadki,Assam PHE Dept,Drinking Water Facility,Installation of fluorosis/arsenic filtration drinking water unit in Khadki school campus,1580000.0,1185000.0,645000.0,540000.0,In Progress,2023-12-24,2024-02-13,,2023-24,24.92298,92.97324,True
MPLADS-2023-AS-0982,Bijuli Kalita Medhi,Lok Sabha,Gauhati (Lok Sabha),Assam,Kamrup Metropolitan,Jalukbari,Krishnapuram,DRDA Kamrup,Rural Road & Culvert,Inter-hamlet link road paving connecting agricultural mandi to Krishnapuram,800000.0,600000.0,439000.0,161000.0,In Progress,2023-04-15,2023-05-26,,2023-24,26.27261,91.63286,True
MPLADS-2023-WB-0983,Abu Taher Khan,Lok Sabha,Murshidabad (Lok Sabha),West Bengal,Murshidabad,Kandi,Shivaji Nagar,Zilla Parishad Murshidabad,Community Infrastructure,Construction of cremation ground covered shed (Shmashan Ghat) with solar lights in Shivaji Nagar,4190000.0,4190000.0,3034000.0,1156000.0,In Progress,2023-07-17,2023-08-11,,2023-24,24.10592,88.17398,True
MPLADS-2023-MA-0984,Praniti Shinde,Lok Sabha,Solapur (Lok Sabha),Maharashtra,Solapur,North Solapur,Nehru Colony,PWD Solapur,School Classroom & Education,Upgradation of primary school infrastructure with disabled-friendly ramps and smart board in Nehru Colony,2010000.0,2010000.0,1974000.0,36000.0,Completed,2023-09-10,2023-10-09,2024-02-27,2023-24,17.59415,75.99166,True
MPLADS-2023-TE-0985,G. Kishan Reddy,Lok Sabha,Secunderabad (Lok Sabha),Telangana,Hyderabad Suburbs,Jubilee Hills,Lakshmipuram,GHMC,Primary Health Sub-Center & Medical,"Supply of medical diagnostics, vaccine cold chain refrigerator and emergency triage beds at Lakshmipuram",1750000.0,1312000.0,858000.0,454000.0,In Progress,2023-10-03,2023-11-15,,2023-24,17.22275,78.36567,True
MPLADS-2023-RA-0986,Arjun Ram Meghwal,Lok Sabha,Bikaner (Lok Sabha),Rajasthan,Bikaner,Lunkaransar,Ambedkar Basti,Rajasthan PWD,Rural Road & Culvert,Laying of heavy-duty interlocking paver block street in Ambedkar Basti settlement,3480000.0,3480000.0,3385000.0,95000.0,Completed,2023-07-11,2023-07-30,2024-02-08,2023-24,28.26945,73.06394,True
MPLADS-2023-TN-0987,T. M. Selvaganapathi,Lok Sabha,Salem (Lok Sabha),Tamil Nadu,Salem,Yercaud,Adarsh Nagar,DRDA Salem,Drinking Water Facility,Installation of 1000 LPH RO drinking water purification kiosk in Adarsh Nagar,1570000.0,1570000.0,1567000.0,3000.0,Completed,2024-02-09,2024-03-13,2024-06-22,2023-24,11.89259,77.96813,True
MPLADS-2023-MA-0988,Naresh Mhaske,Lok Sabha,Thane (Lok Sabha),Maharashtra,Thane,Thane Rural,Indira Nagar,Zilla Parishad Thane,Primary Health Sub-Center & Medical,Procurement and fabrication of Advanced Life Support (ALS) mobile ambulance for Indira Nagar block,1460000.0,1460000.0,1373000.0,87000.0,Completed,2023-11-12,2023-12-11,2024-06-10,2023-24,19.54351,73.22837,True
MPLADS-2023-GU-0989,Parshottam Rupala,Lok Sabha,Rajkot (Lok Sabha),Gujarat,Rajkot,Jetpur,Tagore Pally,DRDA Rajkot,School Classroom & Education,"Erection of protective boundary wall and main gate for Government Senior Secondary School, Tagore Pally",1380000.0,1380000.0,1369000.0,11000.0,Completed,2024-01-23,2024-03-11,2024-06-28,2023-24,22.47665,70.94692,True
MPLADS-2023-TN-0990,Robert Bruce,Lok Sabha,Tirunelveli (Lok Sabha),Tamil Nadu,Tirunelveli,Nanguneri,Surya Nagar,DRDA Tirunelveli,Drinking Water Facility,Provision of deep solar-powered borewell with 5000L elevated storage tank at Surya Nagar,780000.0,780000.0,772000.0,8000.0,Completed,2023-05-10,2023-06-16,2023-08-31,2023-24,8.92079,77.81197,True
MPLADS-2023-UP-0991,Atul Garg,Lok Sabha,Ghaziabad (Lok Sabha),Uttar Pradesh,Ghaziabad,Bhojpur,Chitrakoot,Ghaziabad Development Authority,Rural Road & Culvert,Inter-hamlet link road paving connecting agricultural mandi to Chitrakoot,2650000.0,2650000.0,2532000.0,118000.0,Completed,2024-01-09,2024-03-05,2024-06-16,2023-24,28.64137,77.41031,True
MPLADS-2023-OD-0992,Dharmendra Pradhan,Lok Sabha,Sambalpur (Lok Sabha),Odisha,Sambalpur,Rengali,Shivpur,Sambalpur Municipal Corp,School Classroom & Education,"Installation of rooftop solar generation system and clean drinking facility in Govt School, Shivpur",1660000.0,1660000.0,1567000.0,93000.0,Completed,2023-09-25,2023-10-13,2024-01-26,2023-24,21.16269,84.13441,True
MPLADS-2023-AP-0993,Pemmasani Chandra Sekhar,Lok Sabha,Guntur (Lok Sabha),Andhra Pradesh,Guntur,Mangalagiri,Chitrakoot,AP PWD,Community Infrastructure,Renovation and structural expansion of Gram Panchayat community auditorium in Chitrakoot,3960000.0,2970000.0,1167000.0,1803000.0,In Progress,2023-10-20,2023-11-12,,2023-24,16.44474,80.29976,True
MPLADS-2023-WB-0994,June Malia,Lok Sabha,Medinipur (Lok Sabha),West Bengal,Paschim Medinipur,Salboni,Rampur,WB PWD Medinipur,School Classroom & Education,"Construction of two additional smart classrooms in Zilla Parishad High School, Rampur",1950000.0,1560000.0,966000.0,594000.0,In Progress,2022-03-11,2022-04-10,,2023-24,22.58849,87.14406,True
MPLADS-2023-OD-0995,Bhartruhari Mahtab,Lok Sabha,Cuttack (Lok Sabha),Odisha,Cuttack,Mahanga,Madhavpuram,Cuttack Municipal Corp,Community Infrastructure,Construction of multipurpose community hall / Barat Ghar in Madhavpuram,2660000.0,1995000.0,1666000.0,329000.0,In Progress,2023-10-24,2023-11-14,,2023-24,20.3794,85.86489,True
MPLADS-2023-TN-0996,Su. Venkatesan,Lok Sabha,Madurai (Lok Sabha),Tamil Nadu,Madurai,Madurai East,Nehru Colony,PWD Water Resources,Rural Road & Culvert,Laying of heavy-duty interlocking paver block street in Nehru Colony settlement,3140000.0,2355000.0,848000.0,1507000.0,In Progress,2023-05-17,2023-07-02,,2023-24,9.82104,78.22286,True
MPLADS-2023-UP-0997,Anurag Sharma,Lok Sabha,Jhansi (Lok Sabha),Uttar Pradesh,Jhansi,Moth,Tilak Nagar,Bundelkhand Vikas Pradhikaran,Rural Road & Culvert,Construction of cement concrete (CC) internal village road at Tilak Nagar,3140000.0,2355000.0,774000.0,1581000.0,In Progress,2024-01-11,2024-01-29,,2023-24,25.09961,78.90809,True
MPLADS-2023-UP-0998,Narendra Modi,Lok Sabha,Varanasi (Lok Sabha),Uttar Pradesh,Varanasi,Pindra,Vikas Nagar,Varanasi Nagar Nigam,Rural Road & Culvert,Construction of reinforced concrete box culvert on arterial approach road at Vikas Nagar,3170000.0,3170000.0,3018000.0,152000.0,Completed,2023-06-28,2023-07-17,2024-01-11,2023-24,25.03548,83.10213,True
MPLADS-2023-MA-0999,Balwant Wankhade,Lok Sabha,Amravati (Lok Sabha),Maharashtra,Amravati,Morshi,Krishnapuram,DRDA Amravati,Community Infrastructure,Development of public cultural center and community shed at Krishnapuram,3280000.0,1640000.0,1370000.0,270000.0,In Progress,2023-04-16,2023-05-29,,2023-24,20.80557,77.6336,True
MPLADS-2023-TN-1000,Durai Vaiko,Lok Sabha,Tiruchirappalli (Lok Sabha),Tamil Nadu,Tiruchirappalli,Manapparai,Tilak Nagar,DRDA Tiruchirappalli,Rural Road & Culvert,Construction of cement concrete (CC) internal village road at Tilak Nagar,1990000.0,1492000.0,1288000.0,204000.0,In Progress,2023-06-19,2023-08-11,,2023-24,10.82409,78.62689,True
MPLADS-2023-KA-1001,Dr. C. N. Manjunath,Lok Sabha,Bangalore Rural (Lok Sabha),Karnataka,Bangalore Rural,Devanahalli,Bhavani Peth,Zilla Panchayat Bangalore Rural,Drinking Water Facility,Provision of deep solar-powered borewell with 5000L elevated storage tank at Bhavani Peth,660000.0,660000.0,623000.0,37000.0,Completed,2023-07-06,2023-08-21,2023-12-05,2023-24,13.51024,77.83177,True
MPLADS-2023-DE-1002,Bansuri Swaraj,Lok Sabha,New Delhi (Lok Sabha),Delhi,New Delhi,Connaught Place,Tilak Nagar,DDA Delhi,School Classroom & Education,Upgradation of primary school infrastructure with disabled-friendly ramps and smart board in Tilak Nagar,1930000.0,1930000.0,1846000.0,84000.0,Completed,2023-10-19,2023-12-06,2024-02-21,2023-24,28.57743,76.99763,True
MPLADS-2023-KE-1003,Suresh Gopi,Lok Sabha,Thrissur (Lok Sabha),Kerala,Thrissur,Chalakudy,Bhojpur,Kerala PWD Roads,Rural Road & Culvert,Laying of heavy-duty interlocking paver block street in Bhojpur settlement,570000.0,570000.0,546000.0,24000.0,Completed,2023-09-12,2023-10-03,2024-03-14,2023-24,10.71719,76.35363,True
MPLADS-2023-RA-1004,Manju Sharma,Lok Sabha,Jaipur (Lok Sabha),Rajasthan,Jaipur,Amer,Vikas Nagar,Jaipur Development Authority,School Classroom & Education,Upgradation of primary school infrastructure with disabled-friendly ramps and smart board in Vikas Nagar,1630000.0,1630000.0,1537000.0,93000.0,Completed,2023-09-08,2023-11-03,2024-02-09,2023-24,26.83183,75.68354,True
MPLADS-2023-AP-1005,M. Sribharat,Lok Sabha,Visakhapatnam (Lok Sabha),Andhra Pradesh,Visakhapatnam,Gajuwaka,Sardar Patel Nagar,AP RWS,Community Infrastructure,Development of public cultural center and community shed at Sardar Patel Nagar,3280000.0,3280000.0,3264000.0,16000.0,Completed,2023-04-23,2023-06-20,2023-12-13,2023-24,17.83549,82.91957,True
MPLADS-2023-WB-1006,Kirti Azad,Lok Sabha,Bardhaman-Durgapur (Lok Sabha),West Bengal,Purba Bardhaman,Bhatar,Sitarampur,Durgapur Municipal Corp,School Classroom & Education,"Construction of two additional smart classrooms in Zilla Parishad High School, Sitarampur",690000.0,690000.0,660000.0,30000.0,Completed,2023-07-15,2023-08-23,2024-02-14,2023-24,23.05067,88.08105,True
MPLADS-2023-TN-1007,Su. Venkatesan,Lok Sabha,Madurai (Lok Sabha),Tamil Nadu,Madurai,Thiruparankundram,Surya Nagar,Madurai Municipal Corp,Drinking Water Facility,Installation of 1000 LPH RO drinking water purification kiosk in Surya Nagar,530000.0,530000.0,527000.0,3000.0,Completed,2023-08-05,2023-09-27,2024-01-23,2023-24,10.07232,78.40126,True
MPLADS-2023-BI-1008,Ajay Kumar Mandal,Lok Sabha,Bhagalpur (Lok Sabha),Bihar,Bhagalpur,Sabour,Rampur,PWD Bhagalpur,Drinking Water Facility,Installation of fluorosis/arsenic filtration drinking water unit in Rampur school campus,870000.0,522000.0,318000.0,204000.0,In Progress,2021-12-16,2022-01-15,,2023-24,25.20689,87.09827,True
MPLADS-2023-WB-1009,Sudip Bandyopadhyay,Lok Sabha,Kolkata North (Lok Sabha),West Bengal,Kolkata,Shyampukur,Hanuman Nagar,Kolkata Municipal Corp,Community Infrastructure,Construction of multipurpose community hall / Barat Ghar in Hanuman Nagar,2140000.0,2140000.0,2096000.0,44000.0,Completed,2023-06-25,2023-07-30,2024-05-22,2023-24,22.51374,88.39538,True
MPLADS-2023-BI-1010,Kaushlendra Kumar,Lok Sabha,Nalanda (Lok Sabha),Bihar,Nalanda,Biharsharif,Balarampur,DRDA Nalanda,Rural Road & Culvert,Construction of cement concrete (CC) internal village road at Balarampur,2160000.0,1728000.0,748000.0,980000.0,In Progress,2021-11-27,2021-12-27,,2023-24,25.00825,85.74807,True
MPLADS-2023-MA-1011,Rajabhau Waje,Lok Sabha,Nashik (Lok Sabha),Maharashtra,Nashik,Nashik Rural,Shanti Nagar,Zilla Parishad Nashik,School Classroom & Education,"Provision of STEM science laboratory equipment, computer lab furniture and student desks at Shanti Nagar",1430000.0,1430000.0,1422000.0,8000.0,Completed,2023-11-13,2023-12-07,2024-05-13,2023-24,20.32966,73.97778,True
MPLADS-2023-PU-1012,Gurjeet Singh Aujla,Lok Sabha,Amritsar (Lok Sabha),Punjab,Amritsar,Ajnala,Rampur,Punjab PWD,Rural Road & Culvert,Inter-hamlet link road paving connecting agricultural mandi to Rampur,3080000.0,3080000.0,3010000.0,70000.0,Completed,2023-06-29,2023-07-30,2024-02-05,2023-24,31.55002,75.18507,True
MPLADS-2023-RA-1013,Manju Sharma,Lok Sabha,Jaipur (Lok Sabha),Rajasthan,Jaipur,Amer,Sitarampur,Jaipur Development Authority,Rural Road & Culvert,Inter-hamlet link road paving connecting agricultural mandi to Sitarampur,2470000.0,2470000.0,2357000.0,113000.0,Completed,2023-04-13,2023-05-26,2024-01-06,2023-24,26.76386,75.55007,True
MPLADS-2023-AP-1014,Pemmasani Chandra Sekhar,Lok Sabha,Guntur (Lok Sabha),Andhra Pradesh,Guntur,Mangalagiri,Sundar Nagar,Guntur Municipal Corp,Drinking Water Facility,Deployment of solar water pumping system and distribution cistern in Sundar Nagar,1100000.0,1100000.0,1036000.0,64000.0,Completed,2023-06-26,2023-08-19,2023-10-16,2023-24,16.43572,80.09063,True
MPLADS-2023-UP-1015,Rajnath Singh,Lok Sabha,Lucknow (Lok Sabha),Uttar Pradesh,Lucknow,Mohanlalganj,Indira Nagar,Lucknow Development Authority,Sanitation & Public Amenities,Construction of community sanitary complex with dedicated women hygiene cubicles at Indira Nagar,960000.0,960000.0,766000.0,194000.0,In Progress,2023-04-11,2023-04-30,,2023-24,26.69443,81.02743,True
MPLADS-2023-KA-1016,Capt. Brijesh Chowta,Lok Sabha,Dakshina Kannada (Lok Sabha),Karnataka,Dakshina Kannada,Belthangady,Vivekananda Nagar,Zilla Panchayat Mangaluru,School Classroom & Education,"Provision of STEM science laboratory equipment, computer lab furniture and student desks at Vivekananda Nagar",1260000.0,945000.0,731000.0,214000.0,In Progress,2023-11-19,2024-01-13,,2023-24,12.81619,74.60709,True
MPLADS-2023-TE-1017,G. Kishan Reddy,Lok Sabha,Secunderabad (Lok Sabha),Telangana,Hyderabad Suburbs,Jubilee Hills,Hanuman Nagar,Telangana PWD,Drinking Water Facility,Installation of 1000 LPH RO drinking water purification kiosk in Hanuman Nagar,950000.0,712000.0,365000.0,347000.0,In Progress,2023-06-13,2023-07-17,,2023-24,17.46895,78.30719,True
MPLADS-2023-MP-1018,Shankar Lalwani,Lok Sabha,Indore (Lok Sabha),Madhya Pradesh,Indore,Mhow,Balarampur,Indore Municipal Corp,Drinking Water Facility,Installation of fluorosis/arsenic filtration drinking water unit in Balarampur school campus,990000.0,990000.0,950000.0,40000.0,Completed,2023-11-14,2023-12-27,2024-04-01,2023-24,22.46278,75.87866,True
MPLADS-2023-WB-1019,Raju Bista,Lok Sabha,Darjeeling (Lok Sabha),West Bengal,Darjeeling,Kalimpong,Gandhi Gram,WB PWD,Primary Health Sub-Center & Medical,Civil construction of Ayushman Bharat Health & Wellness Centre dispensary in Gandhi Gram,3230000.0,3230000.0,3110000.0,120000.0,Completed,2023-10-27,2023-12-16,2024-08-12,2023-24,26.76706,88.37287,True
MPLADS-2023-BI-1020,Rajiv Pratap Rudy,Lok Sabha,Saran (Lok Sabha),Bihar,Saran,Chhapra Sadar,Kaveri Nagar,Saran DRDA,Drinking Water Facility,Deployment of solar water pumping system and distribution cistern in Kaveri Nagar,1630000.0,1630000.0,1621000.0,9000.0,Completed,2023-10-14,2023-12-10,2024-01-27,2023-24,25.91538,84.67008,True
MPLADS-2023-AS-1021,Bijuli Kalita Medhi,Lok Sabha,Gauhati (Lok Sabha),Assam,Kamrup Metropolitan,Hajo,Anand Vihar,DRDA Kamrup,Sports & Youth Welfare,"Installation of open-air fitness gym equipment and rubberized track in public park, Anand Vihar",1070000.0,802000.0,353000.0,449000.0,In Progress,2023-07-11,2023-08-31,,2023-24,26.40212,91.47759,True
MPLADS-2023-GU-1022,Hemang Joshi,Lok Sabha,Vadodara (Lok Sabha),Gujarat,Vadodara,Dabhoi,Tilak Nagar,R&B Vadodara,Sanitation & Public Amenities,Construction of community sanitary complex with dedicated women hygiene cubicles at Tilak Nagar,2470000.0,2470000.0,1897000.0,573000.0,In Progress,2021-07-29,2021-08-28,,2023-24,22.0993,72.93662,True
MPLADS-2023-WB-1023,Abu Taher Khan,Lok Sabha,Murshidabad (Lok Sabha),West Bengal,Murshidabad,Berhampore,Govindpur,PHE Dept WB,Drinking Water Facility,Deployment of solar water pumping system and distribution cistern in Govindpur,1660000.0,1660000.0,1590000.0,70000.0,Completed,2023-11-30,2024-01-12,2024-05-07,2023-24,23.93687,88.54639,True
MPLADS-2023-MA-1024,Sandipan Bhumre,Lok Sabha,Aurangabad (Lok Sabha),Maharashtra,Chhatrapati Sambhajinagar,Paithan,Govindpur,Zilla Parishad Aurangabad,Drinking Water Facility,Provision of deep solar-powered borewell with 5000L elevated storage tank at Govindpur,1140000.0,1140000.0,1128000.0,12000.0,Completed,2023-11-27,2024-01-21,2024-04-06,2023-24,20.20949,75.45801,True
MPLADS-2023-MA-1025,Praniti Shinde,Lok Sabha,Solapur (Lok Sabha),Maharashtra,Solapur,North Solapur,Adarsh Nagar,Zilla Parishad Solapur,Drinking Water Facility,Installation of fluorosis/arsenic filtration drinking water unit in Adarsh Nagar school campus,870000.0,652000.0,563000.0,89000.0,In Progress,2023-04-11,2023-05-06,,2023-24,17.71932,75.68368,True
MPLADS-2023-UP-1026,Atul Garg,Lok Sabha,Ghaziabad (Lok Sabha),Uttar Pradesh,Ghaziabad,Bhojpur,Devipura,UP Jal Nigam,Drinking Water Facility,Installation of 1000 LPH RO drinking water purification kiosk in Devipura,570000.0,285000.0,250000.0,35000.0,In Progress,2023-09-01,2023-10-25,,2023-24,28.87288,77.57203,True
MPLADS-2023-TE-1027,Kadiyam Kavya,Lok Sabha,Warangal (Lok Sabha),Telangana,Warangal,Wardhannapet,Devipura,Mission Bhagiratha,Drinking Water Facility,Deployment of solar water pumping system and distribution cistern in Devipura,1780000.0,1780000.0,1776000.0,4000.0,Completed,2023-04-09,2023-05-25,2023-08-24,2023-24,18.21478,79.37852,True
MPLADS-2023-BI-1028,Ravi Shankar Prasad,Lok Sabha,Patna Sahib (Lok Sabha),Bihar,Patna,Fatuha,Hanuman Nagar,Bihar Rajya Pul Nirman Nigam,Rural Road & Culvert,Bituminous road widening and storm-water drainage culvert in Hanuman Nagar,2600000.0,2600000.0,2485000.0,115000.0,Completed,2023-11-16,2023-12-17,2024-07-11,2023-24,25.70569,85.02064,True
MPLADS-2023-UP-1029,Ramesh Awasthi,Lok Sabha,Kanpur (Lok Sabha),Uttar Pradesh,Kanpur Nagar,Bilhaur,Anand Vihar,Kanpur Nagar Nigam,Rural Road & Culvert,Inter-hamlet link road paving connecting agricultural mandi to Anand Vihar,1640000.0,1640000.0,1567000.0,73000.0,Completed,2023-10-12,2023-11-26,2024-05-30,2023-24,26.33484,80.5441,True
MPLADS-2023-KA-1030,Pralhad Joshi,Lok Sabha,Dharwad (Lok Sabha),Karnataka,Dharwad,Kundgol,Nehru Colony,Hubballi-Dharwad Smart City,Primary Health Sub-Center & Medical,Civil construction of Ayushman Bharat Health & Wellness Centre dispensary in Nehru Colony,2290000.0,1718000.0,989000.0,729000.0,In Progress,2023-08-23,2023-10-08,,2023-24,15.16826,75.12416,True
MPLADS-2023-TN-1031,Robert Bruce,Lok Sabha,Tirunelveli (Lok Sabha),Tamil Nadu,Tirunelveli,Palayamkottai,Adarsh Nagar,Tirunelveli City Corp,Sanitation & Public Amenities,Construction of community sanitary complex with dedicated women hygiene cubicles at Adarsh Nagar,990000.0,990000.0,957000.0,33000.0,Completed,2023-10-09,2023-11-04,2023-12-23,2023-24,8.37065,77.41611,True
MPLADS-2023-TN-1032,Robert Bruce,Lok Sabha,Tirunelveli (Lok Sabha),Tamil Nadu,Tirunelveli,Palayamkottai,Panchavati,Tirunelveli City Corp,Solar & Public Lighting,Installation of solar mini-grid powered street lighting and battery bank at Panchavati,850000.0,850000.0,806000.0,44000.0,Completed,2023-05-25,2023-06-30,2023-09-26,2023-24,8.88614,77.46351,True
MPLADS-2023-UP-1033,Ravi Kishan,Lok Sabha,Gorakhpur (Lok Sabha),Uttar Pradesh,Gorakhpur,Sahjanwa,Indira Nagar,DRDA Gorakhpur,Rural Road & Culvert,Construction of cement concrete (CC) internal village road at Indira Nagar,2650000.0,2650000.0,2617000.0,33000.0,Completed,2023-09-12,2023-10-21,2024-05-24,2023-24,26.83442,83.15345,True
MPLADS-2023-BI-1034,Ravi Shankar Prasad,Lok Sabha,Patna Sahib (Lok Sabha),Bihar,Patna,Fatuha,Sardar Patel Nagar,Patna Municipal Corp,Rural Road & Culvert,Construction of cement concrete (CC) internal village road at Sardar Patel Nagar,1510000.0,1510000.0,1406000.0,104000.0,Completed,2023-08-13,2023-09-09,2024-01-08,2023-24,25.73611,84.84065,True
MPLADS-2023-MA-1035,Shahu Chhatrapati,Lok Sabha,Kolhapur (Lok Sabha),Maharashtra,Kolhapur,Hatkanangale,Balarampur,Zilla Parishad Kolhapur,Solar & Public Lighting,Illumination of village approach road and panchayat center with dusk-to-dawn solar luminaires at Balarampur,820000.0,615000.0,337000.0,278000.0,In Progress,2023-08-25,2023-10-11,,2023-24,16.86981,74.26469,True
MPLADS-2023-TE-1036,Kadiyam Kavya,Lok Sabha,Warangal (Lok Sabha),Telangana,Warangal,Wardhannapet,Sundar Nagar,Greater Warangal Municipal Corp,Rural Road & Culvert,Construction of cement concrete (CC) internal village road at Sundar Nagar,1980000.0,1980000.0,1939000.0,41000.0,Completed,2024-02-12,2024-03-01,2024-09-21,2023-24,17.6273,79.76509,True
MPLADS-2023-UP-1037,Anurag Sharma,Lok Sabha,Jhansi (Lok Sabha),Uttar Pradesh,Jhansi,Mauranipur,Chitrakoot,UP Jal Nigam Jhansi,Solar & Public Lighting,Installation of 30 standalone LED solar street lights across major junctions in Chitrakoot,790000.0,592000.0,453000.0,139000.0,In Progress,2023-11-17,2023-12-22,,2023-24,25.63279,78.43793,True
MPLADS-2023-UT-1038,Trivendra Singh Rawat,Lok Sabha,Haridwar (Lok Sabha),Uttarakhand,Haridwar,Bhagwanpur,Hanuman Nagar,PWD Uttarakhand,Rural Road & Culvert,Inter-hamlet link road paving connecting agricultural mandi to Hanuman Nagar,1730000.0,1298000.0,982000.0,316000.0,In Progress,2023-09-14,2023-10-28,,2023-24,30.22506,78.13072,True
MPLADS-2023-MA-1039,Sandipan Bhumre,Lok Sabha,Aurangabad (Lok Sabha),Maharashtra,Chhatrapati Sambhajinagar,Phulambri,Adarsh Nagar,Aurangabad Smart City,Drinking Water Facility,Installation of fluorosis/arsenic filtration drinking water unit in Adarsh Nagar school campus,1780000.0,1780000.0,1755000.0,25000.0,Completed,2023-06-16,2023-08-10,2023-10-16,2023-24,19.63193,75.65553,True
MPLADS-2023-WB-1040,Sudip Bandyopadhyay,Lok Sabha,Kolkata North (Lok Sabha),West Bengal,Kolkata,Shyampukur,Rajendra Nagar,KMDA,Rural Road & Culvert,Inter-hamlet link road paving connecting agricultural mandi to Rajendra Nagar,1510000.0,1510000.0,1503000.0,7000.0,Completed,2023-12-11,2023-12-27,2024-08-13,2023-24,22.42937,88.15296,True
MPLADS-2023-KE-1041,Suresh Gopi,Lok Sabha,Thrissur (Lok Sabha),Kerala,Thrissur,Chalakudy,Hanuman Nagar,Kerala PWD Roads,Community Infrastructure,Construction of multipurpose community hall / Barat Ghar in Hanuman Nagar,2740000.0,2740000.0,2672000.0,68000.0,Completed,2023-05-05,2023-05-26,2023-10-29,2023-24,10.34221,76.52474,True
MPLADS-2023-WB-1042,June Malia,Lok Sabha,Medinipur (Lok Sabha),West Bengal,Paschim Medinipur,Midnapore Sadar,Vikas Nagar,Paschim Medinipur Zilla Parishad,Solar & Public Lighting,Erection of high-mast 16-meter LED solar illumination tower near market square in Vikas Nagar,570000.0,570000.0,540000.0,30000.0,Completed,2024-02-11,2024-03-16,2024-05-03,2023-24,22.31447,87.23125,True
MPLADS-2023-MA-1043,Bimol Akoijam,Lok Sabha,Inner Manipur (Lok Sabha),Manipur,Imphal East,Sawombung,Rajendra Nagar,PHED Manipur,Rural Road & Culvert,Construction of cement concrete (CC) internal village road at Rajendra Nagar,1840000.0,1380000.0,699000.0,681000.0,In Progress,2023-08-05,2023-09-15,,2023-24,25.1041,94.21859,True
MPLADS-2023-TE-1044,Bandi Sanjay Kumar,Lok Sabha,Karimnagar (Lok Sabha),Telangana,Karimnagar,Huzurabad,Subhash Nagar,DRDA Karimnagar,School Classroom & Education,"Provision of STEM science laboratory equipment, computer lab furniture and student desks at Subhash Nagar",1930000.0,1930000.0,1916000.0,14000.0,Completed,2023-09-12,2023-10-05,2024-03-03,2023-24,18.50358,78.94471,True
MPLADS-2023-WB-1045,Kirti Azad,Lok Sabha,Bardhaman-Durgapur (Lok Sabha),West Bengal,Purba Bardhaman,Durgapur Rural,Shivaji Nagar,Purba Bardhaman Zilla Parishad,Community Infrastructure,Construction of multipurpose community hall / Barat Ghar in Shivaji Nagar,2840000.0,2840000.0,2746000.0,94000.0,Completed,2024-02-14,2024-03-09,2024-09-13,2023-24,22.92925,87.7842,True
MPLADS-2023-WB-1046,Abu Taher Khan,Lok Sabha,Murshidabad (Lok Sabha),West Bengal,Murshidabad,Lalbagh,Chandrapur,PHE Dept WB,Community Infrastructure,Development of public cultural center and community shed at Chandrapur,2280000.0,2280000.0,2218000.0,62000.0,Completed,2023-09-15,2023-09-30,2024-04-06,2023-24,24.49467,88.26929,True
MPLADS-2023-TN-1047,T. M. Selvaganapathi,Lok Sabha,Salem (Lok Sabha),Tamil Nadu,Salem,Edappadi,Madhavpuram,Salem Municipal Corp,Rural Road & Culvert,Construction of reinforced concrete box culvert on arterial approach road at Madhavpuram,2320000.0,2320000.0,2288000.0,32000.0,Completed,2023-05-02,2023-06-04,2023-11-13,2023-24,11.48806,78.05921,True
MPLADS-2023-DE-1048,Bansuri Swaraj,Lok Sabha,New Delhi (Lok Sabha),Delhi,New Delhi,Karol Bagh,Kaveri Nagar,DDA Delhi,Rural Road & Culvert,Inter-hamlet link road paving connecting agricultural mandi to Kaveri Nagar,580000.0,435000.0,232000.0,203000.0,In Progress,2023-11-02,2023-12-28,,2023-24,28.95899,77.17168,True
MPLADS-2023-MP-1049,Anil Firojiya,Lok Sabha,Ujjain (Lok Sabha),Madhya Pradesh,Ujjain,Tarana,Mahavir Nagar,PWD Ujjain,Sanitation & Public Amenities,Construction of passenger waiting shelter and public utility block near bus stop in Mahavir Nagar,510000.0,510000.0,493000.0,17000.0,Completed,2023-11-20,2023-12-22,2024-02-20,2023-24,23.23704,75.66446,True
MPLADS-2023-UP-1050,Praveen Patel,Lok Sabha,Prayagraj (Lok Sabha),Uttar Pradesh,Prayagraj,Soraon,Tagore Pally,UP Jal Sansthan,Community Infrastructure,Construction of cremation ground covered shed (Shmashan Ghat) with solar lights in Tagore Pally,4640000.0,4640000.0,470000.0,4170000.0,Stalled,2021-05-25,2021-07-10,,2023-24,25.61817,81.94683,True
MPLADS-2023-TN-1051,T. M. Selvaganapathi,Lok Sabha,Salem (Lok Sabha),Tamil Nadu,Salem,Edappadi,Sardar Patel Nagar,Salem Municipal Corp,Rural Road & Culvert,Bituminous road widening and storm-water drainage culvert in Sardar Patel Nagar,2680000.0,2680000.0,2580000.0,100000.0,Completed,2023-06-11,2023-06-30,2023-10-21,2023-24,11.84256,78.47662,True
MPLADS-2023-TN-1052,Ganapathi P. Rajkumar,Lok Sabha,Coimbatore (Lok Sabha),Tamil Nadu,Coimbatore,Annur,Sundar Nagar,DRDA Coimbatore,Community Infrastructure,Renovation and structural expansion of Gram Panchayat community auditorium in Sundar Nagar,3410000.0,3410000.0,3236000.0,174000.0,Completed,2023-10-31,2023-12-18,2024-05-08,2023-24,11.23685,76.91975,True
MPLADS-2023-UP-1053,Awadhesh Prasad,Lok Sabha,Faizabad (Lok Sabha),Uttar Pradesh,Ayodhya,Maya Bazar,Chandrapur,Ayodhya Development Authority,Solar & Public Lighting,Installation of 30 standalone LED solar street lights across major junctions in Chandrapur,300000.0,300000.0,295000.0,5000.0,Completed,2023-07-25,2023-09-22,2023-12-21,2023-24,26.53034,82.40534,True
MPLADS-2023-RA-1054,Om Birla,Lok Sabha,Kota (Lok Sabha),Rajasthan,Kota,Sangod,Sitarampur,Rajasthan PWD,Solar & Public Lighting,Installation of solar mini-grid powered street lighting and battery bank at Sitarampur,630000.0,630000.0,615000.0,15000.0,Sanctioned,2021-10-18,2021-11-17,,2023-24,25.00389,75.54,True
MPLADS-2023-WB-1055,Kirti Azad,Lok Sabha,Bardhaman-Durgapur (Lok Sabha),West Bengal,Purba Bardhaman,Galsi,Devipura,WB PWD,School Classroom & Education,"Provision of STEM science laboratory equipment, computer lab furniture and student desks at Devipura",2040000.0,2040000.0,1954000.0,86000.0,Completed,2023-10-21,2023-11-15,2024-04-02,2023-24,23.07939,87.90088,True
MPLADS-2023-RA-1056,Manna Lal Rawat,Lok Sabha,Udaipur (Lok Sabha),Rajasthan,Udaipur,Vallabhnagar,Chitrakoot,Udaipur Smart City,Rural Road & Culvert,Inter-hamlet link road paving connecting agricultural mandi to Chitrakoot,1090000.0,818000.0,356000.0,462000.0,In Progress,2023-10-19,2023-11-19,,2023-24,24.54728,74.03991,True
MPLADS-2023-AS-1057,Parimal Suklabaidya,Lok Sabha,Silchar (Lok Sabha),Assam,Cachar,Udharbond,Krishnapuram,Cachar Zilla Parishad,Rural Road & Culvert,Construction of cement concrete (CC) internal village road at Krishnapuram,2530000.0,2530000.0,2373000.0,157000.0,Completed,2023-07-15,2023-08-05,2023-12-27,2023-24,25.10396,93.0014,True
MPLADS-2023-TN-1058,S. Murasoli,Lok Sabha,Thanjavur (Lok Sabha),Tamil Nadu,Thanjavur,Kumbakonam,Sitarampur,DRDA Thanjavur,Rural Road & Culvert,Construction of reinforced concrete box culvert on arterial approach road at Sitarampur,3170000.0,3170000.0,3020000.0,150000.0,Completed,2023-07-21,2023-08-21,2024-01-04,2023-24,11.03925,78.93225,True
MPLADS-2023-PU-1059,Gurjeet Singh Aujla,Lok Sabha,Amritsar (Lok Sabha),Punjab,Amritsar,Attari,Balarampur,Punjab Mandi Board,School Classroom & Education,"Erection of protective boundary wall and main gate for Government Senior Secondary School, Balarampur",2350000.0,2350000.0,2300000.0,50000.0,Completed,2024-01-13,2024-02-27,2024-08-25,2023-24,31.45796,74.95376,True
MPLADS-2023-UP-1060,Narendra Modi,Lok Sabha,Varanasi (Lok Sabha),Uttar Pradesh,Varanasi,Cholapur,Rampur,UP Jal Nigam,Rural Road & Culvert,Construction of cement concrete (CC) internal village road at Rampur,1410000.0,1410000.0,1355000.0,55000.0,Completed,2024-01-16,2024-02-24,2024-07-11,2023-24,25.64726,83.14319,True
MPLADS-2023-MP-1061,Alok Sharma,Lok Sabha,Bhopal (Lok Sabha),Madhya Pradesh,Bhopal,Kolar,Madhavpuram,MP Rural Road Dev Authority (MPRRDA),Rural Road & Culvert,Inter-hamlet link road paving connecting agricultural mandi to Madhavpuram,2810000.0,2108000.0,1221000.0,887000.0,In Progress,2023-09-02,2023-09-24,,2023-24,23.53105,77.62299,True
MPLADS-2023-WB-1062,Sudip Bandyopadhyay,Lok Sabha,Kolkata North (Lok Sabha),West Bengal,Kolkata,Shyampukur,Krishnapuram,KMDA,Rural Road & Culvert,Construction of cement concrete (CC) internal village road at Krishnapuram,760000.0,760000.0,739000.0,21000.0,Completed,2023-11-20,2023-12-20,2024-05-27,2023-24,22.25079,88.41426,True
MPLADS-2023-UP-1063,Ramesh Awasthi,Lok Sabha,Kanpur (Lok Sabha),Uttar Pradesh,Kanpur Nagar,Bidhnu,Balarampur,Kanpur Nagar Nigam,Solar & Public Lighting,Installation of solar mini-grid powered street lighting and battery bank at Balarampur,280000.0,280000.0,279000.0,1000.0,Completed,2023-11-08,2023-12-24,2024-02-28,2023-24,26.72809,80.44153,True
MPLADS-2023-JA-1064,Aga Syed Ruhullah Mehdi,Lok Sabha,Srinagar (Lok Sabha),Jammu & Kashmir,Srinagar,Khanyar,Rajendra Nagar,Jal Shakti J&K,Rural Road & Culvert,Inter-hamlet link road paving connecting agricultural mandi to Rajendra Nagar,570000.0,428000.0,232000.0,196000.0,In Progress,2023-07-06,2023-08-07,,2023-24,34.43079,74.47819,True
MPLADS-2023-AP-1065,Maddila Gurumoorthy,Lok Sabha,Tirupati (Lok Sabha),Andhra Pradesh,Tirupati,Nagari,Chandrapur,Tirupati Smart City,Drinking Water Facility,Upgradation of pipeline distribution and community water tap stands in Chandrapur,430000.0,430000.0,414000.0,16000.0,Completed,2023-11-20,2023-12-28,2024-03-29,2023-24,13.78714,79.44774,True
MPLADS-2023-TN-1066,Durai Vaiko,Lok Sabha,Tiruchirappalli (Lok Sabha),Tamil Nadu,Tiruchirappalli,Lalgudi,Krishnapuram,TN PWD,School Classroom & Education,"Installation of rooftop solar generation system and clean drinking facility in Govt School, Krishnapuram",1990000.0,1990000.0,1890000.0,100000.0,Completed,2023-08-28,2023-10-04,2024-02-10,2023-24,10.72598,79.02767,True
MPLADS-2023-UP-1067,Awadhesh Prasad,Lok Sabha,Faizabad (Lok Sabha),Uttar Pradesh,Ayodhya,Maya Bazar,Nehru Colony,PWD Ayodhya,Solar & Public Lighting,Installation of solar mini-grid powered street lighting and battery bank at Nehru Colony,680000.0,680000.0,675000.0,5000.0,Completed,2023-06-24,2023-08-12,2023-10-21,2023-24,26.52504,82.03515,True
MPLADS-2023-KE-1068,Hibi Eden,Lok Sabha,Ernakulam (Lok Sabha),Kerala,Ernakulam,Angamaly,Kaveri Nagar,Kochi Municipal Corp,Primary Health Sub-Center & Medical,"Supply of medical diagnostics, vaccine cold chain refrigerator and emergency triage beds at Kaveri Nagar",1020000.0,1020000.0,990000.0,30000.0,Completed,2023-05-28,2023-07-08,2024-03-31,2023-24,9.63443,76.60405,True
MPLADS-2023-AS-1069,Bijuli Kalita Medhi,Lok Sabha,Gauhati (Lok Sabha),Assam,Kamrup Metropolitan,Jalukbari,Subhash Nagar,DRDA Kamrup,Community Infrastructure,Construction of multipurpose community hall / Barat Ghar in Subhash Nagar,2640000.0,2640000.0,2607000.0,33000.0,Completed,2024-01-06,2024-02-13,2024-08-07,2023-24,26.19841,91.91108,True
MPLADS-2023-MA-1070,Bimol Akoijam,Lok Sabha,Inner Manipur (Lok Sabha),Manipur,Imphal East,Porompat,Madhavpuram,PHED Manipur,Community Infrastructure,Development of public cultural center and community shed at Madhavpuram,4420000.0,2210000.0,1688000.0,522000.0,In Progress,2023-04-01,2023-04-28,,2023-24,25.10809,94.07326,True
MPLADS-2023-BI-1071,Ajay Kumar Mandal,Lok Sabha,Bhagalpur (Lok Sabha),Bihar,Bhagalpur,Kahalgaon,Kaveri Nagar,PWD Bhagalpur,School Classroom & Education,"Construction of two additional smart classrooms in Zilla Parishad High School, Kaveri Nagar",4960000.0,3720000.0,667000.0,3053000.0,Stalled,2021-05-07,2021-05-29,,2023-24,24.93942,86.95102,True
MPLADS-2023-MA-1072,Sandipan Bhumre,Lok Sabha,Aurangabad (Lok Sabha),Maharashtra,Chhatrapati Sambhajinagar,Sillod,Balarampur,Zilla Parishad Aurangabad,Rural Road & Culvert,Construction of reinforced concrete box culvert on arterial approach road at Balarampur,1400000.0,1050000.0,510000.0,540000.0,In Progress,2023-10-09,2023-11-17,,2023-24,20.16989,75.43795,True
MPLADS-2023-OD-1073,Aparajita Sarangi,Lok Sabha,Bhubaneswar (Lok Sabha),Odisha,Khurda,Khurda Sadar,Vivekananda Nagar,Bhubaneswar Municipal Corp,Drinking Water Facility,Upgradation of pipeline distribution and community water tap stands in Vivekananda Nagar,350000.0,350000.0,340000.0,10000.0,Completed,2023-11-29,2024-01-27,2024-03-24,2023-24,20.24199,85.88549,True
MPLADS-2023-TN-1074,Durai Vaiko,Lok Sabha,Tiruchirappalli (Lok Sabha),Tamil Nadu,Tiruchirappalli,Musiri,Bhojpur,Tiruchirappalli City Corp,Rural Road & Culvert,Laying of heavy-duty interlocking paver block street in Bhojpur settlement,2780000.0,1668000.0,1030000.0,638000.0,In Progress,2022-03-06,2022-04-05,,2023-24,10.94143,79.00032,True
MPLADS-2023-GU-1075,Parshottam Rupala,Lok Sabha,Rajkot (Lok Sabha),Gujarat,Rajkot,Dhoraji,Chitrakoot,Rajkot Urban Dev Authority (RUDA),Community Infrastructure,Construction of multipurpose community hall / Barat Ghar in Chitrakoot,2630000.0,1972000.0,648000.0,1324000.0,In Progress,2023-11-18,2024-01-07,,2023-24,22.43258,70.8676,True
MPLADS-2023-AS-1076,Bijuli Kalita Medhi,Lok Sabha,Gauhati (Lok Sabha),Assam,Kamrup Metropolitan,Palashbari,Sundar Nagar,Assam PWD,Community Infrastructure,Development of public cultural center and community shed at Sundar Nagar,3120000.0,3120000.0,2548000.0,572000.0,In Progress,2024-01-15,2024-03-14,,2023-24,25.97174,91.46857,True
MPLADS-2023-RA-1077,Manna Lal Rawat,Lok Sabha,Udaipur (Lok Sabha),Rajasthan,Udaipur,Vallabhnagar,Patel Nagar,Rajasthan Tribal Area Dev Dept,Rural Road & Culvert,Construction of cement concrete (CC) internal village road at Patel Nagar,1370000.0,822000.0,448000.0,374000.0,In Progress,2022-03-08,2022-04-07,,2023-24,24.40973,73.63361,True
MPLADS-2023-UT-1078,Trivendra Singh Rawat,Lok Sabha,Haridwar (Lok Sabha),Uttarakhand,Haridwar,Bahadrabad,Vikas Nagar,Haridwar Roorkee Dev Authority,Rural Road & Culvert,Bituminous road widening and storm-water drainage culvert in Vikas Nagar,1520000.0,1520000.0,1468000.0,52000.0,Completed,2024-01-24,2024-03-22,2024-07-19,2023-24,29.66678,77.91164,True
MPLADS-2023-HA-1079,Rao Inderjit Singh,Lok Sabha,Gurgaon (Lok Sabha),Haryana,Gurugram,Farrukhnagar,Surya Nagar,Haryana PWD (B&R),Primary Health Sub-Center & Medical,"Supply of medical diagnostics, vaccine cold chain refrigerator and emergency triage beds at Surya Nagar",860000.0,860000.0,832000.0,28000.0,Completed,2023-10-06,2023-11-23,2024-06-01,2023-24,28.4149,77.16803,True
MPLADS-2023-UP-1080,Ravi Kishan,Lok Sabha,Gorakhpur (Lok Sabha),Uttar Pradesh,Gorakhpur,Sahjanwa,Nehru Colony,PWD Gorakhpur,Community Infrastructure,Renovation and structural expansion of Gram Panchayat community auditorium in Nehru Colony,3270000.0,1962000.0,1176000.0,786000.0,In Progress,2022-03-05,2022-04-04,,2023-24,26.72287,83.72076,True
MPLADS-2023-MP-1081,Anil Firojiya,Lok Sabha,Ujjain (Lok Sabha),Madhya Pradesh,Ujjain,Ghatiya,Sundar Nagar,MP Jal Nigam,Solar & Public Lighting,Erection of high-mast 16-meter LED solar illumination tower near market square in Sundar Nagar,800000.0,640000.0,282000.0,358000.0,In Progress,2022-02-18,2022-03-20,,2023-24,23.31753,75.44634,True
MPLADS-2023-UP-1082,Narendra Modi,Lok Sabha,Varanasi (Lok Sabha),Uttar Pradesh,Varanasi,Sevapuri,Green Park,M/s Purvanchal InfraTech Services,School Classroom & Education,Upgradation of primary school infrastructure with disabled-friendly ramps and smart board in Green Park,620000.0,310000.0,215000.0,95000.0,In Progress,2023-09-11,2023-10-04,,2023-24,25.29993,82.95901,True
MPLADS-2023-UP-1083,S. P. Singh Baghel,Lok Sabha,Agra (Lok Sabha),Uttar Pradesh,Agra,Barauli Ahir,Navi Vasti,Agra Development Authority,Solar & Public Lighting,Erection of high-mast 16-meter LED solar illumination tower near market square in Navi Vasti,1060000.0,530000.0,414000.0,116000.0,In Progress,2023-05-05,2023-05-29,,2023-24,26.99965,78.18549,True
MPLADS-2023-KE-1084,M. K. Raghavan,Lok Sabha,Kozhikode (Lok Sabha),Kerala,Kozhikode,Koyilandy,Nandgaon,Kerala Local Self Govt Dept,Rural Road & Culvert,Laying of heavy-duty interlocking paver block street in Nandgaon settlement,1490000.0,1490000.0,1447000.0,43000.0,Sanctioned,2021-07-05,2021-08-04,,2023-24,11.33331,76.03725,True
MPLADS-2023-UT-1085,Trivendra Singh Rawat,Lok Sabha,Haridwar (Lok Sabha),Uttarakhand,Haridwar,Bahadrabad,Sardar Patel Nagar,PWD Uttarakhand,Drinking Water Facility,Provision of deep solar-powered borewell with 5000L elevated storage tank at Sardar Patel Nagar,660000.0,660000.0,643000.0,17000.0,Completed,2023-08-26,2023-10-13,2024-01-19,2023-24,29.64213,77.87359,True
MPLADS-2023-GO-1086,Shripad Yesso Naik,Lok Sabha,North Goa (Lok Sabha),Goa,North Goa,Bardez,Green Park,Goa Waste Management Corp,Drinking Water Facility,Upgradation of pipeline distribution and community water tap stands in Green Park,1000000.0,1000000.0,993000.0,7000.0,Completed,2023-09-03,2023-10-09,2024-01-22,2023-24,15.49891,73.74807,True
MPLADS-2023-MA-1087,Bimol Akoijam,Lok Sabha,Inner Manipur (Lok Sabha),Manipur,Imphal East,Sawombung,Devipura,Manipur DRDA,Primary Health Sub-Center & Medical,"Supply of medical diagnostics, vaccine cold chain refrigerator and emergency triage beds at Devipura",3430000.0,3430000.0,3349000.0,81000.0,Completed,2023-12-21,2024-02-08,2024-08-15,2023-24,25.07933,94.0029,True
MPLADS-2023-WB-1088,Shatrughan Sinha,Lok Sabha,Asansol (Lok Sabha),West Bengal,Paschim Bardhaman,Jamuria,Anand Vihar,Asansol Durgapur Dev Authority,Rural Road & Culvert,Inter-hamlet link road paving connecting agricultural mandi to Anand Vihar,3420000.0,3420000.0,3267000.0,153000.0,Completed,2023-09-19,2023-10-16,2024-05-01,2023-24,23.79268,86.73425,True
MPLADS-2023-KE-1089,Hibi Eden,Lok Sabha,Ernakulam (Lok Sabha),Kerala,Ernakulam,Aluva,Surya Nagar,Kochi Municipal Corp,Primary Health Sub-Center & Medical,Civil construction of Ayushman Bharat Health & Wellness Centre dispensary in Surya Nagar,1350000.0,1350000.0,1326000.0,24000.0,Completed,2024-01-23,2024-03-07,2024-09-17,2023-24,10.07862,76.09391,True
MPLADS-2023-TE-1090,Kadiyam Kavya,Lok Sabha,Warangal (Lok Sabha),Telangana,Warangal,Kazipet,Vivekananda Nagar,Mission Bhagiratha,Drinking Water Facility,Provision of deep solar-powered borewell with 5000L elevated storage tank at Vivekananda Nagar,890000.0,890000.0,854000.0,36000.0,Completed,2023-08-17,2023-10-16,2024-01-01,2023-24,18.04309,79.42087,True
MPLADS-2023-MP-1091,Anil Firojiya,Lok Sabha,Ujjain (Lok Sabha),Madhya Pradesh,Ujjain,Badnagar,Sundar Nagar,Ujjain Smart City,Rural Road & Culvert,Inter-hamlet link road paving connecting agricultural mandi to Sundar Nagar,3280000.0,3280000.0,3191000.0,89000.0,Completed,2024-01-07,2024-02-20,2024-07-09,2023-24,23.01249,76.1256,True
MPLADS-2023-KE-1092,Suresh Gopi,Lok Sabha,Thrissur (Lok Sabha),Kerala,Thrissur,Ollur,Shanti Nagar,Kerala PWD Roads,Drinking Water Facility,Upgradation of pipeline distribution and community water tap stands in Shanti Nagar,480000.0,240000.0,158000.0,82000.0,In Progress,2023-06-02,2023-06-28,,2023-24,10.2268,75.93962,True
MPLADS-2023-AP-1093,Pemmasani Chandra Sekhar,Lok Sabha,Guntur (Lok Sabha),Andhra Pradesh,Guntur,Tadepalle,Shanti Nagar,Guntur Municipal Corp,Rural Road & Culvert,Construction of cement concrete (CC) internal village road at Shanti Nagar,7900000.0,7900000.0,901000.0,6999000.0,Stalled,2021-08-28,2021-09-24,,2023-24,16.11101,80.50906,True
MPLADS-2023-UT-1094,Trivendra Singh Rawat,Lok Sabha,Haridwar (Lok Sabha),Uttarakhand,Haridwar,Laksar,Navi Vasti,Haridwar Roorkee Dev Authority,Rural Road & Culvert,Construction of reinforced concrete box culvert on arterial approach road at Navi Vasti,2250000.0,1125000.0,871000.0,254000.0,In Progress,2023-06-27,2023-07-26,,2023-24,29.60791,77.92648,True
MPLADS-2023-OD-1095,Sambit Patra,Lok Sabha,Puri (Lok Sabha),Odisha,Puri,Kanas,Kalyanpur,Puri Municipality,Rural Road & Culvert,Laying of heavy-duty interlocking paver block street in Kalyanpur settlement,1160000.0,928000.0,401000.0,527000.0,In Progress,2022-01-30,2022-03-01,,2023-24,19.63064,85.69715,True
MPLADS-2023-OD-1096,Dharmendra Pradhan,Lok Sabha,Sambalpur (Lok Sabha),Odisha,Sambalpur,Jamankira,Indira Nagar,Sambalpur Municipal Corp,Rural Road & Culvert,Construction of cement concrete (CC) internal village road at Indira Nagar,1730000.0,1298000.0,721000.0,577000.0,In Progress,2023-11-13,2023-12-26,,2023-24,21.64239,83.64732,True
MPLADS-2023-HP-1097,Suresh Kumar Kashyap,Lok Sabha,Shimla (Lok Sabha),Himachal Pradesh,Shimla,Kasumpti,Vivekananda Nagar,DRDA Shimla,Community Infrastructure,Construction of multi-utility cyclone / flood safety community shelter at Vivekananda Nagar,2700000.0,2700000.0,2607000.0,93000.0,Completed,2023-12-12,2023-12-28,2024-06-17,2023-24,31.01587,77.31582,True
MPLADS-2023-OD-1098,Dharmendra Pradhan,Lok Sabha,Sambalpur (Lok Sabha),Odisha,Sambalpur,Jujomura,Kaveri Nagar,Western Odisha Dev Council,Rural Road & Culvert,Inter-hamlet link road paving connecting agricultural mandi to Kaveri Nagar,1560000.0,1170000.0,922000.0,248000.0,In Progress,2023-08-06,2023-09-07,,2023-24,21.4457,83.64819,True
MPLADS-2023-AP-1099,Kesineni Sivanath,Lok Sabha,Vijayawada (Lok Sabha),Andhra Pradesh,NTR / Krishna,Gannavaram,Shivpur,AP CRDA,Drinking Water Facility,Deployment of solar water pumping system and distribution cistern in Shivpur,820000.0,820000.0,814000.0,6000.0,Completed,2023-04-11,2023-05-20,2023-07-15,2023-24,16.46235,80.54176,True
MPLADS-2023-BI-1100,Pappu Yadav,Lok Sabha,Purnia (Lok Sabha),Bihar,Purnia,Dagarua,Hanuman Nagar,Rural Works Dept Bihar,Rural Road & Culvert,Bituminous road widening and storm-water drainage culvert in Hanuman Nagar,3060000.0,1530000.0,1339000.0,191000.0,In Progress,2023-12-21,2024-02-15,,2023-24,25.6823,87.6578,True
MPLADS-2023-UP-1101,S. P. Singh Baghel,Lok Sabha,Agra (Lok Sabha),Uttar Pradesh,Agra,Bichpuri,Lakshmipuram,Agra Development Authority,Rural Road & Culvert,Construction of reinforced concrete box culvert on arterial approach road at Lakshmipuram,3300000.0,2475000.0,2105000.0,370000.0,In Progress,2023-06-16,2023-07-29,,2023-24,26.95691,77.94473,True
MPLADS-2023-MA-1102,Udayanraje Bhosale,Lok Sabha,Satara (Lok Sabha),Maharashtra,Satara,Karad,Devipura,Zilla Parishad Satara,Solar & Public Lighting,Installation of 30 standalone LED solar street lights across major junctions in Devipura,790000.0,395000.0,278000.0,117000.0,In Progress,2023-08-26,2023-09-21,,2023-24,17.89591,73.78647,True
MPLADS-2023-PU-1103,Gurjeet Singh Aujla,Lok Sabha,Amritsar (Lok Sabha),Punjab,Amritsar,Ajnala,Green Park,Amritsar Municipal Corp,Rural Road & Culvert,Construction of reinforced concrete box culvert on arterial approach road at Green Park,870000.0,870000.0,826000.0,44000.0,Completed,2024-01-09,2024-02-22,2024-07-08,2023-24,31.45595,74.52842,True
MPLADS-2023-MA-1104,Naresh Mhaske,Lok Sabha,Thane (Lok Sabha),Maharashtra,Thane,Thane Rural,Balarampur,Thane Municipal Corp,Rural Road & Culvert,Bituminous road widening and storm-water drainage culvert in Balarampur,1000000.0,1000000.0,954000.0,46000.0,Completed,2023-06-07,2023-07-01,2023-12-09,2023-24,19.19198,72.94656,True
MPLADS-2023-DE-1105,Bansuri Swaraj,Lok Sabha,New Delhi (Lok Sabha),Delhi,New Delhi,Chanakyapuri,Sitarampur,Delhi PWD,School Classroom & Education,"Construction of two additional smart classrooms in Zilla Parishad High School, Sitarampur",1650000.0,1650000.0,266000.0,1384000.0,Stalled,2021-07-19,2021-08-25,,2023-24,28.64293,77.14173,True
MPLADS-2023-RA-1106,Manna Lal Rawat,Lok Sabha,Udaipur (Lok Sabha),Rajasthan,Udaipur,Kherwara,Chitrakoot,Rajasthan Tribal Area Dev Dept,School Classroom & Education,"Installation of rooftop solar generation system and clean drinking facility in Govt School, Chitrakoot",2030000.0,1522000.0,514000.0,1008000.0,In Progress,2023-10-26,2023-12-13,,2023-24,24.26089,73.41389,True
MPLADS-2023-MP-1107,Ashish Dubey,Lok Sabha,Jabalpur (Lok Sabha),Madhya Pradesh,Jabalpur,Panagar,Nandgaon,DRDA Jabalpur,Drinking Water Facility,Installation of fluorosis/arsenic filtration drinking water unit in Nandgaon school campus,750000.0,750000.0,714000.0,36000.0,Completed,2023-09-09,2023-09-25,2023-11-27,2023-24,23.14646,80.0497,True
MPLADS-2023-HP-1108,Suresh Kumar Kashyap,Lok Sabha,Shimla (Lok Sabha),Himachal Pradesh,Shimla,Rohru,Bhavani Peth,HP Jal Shakti Vibhag,Rural Road & Culvert,Construction of cement concrete (CC) internal village road at Bhavani Peth,3200000.0,3200000.0,3094000.0,106000.0,Completed,2023-08-08,2023-09-20,2024-02-09,2023-24,31.07911,77.11446,True
MPLADS-2023-UP-1109,Kishori Lal Sharma,Lok Sabha,Amethi (Lok Sabha),Uttar Pradesh,Amethi,Jagdishpur,Kalyanpur,Rural Engineering Services UP,Drinking Water Facility,Upgradation of pipeline distribution and community water tap stands in Kalyanpur,380000.0,190000.0,150000.0,40000.0,In Progress,2023-10-15,2023-11-28,,2023-24,26.05414,81.82439,True
MPLADS-2023-GU-1110,Hasmukh Patel,Lok Sabha,Ahmedabad East (Lok Sabha),Gujarat,Ahmedabad,Asarwa,Nehru Colony,Ahmedabad Municipal Corp (AMC),Drinking Water Facility,Provision of deep solar-powered borewell with 5000L elevated storage tank at Nehru Colony,1670000.0,1670000.0,1490000.0,180000.0,In Progress,2021-08-20,2021-09-19,,2023-24,22.71442,72.57805,True
MPLADS-2023-KE-1111,M. K. Raghavan,Lok Sabha,Kozhikode (Lok Sabha),Kerala,Kozhikode,Vadakara,Balarampur,Kerala Local Self Govt Dept,Drinking Water Facility,Deployment of solar water pumping system and distribution cistern in Balarampur,990000.0,990000.0,960000.0,30000.0,Completed,2023-09-15,2023-11-08,2024-01-07,2023-24,11.52727,75.96134,True
MPLADS-2023-KA-1112,Jagadish Shettar,Lok Sabha,Belagavi (Lok Sabha),Karnataka,Belagavi,Gokak,Tagore Pally,PWD Karnataka,Primary Health Sub-Center & Medical,Upgradation of Primary Health Sub-Center with maternity care and diagnostics room at Tagore Pally,3500000.0,3500000.0,3438000.0,62000.0,Completed,2023-10-11,2023-11-04,2024-08-12,2023-24,15.68667,74.24725,True
MPLADS-2023-WB-1113,Sudip Bandyopadhyay,Lok Sabha,Kolkata North (Lok Sabha),West Bengal,Kolkata,Beleghata,Balarampur,KMDA,Rural Road & Culvert,Construction of cement concrete (CC) internal village road at Balarampur,860000.0,860000.0,832000.0,28000.0,Completed,2023-06-08,2023-06-23,2023-10-29,2023-24,22.53384,88.41773,True
MPLADS-2023-WB-1114,Jagannath Sarkar,Lok Sabha,Ranaghat (Lok Sabha),West Bengal,Nadia,Ranaghat-I,Khadki,WB PWD Nadia,Rural Road & Culvert,Laying of heavy-duty interlocking paver block street in Khadki settlement,2860000.0,2860000.0,2800000.0,60000.0,Completed,2023-11-26,2023-12-25,2024-04-22,2023-24,22.88698,88.52822,True
MPLADS-2023-TN-1115,T. M. Selvaganapathi,Lok Sabha,Salem (Lok Sabha),Tamil Nadu,Salem,Yercaud,Lakshmipuram,DRDA Salem,School Classroom & Education,Upgradation of primary school infrastructure with disabled-friendly ramps and smart board in Lakshmipuram,1640000.0,1640000.0,1621000.0,19000.0,Completed,2023-09-15,2023-10-21,2024-03-04,2023-24,11.67833,77.99128,True
MPLADS-2023-OD-1116,Bhartruhari Mahtab,Lok Sabha,Cuttack (Lok Sabha),Odisha,Cuttack,Mahanga,Shanti Nagar,Cuttack Municipal Corp,Community Infrastructure,Construction of cremation ground covered shed (Shmashan Ghat) with solar lights in Shanti Nagar,2650000.0,2650000.0,2553000.0,97000.0,Completed,2023-09-01,2023-10-18,2024-07-15,2023-24,20.32274,86.13699,True
MPLADS-2023-UP-1117,Ramesh Awasthi,Lok Sabha,Kanpur (Lok Sabha),Uttar Pradesh,Kanpur Nagar,Bilhaur,Indira Nagar,Kanpur Nagar Nigam,Rural Road & Culvert,Laying of heavy-duty interlocking paver block street in Indira Nagar settlement,3220000.0,3220000.0,3101000.0,119000.0,Completed,2024-01-03,2024-01-24,2024-09-15,2023-24,26.33175,80.03869,True
MPLADS-2023-MA-1118,Balwant Wankhade,Lok Sabha,Amravati (Lok Sabha),Maharashtra,Amravati,Warud,Sundar Nagar,DRDA Amravati,Sports & Youth Welfare,Development of rural youth sports playground with multi-sport court and chain-link fencing at Sundar Nagar,1410000.0,1410000.0,1359000.0,51000.0,Completed,2023-11-10,2023-11-28,2024-01-15,2023-24,20.82105,77.68887,True
MPLADS-2023-BI-1119,Ajay Kumar Mandal,Lok Sabha,Bhagalpur (Lok Sabha),Bihar,Bhagalpur,Kahalgaon,Balarampur,PWD Bhagalpur,School Classroom & Education,"Erection of protective boundary wall and main gate for Government Senior Secondary School, Balarampur",1370000.0,822000.0,476000.0,346000.0,In Progress,2021-12-31,2022-01-30,,2023-24,25.30791,87.23144,True
MPLADS-2023-UP-1120,Ravi Kishan,Lok Sabha,Gorakhpur (Lok Sabha),Uttar Pradesh,Gorakhpur,Sahjanwa,Navi Vasti,Gorakhpur Development Authority,School Classroom & Education,"Installation of rooftop solar generation system and clean drinking facility in Govt School, Navi Vasti",1540000.0,1540000.0,1463000.0,77000.0,Completed,2023-06-17,2023-07-07,2023-09-22,2023-24,26.6146,83.61371,True
MPLADS-2023-AS-1121,Parimal Suklabaidya,Lok Sabha,Silchar (Lok Sabha),Assam,Cachar,Sonai,Anand Vihar,Assam PWD,Rural Road & Culvert,Construction of cement concrete (CC) internal village road at Anand Vihar,1320000.0,1320000.0,1218000.0,102000.0,Completed,2023-09-17,2023-10-21,2024-01-19,2023-24,25.0583,92.56347,True
MPLADS-2023-MA-1122,Sandipan Bhumre,Lok Sabha,Aurangabad (Lok Sabha),Maharashtra,Chhatrapati Sambhajinagar,Phulambri,Green Park,Aurangabad Smart City,School Classroom & Education,"Provision of STEM science laboratory equipment, computer lab furniture and student desks at Green Park",1770000.0,1770000.0,1670000.0,100000.0,Completed,2023-05-07,2023-06-24,2023-11-08,2023-24,20.12288,75.10348,True
MPLADS-2023-GO-1123,Shripad Yesso Naik,Lok Sabha,North Goa (Lok Sabha),Goa,North Goa,Sattari,Indira Nagar,DRDA North Goa,Primary Health Sub-Center & Medical,Civil construction of Ayushman Bharat Health & Wellness Centre dispensary in Indira Nagar,890000.0,668000.0,580000.0,88000.0,In Progress,2023-06-23,2023-07-29,,2023-24,15.35538,73.93524,True
MPLADS-2023-MP-1124,Bharat Singh Kushwah,Lok Sabha,Gwalior (Lok Sabha),Madhya Pradesh,Gwalior,Dabra,Shivaji Nagar,MP PWD,Rural Road & Culvert,Bituminous road widening and storm-water drainage culvert in Shivaji Nagar,1880000.0,1128000.0,488000.0,640000.0,In Progress,2022-02-25,2022-03-27,,2023-24,26.18254,77.93733,True
MPLADS-2023-UP-1125,Chhatrapal Singh Gangwar,Lok Sabha,Bareilly (Lok Sabha),Uttar Pradesh,Bareilly,Faridpur,Shivaji Nagar,DRDA Bareilly,School Classroom & Education,"Erection of protective boundary wall and main gate for Government Senior Secondary School, Shivaji Nagar",2950000.0,2950000.0,2833000.0,117000.0,Completed,2023-10-27,2023-12-08,2024-05-09,2023-24,28.42837,79.73661,True
MPLADS-2023-WB-1126,Kirti Azad,Lok Sabha,Bardhaman-Durgapur (Lok Sabha),West Bengal,Purba Bardhaman,Galsi,Hanuman Nagar,WB PWD,Drinking Water Facility,Provision of deep solar-powered borewell with 5000L elevated storage tank at Hanuman Nagar,820000.0,615000.0,426000.0,189000.0,In Progress,2023-04-17,2023-05-05,,2023-24,23.23073,87.97233,True
MPLADS-2023-MP-1127,Lata Wankhede,Lok Sabha,Sagar (Lok Sabha),Madhya Pradesh,Sagar,Banda,Adarsh Nagar,MPRRDA,Drinking Water Facility,Installation of fluorosis/arsenic filtration drinking water unit in Adarsh Nagar school campus,3440000.0,3440000.0,2866000.0,574000.0,In Progress,2021-06-26,2021-07-26,,2023-24,24.10166,78.62199,True
MPLADS-2023-UP-1128,Ramesh Awasthi,Lok Sabha,Kanpur (Lok Sabha),Uttar Pradesh,Kanpur Nagar,Bidhnu,Chitrakoot,PWD Kanpur,Community Infrastructure,Construction of cremation ground covered shed (Shmashan Ghat) with solar lights in Chitrakoot,4680000.0,3744000.0,2396000.0,1348000.0,In Progress,2021-12-25,2022-01-24,,2023-24,26.36102,79.98382,True
MPLADS-2023-GU-1129,Nimuben Bambhaniya,Lok Sabha,Bhavnagar (Lok Sabha),Gujarat,Bhavnagar,Palitana,Navi Vasti,Bhavnagar Municipal Corp,Drinking Water Facility,Deployment of solar water pumping system and distribution cistern in Navi Vasti,710000.0,710000.0,693000.0,17000.0,Completed,2023-12-27,2024-02-05,2024-05-15,2023-24,21.9533,72.31379,True
MPLADS-2023-UP-1130,Imran Masood,Lok Sabha,Saharanpur (Lok Sabha),Uttar Pradesh,Saharanpur,Puwarka,Patel Nagar,DRDA Saharanpur,School Classroom & Education,"Installation of rooftop solar generation system and clean drinking facility in Govt School, Patel Nagar",680000.0,680000.0,670000.0,10000.0,Completed,2023-04-10,2023-05-16,2023-09-13,2023-24,30.19859,77.48727,True
MPLADS-2023-GU-1131,Nimuben Bambhaniya,Lok Sabha,Bhavnagar (Lok Sabha),Gujarat,Bhavnagar,Gariadhar,Shivaji Nagar,Bhavnagar Municipal Corp,School Classroom & Education,"Erection of protective boundary wall and main gate for Government Senior Secondary School, Shivaji Nagar",1450000.0,1450000.0,1412000.0,38000.0,Completed,2023-04-20,2023-05-24,2023-09-11,2023-24,21.60026,72.17342,True
MPLADS-2023-UP-1132,Kishori Lal Sharma,Lok Sabha,Amethi (Lok Sabha),Uttar Pradesh,Amethi,Tiloi,Balarampur,DRDA Amethi,Rural Road & Culvert,Laying of heavy-duty interlocking paver block street in Balarampur settlement,640000.0,480000.0,314000.0,166000.0,In Progress,2023-08-19,2023-09-07,,2023-24,26.41378,81.97853,True
MPLADS-2023-JA-1133,Aga Syed Ruhullah Mehdi,Lok Sabha,Srinagar (Lok Sabha),Jammu & Kashmir,Srinagar,Hazratbal,Panchavati,J&K R&B Dept,Rural Road & Culvert,Construction of reinforced concrete box culvert on arterial approach road at Panchavati,2480000.0,1860000.0,1449000.0,411000.0,In Progress,2023-05-30,2023-07-02,,2023-24,33.96371,74.82884,True
MPLADS-2023-WB-1134,Jagannath Sarkar,Lok Sabha,Ranaghat (Lok Sabha),West Bengal,Nadia,Hanskhali,Subhash Nagar,WB PWD Nadia,Solar & Public Lighting,Erection of high-mast 16-meter LED solar illumination tower near market square in Subhash Nagar,1750000.0,1750000.0,1628000.0,122000.0,Completed,2023-05-21,2023-06-06,2023-07-24,2023-24,23.30127,88.4974,True
MPLADS-2023-KA-1135,Tejasvi Surya,Lok Sabha,Bangalore South (Lok Sabha),Karnataka,Bangalore Urban,Padmanabhanagar,Kalyanpur,BWSSB Karnataka,Sanitation & Public Amenities,Construction of passenger waiting shelter and public utility block near bus stop in Kalyanpur,710000.0,710000.0,674000.0,36000.0,Completed,2024-01-06,2024-02-24,2024-04-19,2023-24,13.17202,77.23613,True
MPLADS-2023-WB-1136,Sudip Bandyopadhyay,Lok Sabha,Kolkata North (Lok Sabha),West Bengal,Kolkata,Maniktala,Gopalganj,Kolkata Municipal Corp,Sanitation & Public Amenities,Provision of solid-liquid waste collection shed and composting unit at Gram Panchayat Gopalganj,740000.0,740000.0,724000.0,16000.0,Completed,2023-12-30,2024-02-15,2024-04-30,2023-24,22.78485,88.26938,True
MPLADS-2023-UP-1137,Ruchi Vira,Lok Sabha,Moradabad (Lok Sabha),Uttar Pradesh,Moradabad,Dingarpur,Gandhi Gram,PWD Moradabad,School Classroom & Education,"Provision of STEM science laboratory equipment, computer lab furniture and student desks at Gandhi Gram",1980000.0,1980000.0,1900000.0,80000.0,Completed,2023-05-15,2023-07-08,2023-11-11,2023-24,29.05925,78.79767,True
MPLADS-2023-GU-1138,Hemang Joshi,Lok Sabha,Vadodara (Lok Sabha),Gujarat,Vadodara,Padra,Bhojpur,Gujarat Urban Dev Mission,Sanitation & Public Amenities,Provision of solid-liquid waste collection shed and composting unit at Gram Panchayat Bhojpur,500000.0,300000.0,208000.0,92000.0,In Progress,2021-11-24,2021-12-24,,2023-24,22.47846,73.41536,True
MPLADS-2023-GO-1139,Shripad Yesso Naik,Lok Sabha,North Goa (Lok Sabha),Goa,North Goa,Tiswadi,Bhojpur,Goa Waste Management Corp,Drinking Water Facility,Upgradation of pipeline distribution and community water tap stands in Bhojpur,600000.0,600000.0,576000.0,24000.0,Completed,2023-04-19,2023-05-06,2023-08-06,2023-24,15.595,73.76867,True
MPLADS-2023-UP-1140,Anurag Sharma,Lok Sabha,Jhansi (Lok Sabha),Uttar Pradesh,Jhansi,Moth,Adarsh Nagar,Bundelkhand Vikas Pradhikaran,Rural Road & Culvert,Construction of reinforced concrete box culvert on arterial approach road at Adarsh Nagar,2060000.0,1545000.0,720000.0,825000.0,In Progress,2024-01-29,2024-02-20,,2023-24,25.48452,78.75161,True
MPLADS-2023-MA-1141,Balwant Wankhade,Lok Sabha,Amravati (Lok Sabha),Maharashtra,Amravati,Achalpur,Shivaji Nagar,DRDA Amravati,Rural Road & Culvert,Inter-hamlet link road paving connecting agricultural mandi to Shivaji Nagar,2110000.0,1688000.0,1012000.0,676000.0,In Progress,2022-03-13,2022-04-12,,2023-24,21.28628,77.91673,True
MPLADS-2023-MP-1142,Shankar Lalwani,Lok Sabha,Indore (Lok Sabha),Madhya Pradesh,Indore,Mhow,Nandgaon,Indore Dev Authority,Rural Road & Culvert,Construction of reinforced concrete box culvert on arterial approach road at Nandgaon,1590000.0,1590000.0,1497000.0,93000.0,Completed,2023-09-05,2023-10-21,2024-03-31,2023-24,22.59903,76.00596,True
MPLADS-2023-MA-1143,Udayanraje Bhosale,Lok Sabha,Satara (Lok Sabha),Maharashtra,Satara,Patan,Kalyanpur,DRDA Satara,Drinking Water Facility,Installation of 1000 LPH RO drinking water purification kiosk in Kalyanpur,440000.0,440000.0,428000.0,12000.0,Completed,2023-09-18,2023-10-19,2024-02-15,2023-24,17.89076,73.81176,True
MPLADS-2023-BI-1144,Kaushlendra Kumar,Lok Sabha,Nalanda (Lok Sabha),Bihar,Nalanda,Harnaut,Devipura,Rural Works Dept Nalanda,Primary Health Sub-Center & Medical,Civil construction of Ayushman Bharat Health & Wellness Centre dispensary in Devipura,3250000.0,2438000.0,1282000.0,1156000.0,In Progress,2023-08-31,2023-10-27,,2023-24,24.87672,85.80809,True
MPLADS-2023-KA-1145,Dr. C. N. Manjunath,Lok Sabha,Bangalore Rural (Lok Sabha),Karnataka,Bangalore Rural,Hosakote,Chandrapur,Zilla Panchayat Bangalore Rural,Rural Road & Culvert,Construction of cement concrete (CC) internal village road at Chandrapur,780000.0,585000.0,183000.0,402000.0,In Progress,2023-04-03,2023-05-25,,2023-24,13.50925,77.47919,True
MPLADS-2023-UP-1146,Awadhesh Prasad,Lok Sabha,Faizabad (Lok Sabha),Uttar Pradesh,Ayodhya,Maya Bazar,Tagore Pally,UP Jal Nigam Ayodhya,Rural Road & Culvert,Construction of cement concrete (CC) internal village road at Tagore Pally,1500000.0,1500000.0,1481000.0,19000.0,Completed,2024-01-17,2024-02-12,2024-09-09,2023-24,26.57639,82.29171,True
MPLADS-2023-MA-1147,Udayanraje Bhosale,Lok Sabha,Satara (Lok Sabha),Maharashtra,Satara,Wai,Rampur,PWD Satara,Solar & Public Lighting,Illumination of village approach road and panchayat center with dusk-to-dawn solar luminaires at Rampur,800000.0,800000.0,762000.0,38000.0,Completed,2023-12-09,2024-01-05,2024-03-17,2023-24,17.60241,74.22722,True
MPLADS-2023-BI-1148,Pappu Yadav,Lok Sabha,Purnia (Lok Sabha),Bihar,Purnia,Banmankhi,Panchavati,Rural Works Dept Bihar,Drinking Water Facility,Deployment of solar water pumping system and distribution cistern in Panchavati,730000.0,730000.0,704000.0,26000.0,Completed,2024-02-10,2024-03-11,2024-06-27,2023-24,25.42812,87.20553,True
MPLADS-2023-OD-1149,Bhartruhari Mahtab,Lok Sabha,Cuttack (Lok Sabha),Odisha,Cuttack,Choudwar,Adarsh Nagar,Odisha Works Dept,School Classroom & Education,"Erection of protective boundary wall and main gate for Government Senior Secondary School, Adarsh Nagar",2150000.0,2150000.0,2110000.0,40000.0,Completed,2023-06-01,2023-07-23,2023-10-20,2023-24,20.8112,86.05422,True
MPLADS-2023-HA-1150,Rao Inderjit Singh,Lok Sabha,Gurgaon (Lok Sabha),Haryana,Gurugram,Farrukhnagar,Kaveri Nagar,GMDA Gurugram,Rural Road & Culvert,Construction of cement concrete (CC) internal village road at Kaveri Nagar,2220000.0,1110000.0,827000.0,283000.0,In Progress,2023-07-17,2023-09-11,,2023-24,28.34845,76.98955,True
MPLADS-2023-MA-1151,Rajabhau Waje,Lok Sabha,Nashik (Lok Sabha),Maharashtra,Nashik,Sinnar,Nandgaon,PWD Nashik,Drinking Water Facility,Deployment of solar water pumping system and distribution cistern in Nandgaon,1320000.0,1320000.0,1271000.0,49000.0,Completed,2023-07-13,2023-08-25,2023-11-02,2023-24,20.25647,74.04048,True
MPLADS-2023-AS-1152,Bijuli Kalita Medhi,Lok Sabha,Gauhati (Lok Sabha),Assam,Kamrup Metropolitan,Boko,Green Park,Assam PWD,Community Infrastructure,Construction of multipurpose community hall / Barat Ghar in Green Park,2380000.0,1904000.0,878000.0,1026000.0,In Progress,2021-11-30,2021-12-30,,2023-24,25.87179,91.58725,True
MPLADS-2023-BI-1153,Kaushlendra Kumar,Lok Sabha,Nalanda (Lok Sabha),Bihar,Nalanda,Rajgir,Rampur,PHED Bihar,Community Infrastructure,Construction of multi-utility cyclone / flood safety community shelter at Rampur,1730000.0,1730000.0,1646000.0,84000.0,Completed,2023-09-26,2023-11-09,2024-05-17,2023-24,25.43583,85.83936,True
MPLADS-2023-BI-1154,Raj Bhushan Choudhary,Lok Sabha,Muzaffarpur (Lok Sabha),Bihar,Muzaffarpur,Kurhani,Mahavir Nagar,Muzaffarpur Zilla Parishad,Rural Road & Culvert,Construction of cement concrete (CC) internal village road at Mahavir Nagar,2840000.0,2840000.0,2179000.0,661000.0,In Progress,2023-12-05,2024-01-30,,2023-24,26.42468,85.09158,True
MPLADS-2023-PU-1155,Gurjeet Singh Aujla,Lok Sabha,Amritsar (Lok Sabha),Punjab,Amritsar,Attari,Kalyanpur,Punjab PWD,Rural Road & Culvert,Construction of reinforced concrete box culvert on arterial approach road at Kalyanpur,2900000.0,2320000.0,1103000.0,1217000.0,In Progress,2022-01-25,2022-02-24,,2023-24,31.45501,75.19268,True
MPLADS-2023-AP-1156,Daggubati Purandeswari,Lok Sabha,Rajahmundry (Lok Sabha),Andhra Pradesh,East Godavari,Nidadavole,Vivekananda Nagar,AP Panchayat Raj,Community Infrastructure,Construction of multipurpose community hall / Barat Ghar in Vivekananda Nagar,2020000.0,2020000.0,1948000.0,72000.0,Completed,2023-09-15,2023-10-01,2024-04-25,2023-24,16.65152,81.58939,True
MPLADS-2023-UP-1157,Chhatrapal Singh Gangwar,Lok Sabha,Bareilly (Lok Sabha),Uttar Pradesh,Bareilly,Nawabganj,Green Park,PWD Bareilly,School Classroom & Education,"Erection of protective boundary wall and main gate for Government Senior Secondary School, Green Park",1790000.0,1790000.0,1722000.0,68000.0,Completed,2024-02-03,2024-03-31,2024-08-17,2023-24,28.15439,79.25182,True
MPLADS-2023-UP-1158,Anurag Sharma,Lok Sabha,Jhansi (Lok Sabha),Uttar Pradesh,Jhansi,Bamaur,Bhavani Peth,UP Jal Nigam Jhansi,School Classroom & Education,"Provision of STEM science laboratory equipment, computer lab furniture and student desks at Bhavani Peth",3320000.0,3320000.0,3085000.0,235000.0,In Progress,2021-08-30,2021-09-29,,2023-24,25.38591,78.24921,True
MPLADS-2023-GU-1159,Parshottam Rupala,Lok Sabha,Rajkot (Lok Sabha),Gujarat,Rajkot,Kotda Sangani,Sundar Nagar,DRDA Rajkot,Rural Road & Culvert,Construction of reinforced concrete box culvert on arterial approach road at Sundar Nagar,1820000.0,1820000.0,1721000.0,99000.0,Completed,2023-07-23,2023-08-15,2024-01-17,2023-24,21.96209,70.86345,True
MPLADS-2023-MA-1160,Naresh Mhaske,Lok Sabha,Thane (Lok Sabha),Maharashtra,Thane,Ulhasnagar,Devipura,MMRDA,Drinking Water Facility,Provision of deep solar-powered borewell with 5000L elevated storage tank at Devipura,1220000.0,1220000.0,1191000.0,29000.0,Completed,2023-08-07,2023-08-27,2023-11-10,2023-24,18.89922,73.1104,True
MPLADS-2023-AP-1161,Kesineni Sivanath,Lok Sabha,Vijayawada (Lok Sabha),Andhra Pradesh,NTR / Krishna,Gannavaram,Kaveri Nagar,AP CRDA,Drinking Water Facility,Upgradation of pipeline distribution and community water tap stands in Kaveri Nagar,620000.0,620000.0,586000.0,34000.0,Completed,2024-01-24,2024-03-11,2024-06-08,2023-24,16.81046,80.82533,True
MPLADS-2023-AP-1162,Kesineni Sivanath,Lok Sabha,Vijayawada (Lok Sabha),Andhra Pradesh,NTR / Krishna,Gannavaram,Kalyanpur,AP Panchayat Raj Dept,Solar & Public Lighting,Installation of 30 standalone LED solar street lights across major junctions in Kalyanpur,880000.0,880000.0,830000.0,50000.0,Completed,2023-06-28,2023-07-25,2023-09-04,2023-24,16.2933,80.44435,True
MPLADS-2023-MA-1163,Naresh Mhaske,Lok Sabha,Thane (Lok Sabha),Maharashtra,Thane,Ulhasnagar,Mahavir Nagar,Thane Municipal Corp,Rural Road & Culvert,Construction of reinforced concrete box culvert on arterial approach road at Mahavir Nagar,900000.0,900000.0,886000.0,14000.0,Completed,2023-07-14,2023-08-05,2024-02-21,2023-24,18.97605,72.67239,True
MPLADS-2023-MA-1164,Praniti Shinde,Lok Sabha,Solapur (Lok Sabha),Maharashtra,Solapur,Barshi,Hanuman Nagar,Zilla Parishad Solapur,Drinking Water Facility,Installation of 1000 LPH RO drinking water purification kiosk in Hanuman Nagar,1100000.0,660000.0,294000.0,366000.0,In Progress,2022-02-01,2022-03-03,,2023-24,17.38581,75.71688,True
MPLADS-2023-MA-1165,Naresh Mhaske,Lok Sabha,Thane (Lok Sabha),Maharashtra,Thane,Bhiwandi,Hanuman Nagar,Zilla Parishad Thane,School Classroom & Education,Upgradation of primary school infrastructure with disabled-friendly ramps and smart board in Hanuman Nagar,1850000.0,1850000.0,1824000.0,26000.0,Completed,2023-11-16,2023-12-14,2024-03-18,2023-24,19.08931,73.0525,True
MPLADS-2023-HA-1166,Rao Inderjit Singh,Lok Sabha,Gurgaon (Lok Sabha),Haryana,Gurugram,Pataudi,Patel Nagar,Haryana PWD (B&R),Drinking Water Facility,Deployment of solar water pumping system and distribution cistern in Patel Nagar,1330000.0,1330000.0,1228000.0,102000.0,Completed,2024-01-23,2024-02-12,2024-06-04,2023-24,28.77419,76.75582,True
MPLADS-2023-GU-1167,Parshottam Rupala,Lok Sabha,Rajkot (Lok Sabha),Gujarat,Rajkot,Kotda Sangani,Adarsh Nagar,DRDA Rajkot,Rural Road & Culvert,Construction of reinforced concrete box culvert on arterial approach road at Adarsh Nagar,1040000.0,624000.0,295000.0,329000.0,In Progress,2021-11-17,2021-12-17,,2023-24,22.34049,70.68958,True
MPLADS-2023-AP-1168,M. Sribharat,Lok Sabha,Visakhapatnam (Lok Sabha),Andhra Pradesh,Visakhapatnam,Pendurthi,Subhash Nagar,AP PWD,School Classroom & Education,"Erection of protective boundary wall and main gate for Government Senior Secondary School, Subhash Nagar",2170000.0,1085000.0,906000.0,179000.0,In Progress,2023-11-05,2023-11-22,,2023-24,17.49116,83.31387,True
MPLADS-2023-RA-1169,Gajendra Singh Shekhawat,Lok Sabha,Jodhpur (Lok Sabha),Rajasthan,Jodhpur,Shergarh,Sundar Nagar,Rajasthan PWD,Community Infrastructure,Construction of multi-utility cyclone / flood safety community shelter at Sundar Nagar,1780000.0,1335000.0,798000.0,537000.0,In Progress,2023-11-22,2023-12-27,,2023-24,26.12528,72.69747,True
MPLADS-2023-UP-1170,Narendra Modi,Lok Sabha,Varanasi (Lok Sabha),Uttar Pradesh,Varanasi,Harahua,Shivpur,UP Jal Nigam,Rural Road & Culvert,Inter-hamlet link road paving connecting agricultural mandi to Shivpur,1350000.0,1350000.0,1319000.0,31000.0,Completed,2024-01-25,2024-03-20,2024-07-13,2023-24,25.27489,83.24991,True
MPLADS-2023-TE-1171,Kadiyam Kavya,Lok Sabha,Warangal (Lok Sabha),Telangana,Warangal,Hanamkonda,Chitrakoot,Mission Bhagiratha,Rural Road & Culvert,Bituminous road widening and storm-water drainage culvert in Chitrakoot,3470000.0,3470000.0,3363000.0,107000.0,Completed,2023-10-12,2023-11-16,2024-04-28,2023-24,18.14567,79.42666,True
MPLADS-2023-UP-1172,Ramesh Awasthi,Lok Sabha,Kanpur (Lok Sabha),Uttar Pradesh,Kanpur Nagar,Bilhaur,Anand Vihar,PWD Kanpur,School Classroom & Education,"Installation of rooftop solar generation system and clean drinking facility in Govt School, Anand Vihar",1150000.0,862000.0,388000.0,474000.0,In Progress,2023-05-10,2023-06-27,,2023-24,26.65172,80.20178,True
MPLADS-2023-GU-1173,Hasmukh Patel,Lok Sabha,Ahmedabad East (Lok Sabha),Gujarat,Ahmedabad,Daskroi,Ganeshpur,Gujarat Water Supply Board (GWSSB),Rural Road & Culvert,Construction of cement concrete (CC) internal village road at Ganeshpur,2300000.0,2300000.0,2247000.0,53000.0,Completed,2023-08-12,2023-08-27,2023-12-17,2023-24,22.92553,72.58252,True
MPLADS-2023-RA-1174,Gajendra Singh Shekhawat,Lok Sabha,Jodhpur (Lok Sabha),Rajasthan,Jodhpur,Phalodi,Anand Vihar,Rajasthan PWD,Rural Road & Culvert,Bituminous road widening and storm-water drainage culvert in Anand Vihar,1740000.0,1305000.0,536000.0,769000.0,In Progress,2023-12-18,2024-01-19,,2023-24,25.9232,72.89139,True
MPLADS-2023-MA-1175,Balwant Wankhade,Lok Sabha,Amravati (Lok Sabha),Maharashtra,Amravati,Warud,Khadki,DRDA Amravati,School Classroom & Education,"Construction of two additional smart classrooms in Zilla Parishad High School, Khadki",1790000.0,1342000.0,645000.0,697000.0,In Progress,2023-10-26,2023-11-13,,2023-24,21.01735,77.75162,True
MPLADS-2023-TN-1176,Robert Bruce,Lok Sabha,Tirunelveli (Lok Sabha),Tamil Nadu,Tirunelveli,Palayamkottai,Sitarampur,TWAD Board Tirunelveli,Community Infrastructure,Development of public cultural center and community shed at Sitarampur,1940000.0,1455000.0,1030000.0,425000.0,In Progress,2023-08-16,2023-09-03,,2023-24,8.7339,78.02984,True
MPLADS-2023-RA-1177,Manju Sharma,Lok Sabha,Jaipur (Lok Sabha),Rajasthan,Jaipur,Bassi,Lakshmipuram,PHED Rajasthan,Solar & Public Lighting,Erection of high-mast 16-meter LED solar illumination tower near market square in Lakshmipuram,770000.0,770000.0,732000.0,38000.0,Completed,2023-12-12,2024-01-26,2024-04-10,2023-24,27.0971,75.80712,True
MPLADS-2023-UP-1178,Satish Kumar Gautam,Lok Sabha,Aligarh (Lok Sabha),Uttar Pradesh,Aligarh,Atrauli,Navi Vasti,Aligarh Nagar Nigam,Solar & Public Lighting,Installation of 30 standalone LED solar street lights across major junctions in Navi Vasti,380000.0,380000.0,369000.0,11000.0,Completed,2024-02-11,2024-03-22,2024-06-01,2023-24,28.01605,78.24939,True
MPLADS-2023-MP-1179,Ashish Dubey,Lok Sabha,Jabalpur (Lok Sabha),Madhya Pradesh,Jabalpur,Sihora,Bhavani Peth,Jabalpur Smart City,Drinking Water Facility,Provision of deep solar-powered borewell with 5000L elevated storage tank at Bhavani Peth,850000.0,638000.0,375000.0,263000.0,In Progress,2023-11-07,2023-12-25,,2023-24,23.00779,79.95978,True
MPLADS-2023-UP-1180,Satish Kumar Gautam,Lok Sabha,Aligarh (Lok Sabha),Uttar Pradesh,Aligarh,Atrauli,Bhojpur,UP Jal Nigam,Rural Road & Culvert,Inter-hamlet link road paving connecting agricultural mandi to Bhojpur,3340000.0,3340000.0,3218000.0,122000.0,Completed,2023-08-27,2023-10-04,2024-02-29,2023-24,28.05219,77.99633,True
MPLADS-2023-AP-1181,Kesineni Sivanath,Lok Sabha,Vijayawada (Lok Sabha),Andhra Pradesh,NTR / Krishna,Ibrahimpatnam,Shivpur,Vijayawada Municipal Corp,Solar & Public Lighting,Installation of 30 standalone LED solar street lights across major junctions in Shivpur,700000.0,700000.0,548000.0,152000.0,In Progress,2023-10-28,2023-12-01,,2023-24,16.72651,80.65165,True
MPLADS-2023-UP-1182,Kishori Lal Sharma,Lok Sabha,Amethi (Lok Sabha),Uttar Pradesh,Amethi,Gauriganj,Bhavani Peth,PWD Amethi,School Classroom & Education,Upgradation of primary school infrastructure with disabled-friendly ramps and smart board in Bhavani Peth,1590000.0,1590000.0,1551000.0,39000.0,Completed,2023-09-17,2023-10-19,2024-03-16,2023-24,25.84887,81.94738,True
MPLADS-2023-UP-1183,Chhatrapal Singh Gangwar,Lok Sabha,Bareilly (Lok Sabha),Uttar Pradesh,Bareilly,Bithri Chainpur,Bhavani Peth,PWD Bareilly,Rural Road & Culvert,Bituminous road widening and storm-water drainage culvert in Bhavani Peth,1130000.0,1130000.0,1083000.0,47000.0,Completed,2023-07-09,2023-08-15,2023-12-14,2023-24,28.2933,79.23572,True
MPLADS-2023-MA-1184,Rajabhau Waje,Lok Sabha,Nashik (Lok Sabha),Maharashtra,Nashik,Nashik Rural,Chitrakoot,Nashik Municipal Corp,Community Infrastructure,Construction of multi-utility cyclone / flood safety community shelter at Chitrakoot,3130000.0,1878000.0,1107000.0,771000.0,In Progress,2022-01-25,2022-02-24,,2023-24,19.78609,73.59155,True
MPLADS-2023-MP-1185,Lata Wankhede,Lok Sabha,Sagar (Lok Sabha),Madhya Pradesh,Sagar,Banda,Khadki,Sagar Smart City,Drinking Water Facility,Installation of 1000 LPH RO drinking water purification kiosk in Khadki,1390000.0,1390000.0,1384000.0,6000.0,Completed,2024-02-08,2024-02-28,2024-06-01,2023-24,23.55552,79.06032,True
MPLADS-2023-MP-1186,Anil Firojiya,Lok Sabha,Ujjain (Lok Sabha),Madhya Pradesh,Ujjain,Khachrod,Rampur,Ujjain Smart City,Rural Road & Culvert,Bituminous road widening and storm-water drainage culvert in Rampur,2960000.0,2220000.0,741000.0,1479000.0,In Progress,2024-01-26,2024-02-11,,2023-24,22.91603,75.85654,True
MPLADS-2023-UP-1187,Kishori Lal Sharma,Lok Sabha,Amethi (Lok Sabha),Uttar Pradesh,Amethi,Tiloi,Rajendra Nagar,PWD Amethi,Solar & Public Lighting,Installation of solar mini-grid powered street lighting and battery bank at Rajendra Nagar,790000.0,790000.0,770000.0,20000.0,Completed,2024-01-31,2024-03-04,2024-05-29,2023-24,26.24054,81.61519,True
MPLADS-2023-MP-1188,Anil Firojiya,Lok Sabha,Ujjain (Lok Sabha),Madhya Pradesh,Ujjain,Ghatiya,Chandrapur,Ujjain Smart City,Rural Road & Culvert,Inter-hamlet link road paving connecting agricultural mandi to Chandrapur,2310000.0,2310000.0,2186000.0,124000.0,Completed,2023-12-26,2024-01-17,2024-06-29,2023-24,22.98459,75.7164,True
MPLADS-2023-GU-1189,Hemang Joshi,Lok Sabha,Vadodara (Lok Sabha),Gujarat,Vadodara,Padra,Adarsh Nagar,R&B Vadodara,Sanitation & Public Amenities,Provision of solid-liquid waste collection shed and composting unit at Gram Panchayat Adarsh Nagar,590000.0,590000.0,557000.0,33000.0,Completed,2023-07-20,2023-08-14,2023-11-19,2023-24,22.14971,73.06759,True
MPLADS-2023-UP-1190,Ravi Kishan,Lok Sabha,Gorakhpur (Lok Sabha),Uttar Pradesh,Gorakhpur,Chargawan,Patel Nagar,Gorakhpur Development Authority,Rural Road & Culvert,Construction of reinforced concrete box culvert on arterial approach road at Patel Nagar,2110000.0,2110000.0,2025000.0,85000.0,Completed,2023-10-05,2023-10-22,2024-05-25,2023-24,27.06551,83.32327,True
MPLADS-2023-UT-1191,Trivendra Singh Rawat,Lok Sabha,Haridwar (Lok Sabha),Uttarakhand,Haridwar,Roorkee,Adarsh Nagar,Haridwar Roorkee Dev Authority,Community Infrastructure,Construction of multipurpose community hall / Barat Ghar in Adarsh Nagar,4790000.0,4790000.0,4611000.0,179000.0,Completed,2023-04-29,2023-05-26,2024-02-25,2023-24,29.65757,78.42406,True
MPLADS-2023-UP-1192,Satish Kumar Gautam,Lok Sabha,Aligarh (Lok Sabha),Uttar Pradesh,Aligarh,Lodha,Ganeshpur,UP Jal Nigam,Rural Road & Culvert,Inter-hamlet link road paving connecting agricultural mandi to Ganeshpur,3320000.0,3320000.0,3170000.0,150000.0,Completed,2023-05-22,2023-06-19,2023-12-13,2023-24,27.79646,78.31018,True
MPLADS-2023-RA-1193,Arjun Ram Meghwal,Lok Sabha,Bikaner (Lok Sabha),Rajasthan,Bikaner,Kolayat,Anand Vihar,PHED Rajasthan,Rural Road & Culvert,Laying of heavy-duty interlocking paver block street in Anand Vihar settlement,2380000.0,2380000.0,2257000.0,123000.0,Completed,2023-11-04,2023-12-20,2024-05-11,2023-24,28.36164,73.54387,True
MPLADS-2023-BI-1194,Ravi Shankar Prasad,Lok Sabha,Patna Sahib (Lok Sabha),Bihar,Patna,Patna Sadar,Vikas Nagar,Patna Municipal Corp,School Classroom & Education,"Construction of two additional smart classrooms in Zilla Parishad High School, Vikas Nagar",2110000.0,2110000.0,2089000.0,21000.0,Completed,2023-07-09,2023-08-21,2024-02-13,2023-24,25.6293,85.41321,True
MPLADS-2023-MA-1195,Sandipan Bhumre,Lok Sabha,Aurangabad (Lok Sabha),Maharashtra,Chhatrapati Sambhajinagar,Paithan,Indira Nagar,Aurangabad Smart City,Solar & Public Lighting,Illumination of village approach road and panchayat center with dusk-to-dawn solar luminaires at Indira Nagar,830000.0,622000.0,271000.0,351000.0,In Progress,2023-04-28,2023-05-20,,2023-24,20.01198,75.41728,True
MPLADS-2023-UP-1196,Ruchi Vira,Lok Sabha,Moradabad (Lok Sabha),Uttar Pradesh,Moradabad,Kundarki,Patel Nagar,PWD Moradabad,School Classroom & Education,"Erection of protective boundary wall and main gate for Government Senior Secondary School, Patel Nagar",2380000.0,2380000.0,2260000.0,120000.0,Completed,2023-11-18,2024-01-17,2024-06-21,2023-24,28.9071,78.82425,True
MPLADS-2023-KE-1197,Suresh Gopi,Lok Sabha,Thrissur (Lok Sabha),Kerala,Thrissur,Chalakudy,Patel Nagar,Kerala Water Authority,School Classroom & Education,Upgradation of primary school infrastructure with disabled-friendly ramps and smart board in Patel Nagar,2840000.0,2840000.0,2704000.0,136000.0,Completed,2023-11-20,2024-01-17,2024-05-02,2023-24,10.5831,76.31014,True
MPLADS-2023-AP-1198,Kesineni Sivanath,Lok Sabha,Vijayawada (Lok Sabha),Andhra Pradesh,NTR / Krishna,Mylavaram,Anand Vihar,AP CRDA,Rural Road & Culvert,Inter-hamlet link road paving connecting agricultural mandi to Anand Vihar,560000.0,560000.0,554000.0,6000.0,Completed,2023-09-06,2023-10-23,2024-03-05,2023-24,16.77958,80.37385,True
MPLADS-2023-GO-1199,Shripad Yesso Naik,Lok Sabha,North Goa (Lok Sabha),Goa,North Goa,Pernem,Shanti Nagar,Goa PWD,Drinking Water Facility,Deployment of solar water pumping system and distribution cistern in Shanti Nagar,1140000.0,1140000.0,1108000.0,32000.0,Completed,2023-10-26,2023-11-13,2024-01-16,2023-24,15.4195,73.5602,True
MPLADS-2023-HP-1200,Suresh Kumar Kashyap,Lok Sabha,Shimla (Lok Sabha),Himachal Pradesh,Shimla,Theog,Mahavir Nagar,DRDA Shimla,Rural Road & Culvert,Bituminous road widening and storm-water drainage culvert in Mahavir Nagar,1430000.0,1430000.0,1399000.0,31000.0,Completed,2023-12-23,2024-01-21,2024-07-21,2023-24,31.20993,77.45237,True
MPLADS-2023-RA-1201,Gajendra Singh Shekhawat,Lok Sabha,Jodhpur (Lok Sabha),Rajasthan,Jodhpur,Shergarh,Patel Nagar,Jodhpur Dev Authority,Rural Road & Culvert,Inter-hamlet link road paving connecting agricultural mandi to Patel Nagar,3380000.0,3380000.0,2671000.0,709000.0,In Progress,2023-05-31,2023-07-27,,2023-24,26.12784,73.05878,True
MPLADS-2023-MA-1202,Sandipan Bhumre,Lok Sabha,Aurangabad (Lok Sabha),Maharashtra,Chhatrapati Sambhajinagar,Vaijapur,Ambedkar Basti,PWD Sambhajinagar,Solar & Public Lighting,Erection of high-mast 16-meter LED solar illumination tower near market square in Ambedkar Basti,660000.0,660000.0,635000.0,25000.0,Completed,2023-05-18,2023-06-19,2023-08-14,2023-24,19.96745,75.63972,True
MPLADS-2023-WB-1203,Jagannath Sarkar,Lok Sabha,Ranaghat (Lok Sabha),West Bengal,Nadia,Chakdaha,Shanti Nagar,Zilla Parishad Nadia,Rural Road & Culvert,Bituminous road widening and storm-water drainage culvert in Shanti Nagar,2800000.0,1400000.0,991000.0,409000.0,In Progress,2023-09-08,2023-10-26,,2023-24,22.96543,88.39343,True
MPLADS-2023-AP-1204,Kesineni Sivanath,Lok Sabha,Vijayawada (Lok Sabha),Andhra Pradesh,NTR / Krishna,Mylavaram,Vikas Nagar,AP Panchayat Raj Dept,Community Infrastructure,Construction of cremation ground covered shed (Shmashan Ghat) with solar lights in Vikas Nagar,3690000.0,3690000.0,3630000.0,60000.0,Completed,2023-04-16,2023-05-03,2023-08-31,2023-24,16.16076,80.89455,True
MPLADS-2023-KA-1205,Jagadish Shettar,Lok Sabha,Belagavi (Lok Sabha),Karnataka,Belagavi,Khanapur,Sundar Nagar,Zilla Panchayat Belagavi,Rural Road & Culvert,Construction of cement concrete (CC) internal village road at Sundar Nagar,3000000.0,2400000.0,1553000.0,847000.0,In Progress,2022-02-06,2022-03-08,,2023-24,16.07603,74.16554,True
MPLADS-2023-UP-1206,Satish Kumar Gautam,Lok Sabha,Aligarh (Lok Sabha),Uttar Pradesh,Aligarh,Khair,Govindpur,Aligarh Nagar Nigam,Solar & Public Lighting,Illumination of village approach road and panchayat center with dusk-to-dawn solar luminaires at Govindpur,460000.0,460000.0,436000.0,24000.0,Completed,2024-02-05,2024-03-31,2024-06-18,2023-24,27.67143,78.17868,True
MPLADS-2023-WB-1207,Kirti Azad,Lok Sabha,Bardhaman-Durgapur (Lok Sabha),West Bengal,Purba Bardhaman,Durgapur Rural,Navi Vasti,Durgapur Municipal Corp,Rural Road & Culvert,Inter-hamlet link road paving connecting agricultural mandi to Navi Vasti,2580000.0,2580000.0,327000.0,2253000.0,Stalled,2021-10-14,2021-11-25,,2023-24,23.54245,88.1313,True
MPLADS-2023-PU-1208,Gurjeet Singh Aujla,Lok Sabha,Amritsar (Lok Sabha),Punjab,Amritsar,Jandiala,Adarsh Nagar,Punjab PWD,School Classroom & Education,"Erection of protective boundary wall and main gate for Government Senior Secondary School, Adarsh Nagar",1250000.0,1250000.0,1220000.0,30000.0,Completed,2023-05-18,2023-07-07,2023-11-04,2023-24,31.92998,75.16846,True
MPLADS-2023-MA-1209,Balwant Wankhade,Lok Sabha,Amravati (Lok Sabha),Maharashtra,Amravati,Daryapur,Lakshmipuram,Zilla Parishad Amravati,Rural Road & Culvert,Laying of heavy-duty interlocking paver block street in Lakshmipuram settlement,3310000.0,1986000.0,1065000.0,921000.0,In Progress,2022-02-05,2022-03-07,,2023-24,20.64983,77.52247,True
MPLADS-2023-TN-1210,Dayanidhi Maran,Lok Sabha,Chennai Central (Lok Sabha),Tamil Nadu,Chennai,Thousand Lights,Nehru Colony,Greater Chennai Corporation,Drinking Water Facility,Installation of 1000 LPH RO drinking water purification kiosk in Nehru Colony,2510000.0,2510000.0,1922000.0,588000.0,In Progress,2021-09-17,2021-10-17,,2023-24,12.73303,79.99953,True
MPLADS-2023-UT-1211,Trivendra Singh Rawat,Lok Sabha,Haridwar (Lok Sabha),Uttarakhand,Haridwar,Bhagwanpur,Shivaji Nagar,PWD Uttarakhand,Rural Road & Culvert,Laying of heavy-duty interlocking paver block street in Shivaji Nagar settlement,1990000.0,1990000.0,1922000.0,68000.0,Completed,2023-09-24,2023-11-14,2024-06-30,2023-24,29.80341,77.99942,True
MPLADS-2023-UP-1212,S. P. Singh Baghel,Lok Sabha,Agra (Lok Sabha),Uttar Pradesh,Agra,Shamshabad,Chandrapur,PWD Agra,Rural Road & Culvert,Laying of heavy-duty interlocking paver block street in Chandrapur settlement,1380000.0,1380000.0,1301000.0,79000.0,Completed,2023-05-19,2023-06-05,2023-12-27,2023-24,26.97012,77.83319,True
MPLADS-2023-UP-1213,Satish Kumar Gautam,Lok Sabha,Aligarh (Lok Sabha),Uttar Pradesh,Aligarh,Gabhana,Kalyanpur,UP Jal Nigam,Rural Road & Culvert,Laying of heavy-duty interlocking paver block street in Kalyanpur settlement,2720000.0,1632000.0,1061000.0,571000.0,In Progress,2022-03-08,2022-04-07,,2023-24,27.99474,78.35273,True
MPLADS-2023-OD-1214,Bhartruhari Mahtab,Lok Sabha,Cuttack (Lok Sabha),Odisha,Cuttack,Salepur,Gandhi Gram,Odisha Works Dept,Rural Road & Culvert,Construction of reinforced concrete box culvert on arterial approach road at Gandhi Gram,3290000.0,3290000.0,3251000.0,39000.0,Completed,2023-06-27,2023-08-07,2024-02-25,2023-24,20.27621,85.83101,True
MPLADS-2023-WB-1215,Raju Bista,Lok Sabha,Darjeeling (Lok Sabha),West Bengal,Darjeeling,Kurseong,Krishnapuram,WB PWD,School Classroom & Education,"Provision of STEM science laboratory equipment, computer lab furniture and student desks at Krishnapuram",1380000.0,1380000.0,1356000.0,24000.0,Completed,2023-07-27,2023-09-01,2024-01-02,2023-24,27.24093,88.32833,True
MPLADS-2023-PU-1216,Gurjeet Singh Aujla,Lok Sabha,Amritsar (Lok Sabha),Punjab,Amritsar,Jandiala,Gopalganj,Punjab PWD,Community Infrastructure,Renovation and structural expansion of Gram Panchayat community auditorium in Gopalganj,3950000.0,2962000.0,1349000.0,1613000.0,In Progress,2023-12-11,2024-01-20,,2023-24,31.84932,75.12437,True
MPLADS-2023-UP-1217,Ruchi Vira,Lok Sabha,Moradabad (Lok Sabha),Uttar Pradesh,Moradabad,Kundarki,Ambedkar Basti,PWD Moradabad,Rural Road & Culvert,Construction of cement concrete (CC) internal village road at Ambedkar Basti,2480000.0,1860000.0,741000.0,1119000.0,In Progress,2023-07-02,2023-07-27,,2023-24,28.60005,79.11781,True
MPLADS-2023-AS-1218,Parimal Suklabaidya,Lok Sabha,Silchar (Lok Sabha),Assam,Cachar,Sonai,Subhash Nagar,Cachar Zilla Parishad,School Classroom & Education,"Installation of rooftop solar generation system and clean drinking facility in Govt School, Subhash Nagar",2380000.0,2380000.0,2247000.0,133000.0,Completed,2023-08-14,2023-10-11,2024-03-02,2023-24,25.02236,92.55085,True
MPLADS-2023-OD-1219,Bhartruhari Mahtab,Lok Sabha,Cuttack (Lok Sabha),Odisha,Cuttack,Choudwar,Balarampur,Odisha Works Dept,Community Infrastructure,Construction of multi-utility cyclone / flood safety community shelter at Balarampur,4840000.0,4840000.0,4616000.0,224000.0,Completed,2024-01-28,2024-03-18,2024-12-22,2023-24,20.53877,85.73496,True
MPLADS-2023-AP-1220,M. Sribharat,Lok Sabha,Visakhapatnam (Lok Sabha),Andhra Pradesh,Visakhapatnam,Bheemunipatnam,Khadki,Greater Visakhapatnam Municipal Corp (GVMC),Drinking Water Facility,Installation of 1000 LPH RO drinking water purification kiosk in Khadki,1730000.0,1730000.0,1724000.0,6000.0,Completed,2023-07-27,2023-09-24,2023-12-10,2023-24,17.69195,83.07281,True
MPLADS-2023-MA-1221,Naresh Mhaske,Lok Sabha,Thane (Lok Sabha),Maharashtra,Thane,Bhiwandi,Madhavpuram,Thane Municipal Corp,Rural Road & Culvert,Inter-hamlet link road paving connecting agricultural mandi to Madhavpuram,1540000.0,770000.0,624000.0,146000.0,In Progress,2024-01-05,2024-02-29,,2023-24,19.17728,72.87796,True
MPLADS-2023-MA-1222,Arvind Sawant,Lok Sabha,Mumbai South (Lok Sabha),Maharashtra,Mumbai South,Sewri,Mahavir Nagar,MHADA,Drinking Water Facility,Installation of fluorosis/arsenic filtration drinking water unit in Mahavir Nagar school campus,1320000.0,1320000.0,1282000.0,38000.0,Sanctioned,2021-10-09,2021-11-08,,2023-24,19.26327,72.52984,True
MPLADS-2023-KE-1223,Suresh Gopi,Lok Sabha,Thrissur (Lok Sabha),Kerala,Thrissur,Chalakudy,Ambedkar Basti,Kerala Water Authority,Community Infrastructure,Renovation and structural expansion of Gram Panchayat community auditorium in Ambedkar Basti,3400000.0,3400000.0,3338000.0,62000.0,Completed,2024-01-20,2024-03-14,2024-08-20,2023-24,10.76353,75.95504,True
MPLADS-2023-RA-1224,Arjun Ram Meghwal,Lok Sabha,Bikaner (Lok Sabha),Rajasthan,Bikaner,Kolayat,Khadki,PHED Rajasthan,Solar & Public Lighting,Illumination of village approach road and panchayat center with dusk-to-dawn solar luminaires at Khadki,900000.0,900000.0,887000.0,13000.0,Completed,2023-10-22,2023-11-06,2023-12-29,2023-24,27.70921,73.15043,True
MPLADS-2023-UP-1225,Ruchi Vira,Lok Sabha,Moradabad (Lok Sabha),Uttar Pradesh,Moradabad,Moradabad Rural,Govindpur,PWD Moradabad,Drinking Water Facility,Installation of fluorosis/arsenic filtration drinking water unit in Govindpur school campus,1560000.0,1560000.0,1505000.0,55000.0,Completed,2023-06-03,2023-06-19,2023-09-19,2023-24,28.67643,78.55109,True
MPLADS-2023-RA-1226,Manna Lal Rawat,Lok Sabha,Udaipur (Lok Sabha),Rajasthan,Udaipur,Gogunda,Balarampur,PWD Udaipur,Rural Road & Culvert,Bituminous road widening and storm-water drainage culvert in Balarampur,1560000.0,1248000.0,795000.0,453000.0,In Progress,2022-02-21,2022-03-23,,2023-24,24.81662,73.51804,True
MPLADS-2023-WB-1227,Sudip Bandyopadhyay,Lok Sabha,Kolkata North (Lok Sabha),West Bengal,Kolkata,Maniktala,Hanuman Nagar,KMDA,Rural Road & Culvert,Construction of cement concrete (CC) internal village road at Hanuman Nagar,2550000.0,2550000.0,2543000.0,7000.0,Completed,2023-07-05,2023-08-09,2024-03-09,2023-24,22.35953,88.68152,True
MPLADS-2023-MP-1228,Shankar Lalwani,Lok Sabha,Indore (Lok Sabha),Madhya Pradesh,Indore,Depalpur,Panchavati,Indore Dev Authority,Rural Road & Culvert,Bituminous road widening and storm-water drainage culvert in Panchavati,2040000.0,2040000.0,1964000.0,76000.0,Completed,2023-10-07,2023-11-29,2024-05-31,2023-24,22.62566,76.17384,True
MPLADS-2023-GU-1229,Nimuben Bambhaniya,Lok Sabha,Bhavnagar (Lok Sabha),Gujarat,Bhavnagar,Mahuva,Tagore Pally,Gujarat PWD,Drinking Water Facility,Installation of 1000 LPH RO drinking water purification kiosk in Tagore Pally,1210000.0,1210000.0,1151000.0,59000.0,Completed,2023-08-26,2023-10-11,2023-12-10,2023-24,22.02893,72.42761,True
MPLADS-2023-OD-1230,Aparajita Sarangi,Lok Sabha,Bhubaneswar (Lok Sabha),Odisha,Khurda,Balianta,Chitrakoot,Odisha Works Dept,Community Infrastructure,Development of public cultural center and community shed at Chitrakoot,1660000.0,1660000.0,1564000.0,96000.0,Completed,2023-09-18,2023-11-05,2024-06-05,2023-24,20.09323,85.68981,True
MPLADS-2023-TN-1231,Dayanidhi Maran,Lok Sabha,Chennai Central (Lok Sabha),Tamil Nadu,Chennai,Egmore,Shivaji Nagar,Greater Chennai Corporation,Drinking Water Facility,Provision of deep solar-powered borewell with 5000L elevated storage tank at Shivaji Nagar,460000.0,460000.0,444000.0,16000.0,Completed,2023-10-05,2023-10-31,2024-02-20,2023-24,12.80086,80.47986,True
MPLADS-2023-KA-1232,Yaduveer Krishnadatta Chamaraja Wadiyar,Lok Sabha,Mysore (Lok Sabha),Karnataka,Mysuru,Hunsur,Govindpur,PWD Mysuru,Rural Road & Culvert,Bituminous road widening and storm-water drainage culvert in Govindpur,2590000.0,2590000.0,2448000.0,142000.0,Completed,2023-05-26,2023-07-21,2024-01-17,2023-24,12.06993,76.55745,True
MPLADS-2023-RA-1233,Manju Sharma,Lok Sabha,Jaipur (Lok Sabha),Rajasthan,Jaipur,Chaksu,Rajendra Nagar,PHED Rajasthan,School Classroom & Education,"Construction of two additional smart classrooms in Zilla Parishad High School, Rajendra Nagar",3610000.0,3610000.0,463000.0,3147000.0,Stalled,2021-09-23,2021-11-11,,2023-24,26.79403,76.00367,True
MPLADS-2023-GO-1234,Shripad Yesso Naik,Lok Sabha,North Goa (Lok Sabha),Goa,North Goa,Sattari,Shivaji Nagar,Goa PWD,Sports & Youth Welfare,Construction of pavilion seating shed and sports training facility in Gram Panchayat Shivaji Nagar,910000.0,910000.0,864000.0,46000.0,Completed,2024-01-01,2024-02-13,2024-05-31,2023-24,15.63517,73.83495,True
MPLADS-2023-HA-1235,Rao Inderjit Singh,Lok Sabha,Gurgaon (Lok Sabha),Haryana,Gurugram,Sohna,Panchavati,Haryana Shehri Vikas Pradhikaran,Community Infrastructure,Construction of cremation ground covered shed (Shmashan Ghat) with solar lights in Panchavati,4290000.0,4290000.0,4108000.0,182000.0,Completed,2024-02-09,2024-03-15,2024-12-17,2023-24,28.74684,77.35394,True
MPLADS-2023-MA-1236,Bimol Akoijam,Lok Sabha,Inner Manipur (Lok Sabha),Manipur,Imphal East,Sawombung,Adarsh Nagar,Manipur PWD,Rural Road & Culvert,Construction of cement concrete (CC) internal village road at Adarsh Nagar,630000.0,630000.0,624000.0,6000.0,Completed,2023-10-08,2023-11-11,2024-02-27,2023-24,25.13792,93.67859,True
MPLADS-2023-UP-1237,Anurag Sharma,Lok Sabha,Jhansi (Lok Sabha),Uttar Pradesh,Jhansi,Bamaur,Kaveri Nagar,Bundelkhand Vikas Pradhikaran,Rural Road & Culvert,Inter-hamlet link road paving connecting agricultural mandi to Kaveri Nagar,2170000.0,2170000.0,2093000.0,77000.0,Completed,2023-12-24,2024-01-10,2024-05-04,2023-24,25.29714,78.41755,True
MPLADS-2023-RA-1238,Arjun Ram Meghwal,Lok Sabha,Bikaner (Lok Sabha),Rajasthan,Bikaner,Dungargarh,Bhojpur,PHED Rajasthan,School Classroom & Education,Upgradation of primary school infrastructure with disabled-friendly ramps and smart board in Bhojpur,2490000.0,1245000.0,930000.0,315000.0,In Progress,2023-06-13,2023-07-29,,2023-24,28.30211,73.51408,True
MPLADS-2023-PU-1239,Gurjeet Singh Aujla,Lok Sabha,Amritsar (Lok Sabha),Punjab,Amritsar,Jandiala,Rampur,Amritsar Municipal Corp,Rural Road & Culvert,Inter-hamlet link road paving connecting agricultural mandi to Rampur,3040000.0,3040000.0,3025000.0,15000.0,Completed,2023-06-25,2023-08-24,2023-12-09,2023-24,31.65208,75.08607,True
MPLADS-2023-MA-1240,Udayanraje Bhosale,Lok Sabha,Satara (Lok Sabha),Maharashtra,Satara,Karad,Adarsh Nagar,DRDA Satara,Rural Road & Culvert,Construction of cement concrete (CC) internal village road at Adarsh Nagar,880000.0,880000.0,859000.0,21000.0,Completed,2023-06-13,2023-08-05,2023-11-26,2023-24,17.37179,74.16651,True
MPLADS-2023-UP-1241,Kishori Lal Sharma,Lok Sabha,Amethi (Lok Sabha),Uttar Pradesh,Amethi,Tiloi,Vivekananda Nagar,PWD Amethi,Rural Road & Culvert,Bituminous road widening and storm-water drainage culvert in Vivekananda Nagar,6790000.0,6790000.0,5641000.0,1149000.0,In Progress,2021-10-06,2021-11-05,,2023-24,26.27141,81.58946,True
MPLADS-2023-MA-1242,Shahu Chhatrapati,Lok Sabha,Kolhapur (Lok Sabha),Maharashtra,Kolhapur,Panhala,Shivaji Nagar,PWD Kolhapur,Rural Road & Culvert,Inter-hamlet link road paving connecting agricultural mandi to Shivaji Nagar,2190000.0,1752000.0,776000.0,976000.0,In Progress,2022-03-19,2022-04-18,,2023-24,16.41816,74.46497,True
MPLADS-2023-AS-1243,Parimal Suklabaidya,Lok Sabha,Silchar (Lok Sabha),Assam,Cachar,Udharbond,Tagore Pally,Assam PHE Dept,Rural Road & Culvert,Construction of cement concrete (CC) internal village road at Tagore Pally,1680000.0,1680000.0,1273000.0,407000.0,In Progress,2023-07-03,2023-08-22,,2023-24,24.52763,92.91014,True
MPLADS-2023-WB-1244,Kirti Azad,Lok Sabha,Bardhaman-Durgapur (Lok Sabha),West Bengal,Purba Bardhaman,Bhatar,Madhavpuram,Durgapur Municipal Corp,School Classroom & Education,"Erection of protective boundary wall and main gate for Government Senior Secondary School, Madhavpuram",2420000.0,1936000.0,1286000.0,650000.0,In Progress,2022-02-01,2022-03-03,,2023-24,23.55114,88.02446,True
MPLADS-2023-TN-1245,Durai Vaiko,Lok Sabha,Tiruchirappalli (Lok Sabha),Tamil Nadu,Tiruchirappalli,Thuraiyur,Sitarampur,Tiruchirappalli City Corp,Drinking Water Facility,Provision of deep solar-powered borewell with 5000L elevated storage tank at Sitarampur,1130000.0,1130000.0,1086000.0,44000.0,Completed,2023-07-31,2023-08-24,2023-11-08,2023-24,10.99305,78.95369,True
MPLADS-2023-AP-1246,Kesineni Sivanath,Lok Sabha,Vijayawada (Lok Sabha),Andhra Pradesh,NTR / Krishna,Ibrahimpatnam,Vikas Nagar,AP Panchayat Raj Dept,Rural Road & Culvert,Laying of heavy-duty interlocking paver block street in Vikas Nagar settlement,870000.0,435000.0,299000.0,136000.0,In Progress,2023-11-24,2024-01-19,,2023-24,16.43136,80.47099,True
MPLADS-2023-UP-1247,Anurag Sharma,Lok Sabha,Jhansi (Lok Sabha),Uttar Pradesh,Jhansi,Bamaur,Anand Vihar,UP Jal Nigam Jhansi,Sports & Youth Welfare,Development of rural youth sports playground with multi-sport court and chain-link fencing at Anand Vihar,1030000.0,1030000.0,1019000.0,11000.0,Completed,2023-07-02,2023-07-24,2023-11-20,2023-24,25.40556,78.34926,True
MPLADS-2023-MA-1248,Praniti Shinde,Lok Sabha,Solapur (Lok Sabha),Maharashtra,Solapur,North Solapur,Chandrapur,Zilla Parishad Solapur,Drinking Water Facility,Provision of deep solar-powered borewell with 5000L elevated storage tank at Chandrapur,1300000.0,1300000.0,879000.0,421000.0,In Progress,2023-11-26,2024-01-18,,2023-24,17.65313,76.18317,True
MPLADS-2023-TN-1249,Su. Venkatesan,Lok Sabha,Madurai (Lok Sabha),Tamil Nadu,Madurai,Vadipatti,Tilak Nagar,DRDA Madurai,Rural Road & Culvert,Bituminous road widening and storm-water drainage culvert in Tilak Nagar,950000.0,712000.0,298000.0,414000.0,In Progress,2023-05-21,2023-07-18,,2023-24,10.12861,78.37388,True
MPLADS-2023-AP-1250,Kesineni Sivanath,Lok Sabha,Vijayawada (Lok Sabha),Andhra Pradesh,NTR / Krishna,Mylavaram,Khadki,Vijayawada Municipal Corp,Rural Road & Culvert,Construction of reinforced concrete box culvert on arterial approach road at Khadki,1970000.0,1970000.0,1917000.0,53000.0,Completed,2023-11-25,2024-01-22,2024-07-19,2023-24,16.63472,80.78332,True
MPLADS-2023-PU-1251,Gurjeet Singh Aujla,Lok Sabha,Amritsar (Lok Sabha),Punjab,Amritsar,Attari,Bhavani Peth,Amritsar Municipal Corp,Solar & Public Lighting,Installation of solar mini-grid powered street lighting and battery bank at Bhavani Peth,2390000.0,2390000.0,376000.0,2014000.0,Stalled,2021-06-04,2021-07-21,,2023-24,31.83997,74.74681,True
MPLADS-2023-GU-1252,Hasmukh Patel,Lok Sabha,Ahmedabad East (Lok Sabha),Gujarat,Ahmedabad,Vatva,Kaveri Nagar,Ahmedabad Municipal Corp (AMC),Primary Health Sub-Center & Medical,Upgradation of Primary Health Sub-Center with maternity care and diagnostics room at Kaveri Nagar,1360000.0,1360000.0,1312000.0,48000.0,Completed,2024-01-21,2024-02-14,2024-11-29,2023-24,22.68932,72.43335,True
MPLADS-2023-GU-1253,Hemang Joshi,Lok Sabha,Vadodara (Lok Sabha),Gujarat,Vadodara,Dabhoi,Chandrapur,Vadodara Municipal Corp (VMC),School Classroom & Education,"Erection of protective boundary wall and main gate for Government Senior Secondary School, Chandrapur",2330000.0,2330000.0,2283000.0,47000.0,Completed,2023-10-30,2023-12-20,2024-04-21,2023-24,22.02225,73.50839,True
MPLADS-2023-MA-1254,Sandipan Bhumre,Lok Sabha,Aurangabad (Lok Sabha),Maharashtra,Chhatrapati Sambhajinagar,Paithan,Navi Vasti,Zilla Parishad Aurangabad,Primary Health Sub-Center & Medical,Procurement and fabrication of Advanced Life Support (ALS) mobile ambulance for Navi Vasti block,1110000.0,832000.0,619000.0,213000.0,In Progress,2023-05-31,2023-06-25,,2023-24,20.05306,75.09104,True
MPLADS-2023-UP-1255,Ravi Kishan,Lok Sabha,Gorakhpur (Lok Sabha),Uttar Pradesh,Gorakhpur,Sahjanwa,Bhojpur,Gorakhpur Development Authority,Drinking Water Facility,Installation of 1000 LPH RO drinking water purification kiosk in Bhojpur,650000.0,650000.0,603000.0,47000.0,Completed,2023-04-22,2023-05-18,2023-08-14,2023-24,26.8738,83.67107,True
MPLADS-2023-HP-1256,Suresh Kumar Kashyap,Lok Sabha,Shimla (Lok Sabha),Himachal Pradesh,Shimla,Kasumpti,Govindpur,HP PWD,Sanitation & Public Amenities,Modern Sulabh-type public sanitation facility with running water and septic tank in Govindpur bus stand,440000.0,440000.0,427000.0,13000.0,Completed,2023-07-08,2023-08-28,2023-10-29,2023-24,31.07354,77.43721,True
MPLADS-2023-BI-1257,Jitan Ram Manjhi,Lok Sabha,Gaya (Lok Sabha),Bihar,Gaya,Sherghati,Krishnapuram,PHED Bihar,Rural Road & Culvert,Construction of cement concrete (CC) internal village road at Krishnapuram,1350000.0,1350000.0,1295000.0,55000.0,Completed,2023-10-20,2023-12-09,2024-03-10,2023-24,24.8449,84.87885,True
MPLADS-2023-MA-1258,Nitin Gadkari,Lok Sabha,Nagpur (Lok Sabha),Maharashtra,Nagpur,Ramtek,Bhojpur,PWD Nagpur,Rural Road & Culvert,Construction of cement concrete (CC) internal village road at Bhojpur,3020000.0,3020000.0,3008000.0,12000.0,Completed,2023-07-09,2023-08-30,2024-03-04,2023-24,21.38355,78.78441,True
MPLADS-2023-HA-1259,Rao Inderjit Singh,Lok Sabha,Gurgaon (Lok Sabha),Haryana,Gurugram,Pataudi,Anand Vihar,Haryana Shehri Vikas Pradhikaran,School Classroom & Education,"Provision of STEM science laboratory equipment, computer lab furniture and student desks at Anand Vihar",840000.0,840000.0,794000.0,46000.0,Completed,2024-01-24,2024-03-23,2024-07-19,2023-24,28.19256,76.86942,True
MPLADS-2023-KA-1260,Yaduveer Krishnadatta Chamaraja Wadiyar,Lok Sabha,Mysore (Lok Sabha),Karnataka,Mysuru,Heggadadevankote,Ambedkar Basti,Zilla Panchayat Mysuru,Drinking Water Facility,Installation of fluorosis/arsenic filtration drinking water unit in Ambedkar Basti school campus,760000.0,760000.0,718000.0,42000.0,Completed,2023-07-18,2023-08-10,2023-10-13,2023-24,11.96375,76.98247,True
MPLADS-2023-UP-1261,Hema Malini,Lok Sabha,Mathura (Lok Sabha),Uttar Pradesh,Mathura,Vrindavan,Govindpur,UP Jal Nigam,Rural Road & Culvert,Laying of heavy-duty interlocking paver block street in Govindpur settlement,1770000.0,1770000.0,1675000.0,95000.0,Completed,2023-08-21,2023-10-06,2024-01-25,2023-24,27.44426,77.92708,True
MPLADS-2023-UP-1262,Hema Malini,Lok Sabha,Mathura (Lok Sabha),Uttar Pradesh,Mathura,Chaumuhan,Adarsh Nagar,Mathura-Vrindavan Dev Authority,Drinking Water Facility,Deployment of solar water pumping system and distribution cistern in Adarsh Nagar,1280000.0,640000.0,538000.0,102000.0,In Progress,2023-09-23,2023-10-14,,2023-24,27.62151,77.77313,True
MPLADS-2023-WB-1263,Abu Taher Khan,Lok Sabha,Murshidabad (Lok Sabha),West Bengal,Murshidabad,Berhampore,Chandrapur,Zilla Parishad Murshidabad,Rural Road & Culvert,Construction of cement concrete (CC) internal village road at Chandrapur,2350000.0,2350000.0,2271000.0,79000.0,Completed,2023-12-11,2024-01-20,2024-08-05,2023-24,24.45013,88.14578,True
MPLADS-2023-UP-1264,Ruchi Vira,Lok Sabha,Moradabad (Lok Sabha),Uttar Pradesh,Moradabad,Moradabad Rural,Nehru Colony,DRDA Moradabad,Drinking Water Facility,Upgradation of pipeline distribution and community water tap stands in Nehru Colony,940000.0,752000.0,405000.0,347000.0,In Progress,2022-02-20,2022-03-22,,2023-24,28.49051,78.45419,True
MPLADS-2023-UP-1265,Praveen Patel,Lok Sabha,Prayagraj (Lok Sabha),Uttar Pradesh,Prayagraj,Jasra,Khadki,Prayagraj Vikas Pradhikaran,Rural Road & Culvert,Construction of cement concrete (CC) internal village road at Khadki,2920000.0,2190000.0,919000.0,1271000.0,In Progress,2024-01-09,2024-02-19,,2023-24,25.62021,81.55929,True
MPLADS-2023-MA-1266,Sandipan Bhumre,Lok Sabha,Aurangabad (Lok Sabha),Maharashtra,Chhatrapati Sambhajinagar,Vaijapur,Ambedkar Basti,Aurangabad Smart City,Rural Road & Culvert,Construction of reinforced concrete box culvert on arterial approach road at Ambedkar Basti,790000.0,790000.0,744000.0,46000.0,Completed,2023-10-05,2023-12-01,2024-03-27,2023-24,20.20814,75.48631,True
MPLADS-2023-GU-1267,Hasmukh Patel,Lok Sabha,Ahmedabad East (Lok Sabha),Gujarat,Ahmedabad,Naroda,Khadki,R&B Dept Gujarat,Drinking Water Facility,Installation of fluorosis/arsenic filtration drinking water unit in Khadki school campus,450000.0,450000.0,448000.0,2000.0,Completed,2023-11-23,2023-12-11,2024-03-01,2023-24,22.92528,72.59289,True
MPLADS-2023-BI-1268,Gopal Jee Thakur,Lok Sabha,Darbhanga (Lok Sabha),Bihar,Darbhanga,Jale,Balarampur,Darbhanga Municipal Corp,Rural Road & Culvert,Construction of cement concrete (CC) internal village road at Balarampur,2610000.0,2610000.0,2534000.0,76000.0,Completed,2023-04-09,2023-04-25,2023-12-06,2023-24,26.27766,85.85457,True
MPLADS-2023-DE-1269,Bansuri Swaraj,Lok Sabha,New Delhi (Lok Sabha),Delhi,New Delhi,Karol Bagh,Shivpur,Delhi Jal Board,Rural Road & Culvert,Construction of cement concrete (CC) internal village road at Shivpur,2180000.0,1090000.0,861000.0,229000.0,In Progress,2023-07-11,2023-08-16,,2023-24,28.37351,77.42591,True
MPLADS-2023-KA-1270,Yaduveer Krishnadatta Chamaraja Wadiyar,Lok Sabha,Mysore (Lok Sabha),Karnataka,Mysuru,K.R. Nagar,Shanti Nagar,Zilla Panchayat Mysuru,Rural Road & Culvert,Construction of cement concrete (CC) internal village road at Shanti Nagar,1560000.0,936000.0,383000.0,553000.0,In Progress,2021-11-26,2021-12-26,,2023-24,12.63168,76.57149,True
MPLADS-2023-KA-1271,Dr. C. N. Manjunath,Lok Sabha,Bangalore Rural (Lok Sabha),Karnataka,Bangalore Rural,Hosakote,Sitarampur,Zilla Panchayat Bangalore Rural,School Classroom & Education,"Construction of two additional smart classrooms in Zilla Parishad High School, Sitarampur",2030000.0,2030000.0,1963000.0,67000.0,Completed,2023-04-26,2023-05-18,2023-11-10,2023-24,13.11922,77.20875,True
MPLADS-2023-TE-1272,Kadiyam Kavya,Lok Sabha,Warangal (Lok Sabha),Telangana,Warangal,Kazipet,Tagore Pally,Mission Bhagiratha,Rural Road & Culvert,Construction of reinforced concrete box culvert on arterial approach road at Tagore Pally,2770000.0,2770000.0,2711000.0,59000.0,Completed,2023-08-17,2023-10-16,2024-01-30,2023-24,17.84057,79.36458,True
MPLADS-2023-BI-1273,Ravi Shankar Prasad,Lok Sabha,Patna Sahib (Lok Sabha),Bihar,Patna,Bakhtiarpur,Madhavpuram,Bihar Rajya Pul Nirman Nigam,School Classroom & Education,"Installation of rooftop solar generation system and clean drinking facility in Govt School, Madhavpuram",2370000.0,2370000.0,2259000.0,111000.0,Completed,2024-02-05,2024-03-16,2024-05-23,2023-24,25.38316,85.20082,True
MPLADS-2023-ME-1274,Ricky Andrew Syngkon,Lok Sabha,Shillong (Lok Sabha),Meghalaya,East Khasi Hills,Pynursla,Chitrakoot,Shillong Municipal Board,School Classroom & Education,"Provision of STEM science laboratory equipment, computer lab furniture and student desks at Chitrakoot",790000.0,592000.0,229000.0,363000.0,In Progress,2023-05-21,2023-06-29,,2023-24,25.26317,91.87922,True
MPLADS-2023-BI-1275,Ajay Kumar Mandal,Lok Sabha,Bhagalpur (Lok Sabha),Bihar,Bhagalpur,Sultanganj,Shivaji Nagar,Bhagalpur Smart City,Community Infrastructure,Development of public cultural center and community shed at Shivaji Nagar,2240000.0,2240000.0,2181000.0,59000.0,Completed,2023-12-20,2024-02-17,2024-07-15,2023-24,25.58947,86.94645,True
MPLADS-2023-UP-1276,Ravi Kishan,Lok Sabha,Gorakhpur (Lok Sabha),Uttar Pradesh,Gorakhpur,Chargawan,Shanti Nagar,UP Jal Nigam Gorakhpur,Solar & Public Lighting,Erection of high-mast 16-meter LED solar illumination tower near market square in Shanti Nagar,270000.0,270000.0,228000.0,42000.0,In Progress,2023-04-27,2023-06-10,,2023-24,26.48458,83.31072,True
MPLADS-2023-MA-1277,Murlidhar Mohol,Lok Sabha,Pune (Lok Sabha),Maharashtra,Pune,Shirur,Ambedkar Basti,PWD Pune Division,Rural Road & Culvert,Bituminous road widening and storm-water drainage culvert in Ambedkar Basti,1610000.0,1610000.0,1596000.0,14000.0,Completed,2024-02-09,2024-04-08,2024-12-03,2023-24,18.48441,73.60932,True
